Produto;Filial;DataEvento;MesHorizonte;QtdComprar;ValorCompra;Urgencia;Classe;Fornecedor;CicloDias;FrequenciaAno
PC000335;Loja Norte;11/09/2026;1;18,0;7691,24;🔴 Prioritário (até 30 dias);A;Fornecedor Delta;13,0;28,3
PC000335;Loja Norte;26/09/2026;2;17,0;7645,74;🟡 Planejado;A;Fornecedor Delta;13,0;28,3
PC000335;Loja Norte;11/10/2026;2;17,0;7645,72;🟡 Planejado;A;Fornecedor Delta;13,0;28,3
PC000335;Loja Norte;26/10/2026;3;17,0;7645,76;🟡 Planejado;A;Fornecedor Delta;13,0;28,3
PC000335;Loja Norte;11/11/2026;3;19,0;8155,45;🟡 Planejado;A;Fornecedor Delta;13,0;28,3
PC000335;Loja Norte;26/11/2026;4;17,0;7645,76;🟡 Planejado;A;Fornecedor Delta;13,0;28,3
PC000335;Loja Norte;11/12/2026;4;17,0;7645,74;🟡 Planejado;A;Fornecedor Delta;13,0;28,3
PC000335;Loja Norte;26/12/2026;5;17,0;7645,76;🟡 Planejado;A;Fornecedor Delta;13,0;28,3
PC000335;Loja Norte;10/01/2027;5;17,0;7645,75;🟡 Planejado;A;Fornecedor Delta;13,0;28,3
PC000335;Loja Norte;25/01/2027;6;17,0;7645,77;🟡 Planejado;A;Fornecedor Delta;13,0;28,3
PC000118;Loja Norte;16/09/2026;2;14,0;5607,38;🟡 Planejado;A;Fornecedor Gamma;16,0;22,9
PC000118;Loja Norte;02/10/2026;2;15,0;5953,72;🟡 Planejado;A;Fornecedor Gamma;16,0;22,9
PC000118;Loja Norte;18/10/2026;3;15,0;5953,13;🟡 Planejado;A;Fornecedor Gamma;16,0;22,9
PC000118;Loja Norte;03/11/2026;3;15,0;5953,46;🟡 Planejado;A;Fornecedor Gamma;16,0;22,9
PC000118;Loja Norte;19/11/2026;4;15,0;5953,19;🟡 Planejado;A;Fornecedor Gamma;16,0;22,9
PC000118;Loja Norte;05/12/2026;4;15,0;5953,34;🟡 Planejado;A;Fornecedor Gamma;16,0;22,9
PC000118;Loja Norte;21/12/2026;5;15,0;5953,22;🟡 Planejado;A;Fornecedor Gamma;16,0;22,9
PC000118;Loja Norte;06/01/2027;5;15,0;5953,29;🟡 Planejado;A;Fornecedor Gamma;16,0;22,9
PC000118;Loja Norte;22/01/2027;6;15,0;5953,23;🟡 Planejado;A;Fornecedor Gamma;16,0;22,9
PC000118;Loja Norte;06/02/2027;6;14,0;5581,19;🟡 Planejado;A;Fornecedor Gamma;16,0;22,9
PC000699;Loja Norte;28/08/2026;1;12,0;5211,4;🔴 Prioritário (até 30 dias);A;Fornecedor Beta;19,0;18,9
PC000699;Loja Norte;13/09/2026;2;12,0;5399,65;🟡 Planejado;A;Fornecedor Beta;19,0;18,9
PC000699;Loja Norte;29/09/2026;2;12,0;5399,65;🟡 Planejado;A;Fornecedor Beta;19,0;18,9
PC000699;Loja Norte;14/10/2026;3;12,0;5062,18;🟡 Planejado;A;Fornecedor Beta;19,0;18,9
PC000699;Loja Norte;29/10/2026;3;12,0;5062,17;🟡 Planejado;A;Fornecedor Beta;19,0;18,9
PC000699;Loja Norte;13/11/2026;4;12,0;5062,17;🟡 Planejado;A;Fornecedor Beta;19,0;18,9
PC000699;Loja Norte;28/11/2026;4;12,0;5062,17;🟡 Planejado;A;Fornecedor Beta;19,0;18,9
PC000699;Loja Norte;13/12/2026;5;12,0;5062,18;🟡 Planejado;A;Fornecedor Beta;19,0;18,9
PC000699;Loja Norte;29/12/2026;5;12,0;5399,65;🟡 Planejado;A;Fornecedor Beta;19,0;18,9
PC000699;Loja Norte;14/01/2027;6;12,0;5399,65;🟡 Planejado;A;Fornecedor Beta;19,0;18,9
PC000699;Loja Norte;30/01/2027;6;12,0;5399,65;🟡 Planejado;A;Fornecedor Beta;19,0;18,9
PC000235;Loja Norte;06/09/2026;1;16,0;4837,79;🔴 Prioritário (até 30 dias);A;Fornecedor Beta;15,0;24,9
PC000235;Loja Norte;21/09/2026;2;16,0;4660,53;🟡 Planejado;A;Fornecedor Beta;15,0;25,2
PC000235;Loja Norte;07/10/2026;2;17,0;4899,29;🟡 Planejado;A;Fornecedor Beta;15,0;25,2
PC000235;Loja Norte;22/10/2026;3;16,0;4636,03;🟡 Planejado;A;Fornecedor Beta;14,0;25,3
PC000235;Loja Norte;07/11/2026;3;17,0;4916,47;🟡 Planejado;A;Fornecedor Beta;14,0;25,3
PC000235;Loja Norte;22/11/2026;4;16,0;4626,01;🟡 Planejado;A;Fornecedor Beta;14,0;25,3
PC000235;Loja Norte;07/12/2026;4;16,0;4615,34;🟡 Planejado;A;Fornecedor Beta;14,0;25,3
PC000235;Loja Norte;22/12/2026;5;16,0;4621,76;🟡 Planejado;A;Fornecedor Beta;14,0;25,3
PC000235;Loja Norte;06/01/2027;5;16,0;4617,69;🟡 Planejado;A;Fornecedor Beta;14,0;25,3
PC000235;Loja Norte;21/01/2027;6;16,0;4620,15;🟡 Planejado;A;Fornecedor Beta;14,0;25,3
PC000235;Loja Norte;06/02/2027;6;17,0;4926,5;🟡 Planejado;A;Fornecedor Beta;14,0;25,3
PC000313;Loja Norte;16/08/2026;1;15,0;3841,02;🚨 Urgente (até 7 dias);A;Fornecedor Delta;15,0;24,6
PC000313;Loja Norte;31/08/2026;1;15,0;3791,7;🔴 Prioritário (até 30 dias);A;Fornecedor Delta;15,0;24,6
PC000313;Loja Norte;15/09/2026;2;15,0;3791,71;🟡 Planejado;A;Fornecedor Delta;15,0;24,6
PC000313;Loja Norte;01/10/2026;2;16,0;4044,48;🟡 Planejado;A;Fornecedor Delta;15,0;24,6
PC000313;Loja Norte;16/10/2026;3;15,0;3791,71;🟡 Planejado;A;Fornecedor Delta;15,0;24,6
PC000313;Loja Norte;01/11/2026;3;16,0;4044,49;🟡 Planejado;A;Fornecedor Delta;15,0;24,6
PC000313;Loja Norte;16/11/2026;4;15,0;3791,71;🟡 Planejado;A;Fornecedor Delta;15,0;24,6
PC000313;Loja Norte;02/12/2026;4;16,0;4044,49;🟡 Planejado;A;Fornecedor Delta;15,0;24,6
PC000313;Loja Norte;18/12/2026;5;16,0;4044,49;🟡 Planejado;A;Fornecedor Delta;15,0;24,6
PC000313;Loja Norte;03/01/2027;5;16,0;4044,49;🟡 Planejado;A;Fornecedor Delta;15,0;24,6
PC000313;Loja Norte;18/01/2027;6;15,0;3791,72;🟡 Planejado;A;Fornecedor Delta;15,0;24,6
PC000313;Loja Norte;02/02/2027;6;15,0;3791,71;🟡 Planejado;A;Fornecedor Delta;15,0;24,6
PC000996;Loja Norte;14/08/2026;1;17,0;5085,92;🚨 Urgente (até 7 dias);A;Fornecedor Alfa;16,0;22,8
PC000996;Loja Norte;30/08/2026;1;15,0;4472,96;🔴 Prioritário (até 30 dias);A;Fornecedor Alfa;16,0;22,8
PC000996;Loja Norte;16/09/2026;2;13,0;3781,24;🟡 Planejado;A;Fornecedor Alfa;18,0;20,5
PC000996;Loja Norte;02/10/2026;2;13,0;4015,89;🟡 Planejado;A;Fornecedor Alfa;18,0;20,5
PC000996;Loja Norte;13/10/2026;3;18,0;5517,74;🟡 Planejado;A;Fornecedor Alfa;13,0;27,7
PC000996;Loja Norte;28/10/2026;3;17,0;5098,84;🟡 Planejado;A;Fornecedor Alfa;13,0;27,7
PC000996;Loja Norte;12/11/2026;4;19,0;5674,81;🟡 Planejado;A;Fornecedor Alfa;12,0;29,2
PC000996;Loja Norte;27/11/2026;4;18,0;5377,54;🟡 Planejado;A;Fornecedor Alfa;12,0;29,2
PC000996;Loja Norte;17/12/2026;5;14,0;4255,28;🟡 Planejado;A;Fornecedor Alfa;16,0;22,6
PC000996;Loja Norte;01/01/2027;5;14,0;4163,05;🟡 Planejado;A;Fornecedor Alfa;16,0;22,6
PC000996;Loja Norte;17/01/2027;6;14,0;4143,48;🟡 Planejado;A;Fornecedor Alfa;17,0;22,0
PC000996;Loja Norte;02/02/2027;6;14,0;4312,11;🟡 Planejado;A;Fornecedor Alfa;17,0;22,0
PC000591;Loja Norte;12/09/2026;1;14,0;4453,58;🔴 Prioritário (até 30 dias);A;Fornecedor Beta;16,0;22,8
PC000591;Loja Norte;27/09/2026;2;14,0;4411,04;🟡 Planejado;A;Fornecedor Beta;16,0;22,8
PC000591;Loja Norte;13/10/2026;3;15,0;4705,11;🟡 Planejado;A;Fornecedor Beta;16,0;22,8
PC000591;Loja Norte;28/10/2026;3;14,0;4411,03;🟡 Planejado;A;Fornecedor Beta;16,0;22,8
PC000591;Loja Norte;12/11/2026;4;14,0;4411,04;🟡 Planejado;A;Fornecedor Beta;16,0;22,8
PC000591;Loja Norte;27/11/2026;4;14,0;4411,04;🟡 Planejado;A;Fornecedor Beta;16,0;22,8
PC000591;Loja Norte;12/12/2026;5;14,0;4411,04;🟡 Planejado;A;Fornecedor Beta;16,0;22,8
PC000591;Loja Norte;28/12/2026;5;15,0;4705,11;🟡 Planejado;A;Fornecedor Beta;16,0;22,8
PC000591;Loja Norte;12/01/2027;6;14,0;4411,05;🟡 Planejado;A;Fornecedor Beta;16,0;22,8
PC000591;Loja Norte;28/01/2027;6;15,0;4705,11;🟡 Planejado;A;Fornecedor Beta;16,0;22,8
PC000673;Loja Norte;17/09/2026;2;9,0;3643,47;🟡 Planejado;A;Fornecedor Gamma;24,0;14,9
PC000673;Loja Norte;02/10/2026;2;9,0;3605,73;🟡 Planejado;A;Fornecedor Gamma;24,0;14,9
PC000673;Loja Norte;13/10/2026;3;14,0;5604,73;🟡 Planejado;A;Fornecedor Gamma;17,0;20,9
PC000673;Loja Norte;29/10/2026;3;14,0;5374,13;🟡 Planejado;A;Fornecedor Gamma;17,0;20,9
PC000673;Loja Norte;12/11/2026;4;17,0;6528,27;🟡 Planejado;A;Fornecedor Gamma;15,0;24,5
PC000673;Loja Norte;27/11/2026;4;15,0;5921,75;🟡 Planejado;A;Fornecedor Gamma;15,0;24,5
PC000673;Loja Norte;19/12/2026;5;11,0;4235,22;🟡 Planejado;A;Fornecedor Gamma;21,0;17,3
PC000673;Loja Norte;04/01/2027;5;11,0;4442,84;🟡 Planejado;A;Fornecedor Gamma;21,0;17,3
PC000673;Loja Norte;18/01/2027;6;12,0;4657,86;🟡 Planejado;A;Fornecedor Gamma;20,0;18,5
PC000673;Loja Norte;02/02/2027;6;11,0;4469,26;🟡 Planejado;A;Fornecedor Gamma;20,0;18,5
PC000656;Loja Norte;06/11/2026;3;14,0;5758,42;🟡 Planejado;A;Fornecedor Alfa;17,0;21,2
PC000656;Loja Norte;19/11/2026;4;14,0;6035,48;🟡 Planejado;A;Fornecedor Alfa;16,0;23,1
PC000656;Loja Norte;05/12/2026;4;15,0;6407,94;🟡 Planejado;A;Fornecedor Alfa;16,0;23,1
PC000656;Loja Norte;26/12/2026;5;12,0;5214,35;🟡 Planejado;A;Fornecedor Alfa;19,0;19,0
PC000656;Loja Norte;11/01/2027;6;14,0;5795,36;🟡 Planejado;A;Fornecedor Alfa;18,0;20,0
PC000656;Loja Norte;26/01/2027;6;12,0;5195,54;🟡 Planejado;A;Fornecedor Alfa;18,0;20,0
PC000149;Loja Norte;14/09/2026;2;8,0;3004,79;🟡 Planejado;A;Fornecedor Beta;30,0;12,2
PC000149;Loja Norte;30/09/2026;2;8,0;3077,56;🟡 Planejado;A;Fornecedor Beta;30,0;12,2
PC000149;Loja Norte;13/10/2026;3;13,0;5039,48;🟡 Planejado;A;Fornecedor Beta;21,0;17,4
PC000149;Loja Norte;29/10/2026;3;11,0;4387,99;🟡 Planejado;A;Fornecedor Beta;21,0;17,4
PC000149;Loja Norte;12/11/2026;4;14,0;5269,96;🟡 Planejado;A;Fornecedor Beta;18,0;20,3
PC000149;Loja Norte;28/11/2026;4;13,0;5126,3;🟡 Planejado;A;Fornecedor Beta;18,0;20,3
PC000149;Loja Norte;19/12/2026;5;9,0;3559,71;🟡 Planejado;A;Fornecedor Beta;24,0;15,0
PC000149;Loja Norte;04/01/2027;5;10,0;3792,17;🟡 Planejado;A;Fornecedor Beta;24,0;15,0
PC000149;Loja Norte;20/01/2027;6;9,0;3539,22;🟡 Planejado;A;Fornecedor Beta;25,0;14,6
PC000149;Loja Norte;05/02/2027;6;10,0;3690,99;🟡 Planejado;A;Fornecedor Beta;25,0;14,6
PC000751;Loja Norte;02/09/2026;1;15,0;3630,3;🔴 Prioritário (até 30 dias);A;Fornecedor Gamma;16,0;23,3
PC000751;Loja Norte;19/09/2026;2;14,0;3405,81;🟡 Planejado;A;Fornecedor Gamma;17,0;21,7
PC000751;Loja Norte;05/10/2026;2;14,0;3496,99;🟡 Planejado;A;Fornecedor Gamma;17,0;21,7
PC000751;Loja Norte;15/10/2026;3;18,0;4362,86;🟡 Planejado;A;Fornecedor Gamma;13,0;28,3
PC000751;Loja Norte;30/10/2026;3;17,0;4268,08;🟡 Planejado;A;Fornecedor Gamma;13,0;28,3
PC000751;Loja Norte;12/11/2026;4;21,0;5183,29;🟡 Planejado;A;Fornecedor Gamma;11,0;33,1
PC000751;Loja Norte;27/11/2026;4;20,0;4986,28;🟡 Planejado;A;Fornecedor Gamma;11,0;33,1
PC000751;Loja Norte;19/12/2026;5;15,0;3644,57;🟡 Planejado;A;Fornecedor Gamma;16,0;23,5
PC000751;Loja Norte;04/01/2027;5;15,0;3774,01;🟡 Planejado;A;Fornecedor Gamma;16,0;23,5
PC000751;Loja Norte;18/01/2027;6;16,0;3994,77;🟡 Planejado;A;Fornecedor Gamma;14,0;25,3
PC000751;Loja Norte;03/02/2027;6;17,0;4065,59;🟡 Planejado;A;Fornecedor Gamma;14,0;25,3
PC000668;Loja Norte;04/11/2026;3;10,0;4183,53;🟡 Planejado;A;Fornecedor Beta;23,0;16,0
PC000668;Loja Norte;16/11/2026;4;11,0;4773,98;🟡 Planejado;A;Fornecedor Beta;20,0;18,4
PC000668;Loja Norte;01/12/2026;4;11,0;4765,1;🟡 Planejado;A;Fornecedor Beta;20,0;18,4
PC000668;Loja Norte;24/12/2026;5;8,0;3449,09;🟡 Planejado;A;Fornecedor Beta;28,0;13,2
PC000668;Loja Norte;09/01/2027;5;9,0;3647,46;🟡 Planejado;A;Fornecedor Beta;28,0;13,2
PC000668;Loja Norte;23/01/2027;6;8,0;3549,61;🟡 Planejado;A;Fornecedor Beta;27,0;13,7
PC000668;Loja Norte;08/02/2027;6;9,0;3780,7;🟡 Planejado;A;Fornecedor Beta;27,0;13,7
PC000855;Loja Norte;06/09/2026;1;9,0;3736,78;🔴 Prioritário (até 30 dias);A;Fornecedor Beta;26,0;14,0
PC000855;Loja Norte;22/09/2026;2;9,0;3664,93;🟡 Planejado;A;Fornecedor Beta;27,0;13,8
PC000855;Loja Norte;07/10/2026;2;8,0;3515,77;🟡 Planejado;A;Fornecedor Beta;27,0;13,8
PC000855;Loja Norte;16/10/2026;3;11,0;4691,07;🟡 Planejado;A;Fornecedor Beta;20,0;18,2
PC000855;Loja Norte;31/10/2026;3;11,0;4654,72;🟡 Planejado;A;Fornecedor Beta;20,0;18,2
PC000855;Loja Norte;14/11/2026;4;12,0;5143,29;🟡 Planejado;A;Fornecedor Beta;19,0;19,7
PC000855;Loja Norte;30/11/2026;4;13,0;5352,37;🟡 Planejado;A;Fornecedor Beta;19,0;19,7
PC000855;Loja Norte;22/12/2026;5;10,0;3958,71;🟡 Planejado;A;Fornecedor Beta;25,0;14,8
PC000855;Loja Norte;06/01/2027;5;9,0;3773,65;🟡 Planejado;A;Fornecedor Beta;25,0;14,8
PC000855;Loja Norte;19/01/2027;6;10,0;4213,7;🟡 Planejado;A;Fornecedor Beta;23,0;16,2
PC000855;Loja Norte;03/02/2027;6;10,0;4136,42;🟡 Planejado;A;Fornecedor Beta;23,0;16,2
PC000635;Loja Norte;24/12/2026;5;9,0;3747,89;🟡 Planejado;A;Fornecedor Alfa;26,0;14,0
PC000635;Loja Norte;09/01/2027;5;9,0;3853,91;🟡 Planejado;A;Fornecedor Alfa;26,0;14,0
PC000635;Loja Norte;25/01/2027;6;9,0;3853,9;🟡 Planejado;A;Fornecedor Alfa;26,0;14,0
PC000635;Loja Norte;09/02/2027;6;9,0;3613,04;🟡 Planejado;A;Fornecedor Alfa;26,0;14,0
PC000168;Loja Norte;16/09/2026;2;15,0;3523,23;🟡 Planejado;A;Fornecedor Delta;15,0;24,0
PC000168;Loja Norte;01/10/2026;2;15,0;3435,31;🟡 Planejado;A;Fornecedor Delta;15,0;24,0
PC000168;Loja Norte;13/10/2026;3;18,0;4127,62;🟡 Planejado;A;Fornecedor Delta;13,0;28,7
PC000168;Loja Norte;28/10/2026;3;18,0;4102,75;🟡 Planejado;A;Fornecedor Delta;13,0;28,7
PC000168;Loja Norte;12/11/2026;4;25,0;5921,72;🟡 Planejado;A;Fornecedor Delta;10,0;34,8
PC000168;Loja Norte;27/11/2026;4;21,0;4982,9;🟡 Planejado;A;Fornecedor Delta;10,0;34,8
PC000168;Loja Norte;18/12/2026;5;17,0;3986,9;🟡 Planejado;A;Fornecedor Delta;14,0;26,3
PC000168;Loja Norte;02/01/2027;5;16,0;3771,08;🟡 Planejado;A;Fornecedor Delta;14,0;26,3
PC000168;Loja Norte;18/01/2027;6;16,0;3785,37;🟡 Planejado;A;Fornecedor Delta;14,0;25,7
PC000168;Loja Norte;03/02/2027;6;17,0;3922,65;🟡 Planejado;A;Fornecedor Delta;14,0;25,7
PC000875;Loja Norte;29/08/2026;1;12,0;4031,59;🔴 Prioritário (até 30 dias);A;Fornecedor Delta;20,0;18,6
PC000875;Loja Norte;14/09/2026;2;12,0;4048,06;🟡 Planejado;A;Fornecedor Delta;20,0;18,6
PC000875;Loja Norte;29/09/2026;2;11,0;3799,48;🟡 Planejado;A;Fornecedor Delta;20,0;18,6
PC000875;Loja Norte;15/10/2026;3;12,0;4049,47;🟡 Planejado;A;Fornecedor Delta;20,0;18,6
PC000875;Loja Norte;31/10/2026;3;12,0;4051,17;🟡 Planejado;A;Fornecedor Delta;20,0;18,6
PC000875;Loja Norte;16/11/2026;4;12,0;4049,98;🟡 Planejado;A;Fornecedor Delta;20,0;18,6
PC000875;Loja Norte;01/12/2026;4;11,0;3797,46;🟡 Planejado;A;Fornecedor Delta;20,0;18,6
PC000875;Loja Norte;17/12/2026;5;12,0;4050,2;🟡 Planejado;A;Fornecedor Delta;20,0;18,6
PC000875;Loja Norte;02/01/2027;5;12,0;4050,44;🟡 Planejado;A;Fornecedor Delta;20,0;18,6
PC000875;Loja Norte;18/01/2027;6;12,0;4050,29;🟡 Planejado;A;Fornecedor Delta;20,0;18,6
PC000875;Loja Norte;02/02/2027;6;11,0;3797,23;🟡 Planejado;A;Fornecedor Delta;20,0;18,6
PC000099;Loja Norte;28/08/2026;1;9,0;3031,56;🔴 Prioritário (até 30 dias);A;Fornecedor Beta;27,0;13,3
PC000099;Loja Norte;12/09/2026;1;8,0;2890,95;🔴 Prioritário (até 30 dias);A;Fornecedor Beta;27,0;13,3
PC000099;Loja Norte;27/09/2026;2;8,0;2996,79;🟡 Planejado;A;Fornecedor Beta;27,0;13,5
PC000099;Loja Norte;13/10/2026;3;9,0;3157,9;🟡 Planejado;A;Fornecedor Beta;27,0;13,5
PC000099;Loja Norte;29/10/2026;3;9,0;3140,19;🟡 Planejado;A;Fornecedor Beta;27,0;13,5
PC000099;Loja Norte;13/11/2026;4;8,0;2962,89;🟡 Planejado;A;Fornecedor Beta;27,0;13,6
PC000099;Loja Norte;28/11/2026;4;8,0;2952,82;🟡 Planejado;A;Fornecedor Beta;27,0;13,6
PC000099;Loja Norte;13/12/2026;5;8,0;2962,33;🟡 Planejado;A;Fornecedor Beta;27,0;13,6
PC000099;Loja Norte;28/12/2026;5;8,0;2957,27;🟡 Planejado;A;Fornecedor Beta;27,0;13,6
PC000099;Loja Norte;12/01/2027;6;8,0;2962,05;🟡 Planejado;A;Fornecedor Beta;27,0;13,6
PC000099;Loja Norte;27/01/2027;6;8,0;2959,51;🟡 Planejado;A;Fornecedor Beta;27,0;13,6
PC000665;Loja Norte;06/01/2027;5;7,0;3275,12;🟡 Planejado;A;Fornecedor Gamma;31,0;11,7
PC000665;Loja Norte;21/01/2027;6;8,0;3392,97;🟡 Planejado;A;Fornecedor Gamma;31,0;12,0
PC000665;Loja Norte;06/02/2027;6;8,0;3511,34;🟡 Planejado;A;Fornecedor Gamma;31,0;12,0
PC000300;Loja Norte;15/08/2026;1;11,0;3517,88;🚨 Urgente (até 7 dias);A;Fornecedor Delta;21,0;17,5
PC000300;Loja Norte;31/08/2026;1;11,0;3680,5;🔴 Prioritário (até 30 dias);A;Fornecedor Delta;21,0;17,5
PC000300;Loja Norte;16/09/2026;2;11,0;3435,94;🟡 Planejado;A;Fornecedor Delta;22,0;16,9
PC000300;Loja Norte;01/10/2026;2;10,0;3342,58;🟡 Planejado;A;Fornecedor Delta;22,0;16,9
PC000300;Loja Norte;17/10/2026;3;11,0;3448,61;🟡 Planejado;A;Fornecedor Delta;22,0;16,7
PC000300;Loja Norte;02/11/2026;3;11,0;3512,02;🟡 Planejado;A;Fornecedor Delta;22,0;16,7
PC000300;Loja Norte;18/11/2026;4;11,0;3454,71;🟡 Planejado;A;Fornecedor Delta;22,0;16,6
PC000300;Loja Norte;04/12/2026;4;11,0;3487,24;🟡 Planejado;A;Fornecedor Delta;22,0;16,6
PC000300;Loja Norte;20/12/2026;5;11,0;3459,21;🟡 Planejado;A;Fornecedor Delta;22,0;16,5
PC000300;Loja Norte;04/01/2027;5;10,0;3258,5;🟡 Planejado;A;Fornecedor Delta;22,0;16,5
PC000300;Loja Norte;20/01/2027;6;11,0;3462,4;🟡 Planejado;A;Fornecedor Delta;22,0;16,5
PC000300;Loja Norte;04/02/2027;6;10,0;3253,5;🟡 Planejado;A;Fornecedor Delta;22,0;16,5
PC000440;Loja Norte;03/10/2026;2;11,0;3483,67;🟡 Planejado;A;Fornecedor Delta;20,0;17,9
PC000440;Loja Norte;14/10/2026;3;15,0;4604,85;🟡 Planejado;A;Fornecedor Delta;16,0;23,2
PC000440;Loja Norte;30/10/2026;3;15,0;4659,16;🟡 Planejado;A;Fornecedor Delta;16,0;23,2
PC000440;Loja Norte;12/11/2026;4;21,0;6568,48;🟡 Planejado;A;Fornecedor Delta;12,0;30,3
PC000440;Loja Norte;28/11/2026;4;20,0;6095,5;🟡 Planejado;A;Fornecedor Delta;12,0;30,3
PC000440;Loja Norte;24/12/2026;5;13,0;3835,91;🟡 Planejado;A;Fornecedor Delta;19,0;19,1
PC000440;Loja Norte;09/01/2027;5;13,0;3837,16;🟡 Planejado;A;Fornecedor Delta;19,0;19,1
PC000440;Loja Norte;22/01/2027;6;14,0;4134,99;🟡 Planejado;A;Fornecedor Delta;17,0;21,0
PC000440;Loja Norte;07/02/2027;6;14,0;4224,71;🟡 Planejado;A;Fornecedor Delta;17,0;21,0
PC000773;Loja Norte;29/09/2026;2;6,0;2494,95;🟡 Planejado;A;Fornecedor Beta;37,0;9,9
PC000773;Loja Norte;13/10/2026;3;11,0;4355,2;🟡 Planejado;A;Fornecedor Beta;26,0;13,9
PC000773;Loja Norte;29/10/2026;3;9,0;3678,0;🟡 Planejado;A;Fornecedor Beta;26,0;13,9
PC000773;Loja Norte;12/11/2026;4;11,0;4472,15;🟡 Planejado;A;Fornecedor Beta;22,0;16,4
PC000773;Loja Norte;28/11/2026;4;11,0;4325,17;🟡 Planejado;A;Fornecedor Beta;22,0;16,4
PC000773;Loja Norte;22/12/2026;5;7,0;2900,92;🟡 Planejado;A;Fornecedor Beta;33,0;11,1
PC000773;Loja Norte;07/01/2027;5;7,0;2925,43;🟡 Planejado;A;Fornecedor Beta;33,0;11,1
PC000773;Loja Norte;20/01/2027;6;8,0;3193,11;🟡 Planejado;A;Fornecedor Beta;30,0;12,3
PC000773;Loja Norte;05/02/2027;6;8,0;3251,91;🟡 Planejado;A;Fornecedor Beta;30,0;12,3
PC000153;Loja Norte;29/09/2026;2;9,0;2821,58;🟡 Planejado;A;Fornecedor Gamma;26,0;14,0
PC000153;Loja Norte;13/10/2026;3;14,0;4327,15;🟡 Planejado;A;Fornecedor Gamma;20,0;18,4
PC000153;Loja Norte;29/10/2026;3;12,0;3830,81;🟡 Planejado;A;Fornecedor Gamma;20,0;18,4
PC000153;Loja Norte;12/11/2026;4;16,0;4976,32;🟡 Planejado;A;Fornecedor Gamma;16,0;22,5
PC000153;Loja Norte;27/11/2026;4;14,0;4377,36;🟡 Planejado;A;Fornecedor Gamma;16,0;22,5
PC000153;Loja Norte;21/12/2026;5;10,0;3109,27;🟡 Planejado;A;Fornecedor Gamma;24,0;15,0
PC000153;Loja Norte;06/01/2027;5;10,0;3111,38;🟡 Planejado;A;Fornecedor Gamma;24,0;15,0
PC000153;Loja Norte;20/01/2027;6;10,0;3285,62;🟡 Planejado;A;Fornecedor Gamma;23,0;16,0
PC000153;Loja Norte;04/02/2027;6;10,0;3128,11;🟡 Planejado;A;Fornecedor Gamma;23,0;16,0
PC000312;Loja Norte;08/10/2026;2;6,0;2534,96;🟡 Planejado;A;Fornecedor Gamma;36,0;10,0
PC000312;Loja Norte;23/10/2026;3;6,0;2538,53;🟡 Planejado;A;Fornecedor Gamma;36,0;10,1
PC000312;Loja Norte;08/11/2026;3;7,0;2678,15;🟡 Planejado;A;Fornecedor Gamma;36,0;10,1
PC000312;Loja Norte;23/11/2026;4;6,0;2532,37;🟡 Planejado;A;Fornecedor Gamma;36,0;10,1
PC000312;Loja Norte;09/12/2026;4;7,0;2686,38;🟡 Planejado;A;Fornecedor Gamma;36,0;10,1
PC000312;Loja Norte;24/12/2026;5;6,0;2529,14;🟡 Planejado;A;Fornecedor Gamma;36,0;10,1
PC000312;Loja Norte;08/01/2027;5;6,0;2522,2;🟡 Planejado;A;Fornecedor Gamma;36,0;10,1
PC000312;Loja Norte;23/01/2027;6;6,0;2527,33;🟡 Planejado;A;Fornecedor Gamma;36,0;10,1
PC000312;Loja Norte;08/02/2027;6;7,0;2692,25;🟡 Planejado;A;Fornecedor Gamma;36,0;10,1
PC000621;Loja Norte;13/09/2026;2;15,0;3299,32;🟡 Planejado;A;Fornecedor Gamma;17,0;21,6
PC000621;Loja Norte;28/09/2026;2;13,0;2847,28;🟡 Planejado;A;Fornecedor Gamma;17,0;21,6
PC000621;Loja Norte;13/10/2026;3;21,0;4412,52;🟡 Planejado;A;Fornecedor Gamma;13,0;27,4
PC000621;Loja Norte;29/10/2026;3;18,0;3844,96;🟡 Planejado;A;Fornecedor Gamma;13,0;27,4
PC000621;Loja Norte;12/11/2026;4;24,0;5162,0;🟡 Planejado;A;Fornecedor Gamma;11,0;34,0
PC000621;Loja Norte;27/11/2026;4;21,0;4474,49;🟡 Planejado;A;Fornecedor Gamma;11,0;34,0
PC000621;Loja Norte;20/12/2026;5;14,0;3010,03;🟡 Planejado;A;Fornecedor Gamma;16,0;22,7
PC000621;Loja Norte;04/01/2027;5;14,0;2993,39;🟡 Planejado;A;Fornecedor Gamma;16,0;22,7
PC000621;Loja Norte;18/01/2027;6;15,0;3170,71;🟡 Planejado;A;Fornecedor Gamma;15,0;23,9
PC000621;Loja Norte;02/02/2027;6;15,0;3142,16;🟡 Planejado;A;Fornecedor Gamma;15,0;23,9
PC000876;Loja Norte;13/10/2026;3;14,0;3494,41;🟡 Planejado;A;Fornecedor Beta;16,0;22,6
PC000876;Loja Norte;29/10/2026;3;15,0;3678,14;🟡 Planejado;A;Fornecedor Beta;16,0;22,6
PC000876;Loja Norte;12/11/2026;4;19,0;4671,95;🟡 Planejado;A;Fornecedor Beta;13,0;27,2
PC000876;Loja Norte;28/11/2026;4;18,0;4428,38;🟡 Planejado;A;Fornecedor Beta;13,0;27,2
PC000876;Loja Norte;19/12/2026;5;13,0;3233,19;🟡 Planejado;A;Fornecedor Beta;18,0;20,5
PC000876;Loja Norte;03/01/2027;5;13,0;3133,56;🟡 Planejado;A;Fornecedor Beta;18,0;20,5
PC000876;Loja Norte;18/01/2027;6;14,0;3428,64;🟡 Planejado;A;Fornecedor Beta;17,0;21,3
PC000876;Loja Norte;03/02/2027;6;14,0;3466,71;🟡 Planejado;A;Fornecedor Beta;17,0;21,3
PC000600;Loja Norte;22/01/2027;6;6,0;2440,92;🟡 Planejado;A;Fornecedor Gamma;39,0;9,4
PC000600;Loja Norte;06/02/2027;6;6,0;2326,68;🟡 Planejado;A;Fornecedor Gamma;39,0;9,4
PC000210;Loja Norte;05/10/2026;2;7,0;3191,36;🟡 Planejado;A;Fornecedor Beta;33,0;11,0
PC000210;Loja Norte;20/10/2026;3;7,0;3162,28;🟡 Planejado;A;Fornecedor Beta;33,0;11,2
PC000210;Loja Norte;04/11/2026;3;7,0;3093,09;🟡 Planejado;A;Fornecedor Beta;33,0;11,2
PC000210;Loja Norte;19/11/2026;4;7,0;3141,7;🟡 Planejado;A;Fornecedor Beta;32,0;11,3
PC000210;Loja Norte;04/12/2026;4;7,0;3112,28;🟡 Planejado;A;Fornecedor Beta;32,0;11,3
PC000210;Loja Norte;19/12/2026;5;7,0;3132,96;🟡 Planejado;A;Fornecedor Beta;32,0;11,3
PC000210;Loja Norte;04/01/2027;5;7,0;3328,47;🟡 Planejado;A;Fornecedor Beta;32,0;11,3
PC000210;Loja Norte;19/01/2027;6;7,0;3129,46;🟡 Planejado;A;Fornecedor Beta;32,0;11,3
PC000210;Loja Norte;04/02/2027;6;7,0;3332,17;🟡 Planejado;A;Fornecedor Beta;32,0;11,3
PC000295;Loja Norte;17/09/2026;2;6,0;2316,71;🟡 Planejado;A;Fornecedor Alfa;35,0;10,3
PC000295;Loja Norte;03/10/2026;2;7,0;2450,19;🟡 Planejado;A;Fornecedor Alfa;35,0;10,3
PC000295;Loja Norte;13/10/2026;3;9,0;3197,84;🟡 Planejado;A;Fornecedor Alfa;26,0;13,9
PC000295;Loja Norte;29/10/2026;3;9,0;3310,31;🟡 Planejado;A;Fornecedor Alfa;26,0;13,9
PC000295;Loja Norte;12/11/2026;4;13,0;4833,27;🟡 Planejado;A;Fornecedor Alfa;20,0;18,1
PC000295;Loja Norte;28/11/2026;4;12,0;4309,92;🟡 Planejado;A;Fornecedor Alfa;20,0;18,1
PC000295;Loja Norte;20/12/2026;5;8,0;3057,87;🟡 Planejado;A;Fornecedor Alfa;28,0;13,2
PC000295;Loja Norte;04/01/2027;5;8,0;2937,37;🟡 Planejado;A;Fornecedor Alfa;28,0;13,2
PC000295;Loja Norte;20/01/2027;6;8,0;2897,83;🟡 Planejado;A;Fornecedor Alfa;29,0;12,8
PC000295;Loja Norte;04/02/2027;6;8,0;2849,11;🟡 Planejado;A;Fornecedor Alfa;29,0;12,8
PC000896;Loja Norte;29/10/2026;3;9,0;3022,31;🟡 Planejado;A;Fornecedor Beta;26,0;14,1
PC000896;Loja Norte;13/11/2026;4;9,0;2922,2;🟡 Planejado;A;Fornecedor Beta;26,0;14,2
PC000896;Loja Norte;28/11/2026;4;9,0;2901,02;🟡 Planejado;A;Fornecedor Beta;26,0;14,2
PC000896;Loja Norte;13/12/2026;5;9,0;2922,19;🟡 Planejado;A;Fornecedor Beta;26,0;14,2
PC000896;Loja Norte;28/12/2026;5;9,0;2910,94;🟡 Planejado;A;Fornecedor Beta;26,0;14,2
PC000896;Loja Norte;12/01/2027;6;9,0;2922,19;🟡 Planejado;A;Fornecedor Beta;26,0;14,2
PC000896;Loja Norte;28/01/2027;6;9,0;3110,63;🟡 Planejado;A;Fornecedor Beta;26,0;14,2
PC000802;Loja Norte;10/10/2026;2;7,0;2479,87;🟡 Planejado;A;Fornecedor Gamma;32,0;11,3
PC000802;Loja Norte;18/10/2026;3;10,0;3308,73;🟡 Planejado;A;Fornecedor Gamma;24,0;15,5
PC000802;Loja Norte;02/11/2026;3;10,0;3194,51;🟡 Planejado;A;Fornecedor Gamma;24,0;15,5
PC000802;Loja Norte;16/11/2026;4;11,0;3696,57;🟡 Planejado;A;Fornecedor Gamma;21,0;17,0
PC000802;Loja Norte;02/12/2026;4;11,0;3734,34;🟡 Planejado;A;Fornecedor Gamma;21,0;17,0
PC000802;Loja Norte;26/12/2026;5;8,0;2675,62;🟡 Planejado;A;Fornecedor Gamma;30,0;12,3
PC000802;Loja Norte;10/01/2027;5;8,0;2525,65;🟡 Planejado;A;Fornecedor Gamma;30,0;12,3
PC000802;Loja Norte;27/01/2027;6;7,0;2497,44;🟡 Planejado;A;Fornecedor Gamma;31,0;11,7
PC000007;Loja Norte;14/08/2026;1;9,0;2687,21;🚨 Urgente (até 7 dias);A;Fornecedor Delta;28,0;13,0
PC000007;Loja Norte;29/08/2026;1;8,0;2515,71;🔴 Prioritário (até 30 dias);A;Fornecedor Delta;28,0;13,0
PC000007;Loja Norte;13/09/2026;2;9,0;2715,38;🟡 Planejado;A;Fornecedor Delta;27,0;13,5
PC000007;Loja Norte;29/09/2026;2;9,0;2786,48;🟡 Planejado;A;Fornecedor Delta;27,0;13,5
PC000007;Loja Norte;13/10/2026;3;12,0;3845,28;🟡 Planejado;A;Fornecedor Delta;21,0;17,0
PC000007;Loja Norte;29/10/2026;3;11,0;3512,73;🟡 Planejado;A;Fornecedor Delta;21,0;17,0
PC000007;Loja Norte;12/11/2026;4;14,0;4354,38;🟡 Planejado;A;Fornecedor Delta;18,0;20,2
PC000007;Loja Norte;28/11/2026;4;13,0;4173,76;🟡 Planejado;A;Fornecedor Delta;18,0;20,2
PC000007;Loja Norte;19/12/2026;5;9,0;2938,9;🟡 Planejado;A;Fornecedor Delta;24,0;15,0
PC000007;Loja Norte;04/01/2027;5;10,0;3104,64;🟡 Planejado;A;Fornecedor Delta;24,0;15,0
PC000007;Loja Norte;22/01/2027;6;9,0;2761,55;🟡 Planejado;A;Fornecedor Delta;27,0;13,7
PC000007;Loja Norte;06/02/2027;6;8,0;2649,47;🟡 Planejado;A;Fornecedor Delta;27,0;13,7
PC000425;Loja Norte;31/10/2026;3;7,0;2952,98;🟡 Planejado;A;Fornecedor Delta;36,0;10,3
PC000425;Loja Norte;14/11/2026;4;7,0;3211,37;🟡 Planejado;A;Fornecedor Delta;32,0;11,2
PC000425;Loja Norte;29/11/2026;4;7,0;3075,58;🟡 Planejado;A;Fornecedor Delta;32,0;11,2
PC000425;Loja Norte;21/12/2026;5;5,0;2318,37;🟡 Planejado;A;Fornecedor Delta;44,0;8,2
PC000425;Loja Norte;06/01/2027;5;5,0;2403,63;🟡 Planejado;A;Fornecedor Delta;44,0;8,2
PC000425;Loja Norte;20/01/2027;6;6,0;2601,45;🟡 Planejado;A;Fornecedor Delta;41,0;8,9
PC000425;Loja Norte;04/02/2027;6;5,0;2440,25;🟡 Planejado;A;Fornecedor Delta;41,0;8,9
PC000207;Loja Norte;07/09/2026;1;7,0;2141,2;🔴 Prioritário (até 30 dias);A;Fornecedor Delta;33,0;11,0
PC000207;Loja Norte;22/09/2026;2;7,0;2209,83;🟡 Planejado;A;Fornecedor Delta;33,0;11,2
PC000207;Loja Norte;08/10/2026;2;7,0;2287,85;🟡 Planejado;A;Fornecedor Delta;33,0;11,2
PC000207;Loja Norte;23/10/2026;3;7,0;2190,63;🟡 Planejado;A;Fornecedor Delta;32,0;11,3
PC000207;Loja Norte;07/11/2026;3;7,0;2161,61;🟡 Planejado;A;Fornecedor Delta;32,0;11,3
PC000207;Loja Norte;22/11/2026;4;7,0;2181,27;🟡 Planejado;A;Fornecedor Delta;32,0;11,3
PC000207;Loja Norte;07/12/2026;4;7,0;2168,8;🟡 Planejado;A;Fornecedor Delta;32,0;11,3
PC000207;Loja Norte;22/12/2026;5;7,0;2177,24;🟡 Planejado;A;Fornecedor Delta;32,0;11,4
PC000207;Loja Norte;07/01/2027;5;7,0;2316,68;🟡 Planejado;A;Fornecedor Delta;32,0;11,4
PC000207;Loja Norte;22/01/2027;6;7,0;2175,6;🟡 Planejado;A;Fornecedor Delta;32,0;11,4
PC000207;Loja Norte;06/02/2027;6;7,0;2173,22;🟡 Planejado;A;Fornecedor Delta;32,0;11,4
PC000683;Loja Norte;24/10/2026;3;8,0;2397,46;🟡 Planejado;A;Fornecedor Alfa;28,0;13,2
PC000683;Loja Norte;09/11/2026;3;9,0;2530,26;🟡 Planejado;A;Fornecedor Alfa;28,0;13,2
PC000683;Loja Norte;21/11/2026;4;9,0;2759,8;🟡 Planejado;A;Fornecedor Alfa;24,0;15,0
PC000683;Loja Norte;07/12/2026;4;10,0;2875,11;🟡 Planejado;A;Fornecedor Alfa;24,0;15,0
PC000683;Loja Norte;30/12/2026;5;7,0;2153,54;🟡 Planejado;A;Fornecedor Alfa;31,0;11,6
PC000683;Loja Norte;15/01/2027;6;7,0;2105,56;🟡 Planejado;A;Fornecedor Alfa;32,0;11,3
PC000683;Loja Norte;31/01/2027;6;7,0;2172,44;🟡 Planejado;A;Fornecedor Alfa;32,0;11,3
PC000255;Loja Norte;22/10/2026;3;9,0;2743,03;🟡 Planejado;A;Fornecedor Delta;26,0;14,2
PC000255;Loja Norte;07/11/2026;3;9,0;2909,2;🟡 Planejado;A;Fornecedor Delta;26,0;14,2
PC000255;Loja Norte;18/11/2026;4;11,0;3525,19;🟡 Planejado;A;Fornecedor Delta;21,0;17,5
PC000255;Loja Norte;04/12/2026;4;11,0;3568,71;🟡 Planejado;A;Fornecedor Delta;21,0;17,5
PC000255;Loja Norte;29/12/2026;5;8,0;2464,78;🟡 Planejado;A;Fornecedor Delta;29,0;12,4
PC000255;Loja Norte;13/01/2027;6;8,0;2619,72;🟡 Planejado;A;Fornecedor Delta;28,0;13,0
PC000255;Loja Norte;29/01/2027;6;9,0;2651,04;🟡 Planejado;A;Fornecedor Delta;28,0;13,0
PC000176;Loja Norte;25/10/2026;3;14,0;3469,41;🟡 Planejado;A;Fornecedor Gamma;16,0;22,8
PC000176;Loja Norte;09/11/2026;3;14,0;3459,46;🟡 Planejado;A;Fornecedor Gamma;16,0;22,8
PC000176;Loja Norte;19/11/2026;4;18,0;4355,46;🟡 Planejado;A;Fornecedor Gamma;13,0;28,1
PC000176;Loja Norte;05/12/2026;4;18,0;4552,89;🟡 Planejado;A;Fornecedor Gamma;13,0;28,1
PC000176;Loja Norte;04/01/2027;5;11,0;2835,22;🟡 Planejado;A;Fornecedor Gamma;21,0;17,7
PC000176;Loja Norte;17/01/2027;6;12,0;2968,59;🟡 Planejado;A;Fornecedor Gamma;19,0;19,4
PC000176;Loja Norte;01/02/2027;6;12,0;2944,85;🟡 Planejado;A;Fornecedor Gamma;19,0;19,4
PC000043;Loja Norte;01/09/2026;1;12,0;1799,28;🔴 Prioritário (até 30 dias);A;Fornecedor Gamma;19,0;19,4
PC000043;Loja Norte;16/09/2026;2;13,0;2001,33;🟡 Planejado;A;Fornecedor Gamma;18,0;20,5
PC000043;Loja Norte;01/10/2026;2;13,0;1878,44;🟡 Planejado;A;Fornecedor Gamma;18,0;20,5
PC000043;Loja Norte;15/10/2026;3;15,0;2199,4;🟡 Planejado;A;Fornecedor Gamma;16,0;22,7
PC000043;Loja Norte;30/10/2026;3;14,0;2081,25;🟡 Planejado;A;Fornecedor Gamma;16,0;22,7
PC000043;Loja Norte;14/11/2026;4;16,0;2308,24;🟡 Planejado;A;Fornecedor Gamma;15,0;23,8
PC000043;Loja Norte;29/11/2026;4;15,0;2184,43;🟡 Planejado;A;Fornecedor Gamma;15,0;23,8
PC000043;Loja Norte;17/12/2026;5;13,0;2003,4;🟡 Planejado;A;Fornecedor Gamma;17,0;21,0
PC000043;Loja Norte;01/01/2027;5;13,0;1926,97;🟡 Planejado;A;Fornecedor Gamma;17,0;21,0
PC000043;Loja Norte;16/01/2027;6;13,0;2003,01;🟡 Planejado;A;Fornecedor Gamma;17,0;21,3
PC000043;Loja Norte;01/02/2027;6;14,0;2089,23;🟡 Planejado;A;Fornecedor Gamma;17,0;21,3
PC000016;Loja Norte;12/11/2026;4;9,0;3913,28;🟡 Planejado;A;Fornecedor Beta;26,0;14,0
PC000016;Loja Norte;27/11/2026;4;9,0;3600,32;🟡 Planejado;A;Fornecedor Beta;26,0;14,0
PC000016;Loja Norte;19/12/2026;5;6,0;2561,17;🟡 Planejado;A;Fornecedor Beta;37,0;9,8
PC000016;Loja Norte;04/01/2027;5;6,0;2695,37;🟡 Planejado;A;Fornecedor Beta;37,0;9,8
PC000016;Loja Norte;19/01/2027;6;6,0;2569,05;🟡 Planejado;A;Fornecedor Beta;37,0;9,9
PC000016;Loja Norte;04/02/2027;6;7,0;2712,66;🟡 Planejado;A;Fornecedor Beta;37,0;9,9
PC000334;Loja Norte;15/11/2026;4;4,0;1919,15;🟡 Planejado;A;Fornecedor Alfa;56,0;6,5
PC000334;Loja Norte;01/12/2026;4;4,0;1925,44;🟡 Planejado;A;Fornecedor Alfa;56,0;6,5
PC000334;Loja Norte;16/12/2026;5;4,0;1805,11;🟡 Planejado;A;Fornecedor Alfa;56,0;6,5
PC000334;Loja Norte;01/01/2027;5;4,0;1925,45;🟡 Planejado;A;Fornecedor Alfa;56,0;6,5
PC000334;Loja Norte;17/01/2027;6;4,0;1925,45;🟡 Planejado;A;Fornecedor Alfa;56,0;6,5
PC000334;Loja Norte;02/02/2027;6;4,0;1925,45;🟡 Planejado;A;Fornecedor Alfa;56,0;6,5
PC000059;Loja Norte;18/12/2026;5;9,0;2035,4;🟡 Planejado;A;Fornecedor Gamma;25,0;14,5
PC000059;Loja Norte;02/01/2027;5;9,0;1973,48;🟡 Planejado;A;Fornecedor Gamma;25,0;14,5
PC000059;Loja Norte;18/01/2027;6;10,0;2104,68;🟡 Planejado;A;Fornecedor Gamma;25,0;14,5
PC000059;Loja Norte;02/02/2027;6;9,0;1973,34;🟡 Planejado;A;Fornecedor Gamma;25,0;14,5
PC000886;Loja Norte;13/10/2026;3;12,0;2484,13;🟡 Planejado;A;Fornecedor Alfa;22,0;16,5
PC000886;Loja Norte;29/10/2026;3;11,0;2303,77;🟡 Planejado;A;Fornecedor Alfa;22,0;16,5
PC000886;Loja Norte;12/11/2026;4;13,0;2822,8;🟡 Planejado;A;Fornecedor Alfa;19,0;19,5
PC000886;Loja Norte;28/11/2026;4;13,0;2720,29;🟡 Planejado;A;Fornecedor Alfa;19,0;19,5
PC000886;Loja Norte;20/12/2026;5;9,0;1869,67;🟡 Planejado;A;Fornecedor Alfa;26,0;14,0
PC000886;Loja Norte;05/01/2027;5;9,0;1952,81;🟡 Planejado;A;Fornecedor Alfa;26,0;14,0
PC000886;Loja Norte;22/01/2027;6;8,0;1793,52;🟡 Planejado;A;Fornecedor Alfa;28,0;13,2
PC000886;Loja Norte;07/02/2027;6;9,0;1845,63;🟡 Planejado;A;Fornecedor Alfa;28,0;13,2
PC000860;Loja Norte;24/10/2026;3;6,0;2138,65;🟡 Planejado;A;Fornecedor Beta;35,0;10,4
PC000860;Loja Norte;08/11/2026;3;6,0;2121,77;🟡 Planejado;A;Fornecedor Beta;35,0;10,4
PC000860;Loja Norte;18/11/2026;4;8,0;2678,02;🟡 Planejado;A;Fornecedor Beta;28,0;12,9
PC000860;Loja Norte;04/12/2026;4;9,0;2809,6;🟡 Planejado;A;Fornecedor Beta;28,0;12,9
PC000860;Loja Norte;01/01/2027;5;5,0;1720,89;🟡 Planejado;A;Fornecedor Beta;44,0;8,3
PC000860;Loja Norte;16/01/2027;6;6,0;1826,1;🟡 Planejado;A;Fornecedor Beta;42,0;8,6
PC000860;Loja Norte;31/01/2027;6;5,0;1749,06;🟡 Planejado;A;Fornecedor Beta;42,0;8,6
PC000587;Loja Norte;24/08/2026;1;20,0;6255,96;🔴 Prioritário (até 30 dias);A;Fornecedor Alfa;12,0;31,4
PC000587;Loja Norte;09/09/2026;1;21,0;6501,16;🔴 Prioritário (até 30 dias);A;Fornecedor Alfa;12,0;31,4
PC000587;Loja Norte;25/09/2026;2;21,0;6501,16;🟡 Planejado;A;Fornecedor Alfa;12,0;31,4
PC000587;Loja Norte;11/10/2026;2;21,0;6501,16;🟡 Planejado;A;Fornecedor Alfa;12,0;31,4
PC000587;Loja Norte;27/10/2026;3;21,0;6501,16;🟡 Planejado;A;Fornecedor Alfa;12,0;31,4
PC000587;Loja Norte;12/11/2026;4;21,0;6501,16;🟡 Planejado;A;Fornecedor Alfa;12,0;31,4
PC000587;Loja Norte;28/11/2026;4;21,0;6501,16;🟡 Planejado;A;Fornecedor Alfa;12,0;31,4
PC000587;Loja Norte;14/12/2026;5;21,0;6501,16;🟡 Planejado;A;Fornecedor Alfa;12,0;31,4
PC000587;Loja Norte;30/12/2026;5;21,0;6501,16;🟡 Planejado;A;Fornecedor Alfa;12,0;31,4
PC000587;Loja Norte;15/01/2027;6;21,0;6501,16;🟡 Planejado;A;Fornecedor Alfa;12,0;31,4
PC000587;Loja Norte;31/01/2027;6;21,0;6501,16;🟡 Planejado;A;Fornecedor Alfa;12,0;31,4
PC000015;Loja Norte;09/11/2026;3;7,0;2290,32;🟡 Planejado;A;Fornecedor Alfa;32,0;11,4
PC000015;Loja Norte;19/11/2026;4;9,0;3020,62;🟡 Planejado;A;Fornecedor Alfa;25,0;14,5
PC000015;Loja Norte;04/12/2026;4;9,0;2852,34;🟡 Planejado;A;Fornecedor Alfa;25,0;14,5
PC000015;Loja Norte;01/01/2027;5;6,0;1926,01;🟡 Planejado;A;Fornecedor Alfa;39,0;9,4
PC000015;Loja Norte;17/01/2027;6;6,0;1777,56;🟡 Planejado;A;Fornecedor Alfa;41,0;9,0
PC000015;Loja Norte;02/02/2027;6;6,0;1890,38;🟡 Planejado;A;Fornecedor Alfa;41,0;9,0
PC000477;Loja Norte;29/01/2027;6;5,0;1815,75;🟡 Planejado;A;Fornecedor Gamma;47,0;7,7
PC000564;Loja Norte;12/09/2026;1;10,0;1348,5;🔴 Prioritário (até 30 dias);A;Fornecedor Alfa;23,0;16,0
PC000564;Loja Norte;23/09/2026;2;13,0;1632,44;🟡 Planejado;A;Fornecedor Alfa;19,0;19,2
PC000564;Loja Norte;08/10/2026;2;12,0;1530,68;🟡 Planejado;A;Fornecedor Alfa;19,0;19,2
PC000564;Loja Norte;17/10/2026;3;16,0;2059,89;🟡 Planejado;A;Fornecedor Alfa;14,0;25,3
PC000564;Loja Norte;01/11/2026;3;16,0;2019,88;🟡 Planejado;A;Fornecedor Alfa;14,0;25,3
PC000564;Loja Norte;15/11/2026;4;18,0;2306,65;🟡 Planejado;A;Fornecedor Alfa;13,0;27,6
PC000564;Loja Norte;01/12/2026;4;18,0;2352,86;🟡 Planejado;A;Fornecedor Alfa;13,0;27,6
PC000564;Loja Norte;24/12/2026;5;13,0;1687,34;🟡 Planejado;A;Fornecedor Alfa;18,0;20,2
PC000564;Loja Norte;09/01/2027;5;13,0;1722,2;🟡 Planejado;A;Fornecedor Alfa;18,0;20,2
PC000564;Loja Norte;25/01/2027;6;13,0;1633,57;🟡 Planejado;A;Fornecedor Alfa;18,0;19,9
PC000564;Loja Norte;09/02/2027;6;12,0;1585,02;🟡 Planejado;A;Fornecedor Alfa;18,0;19,9
PC000845;Loja Norte;04/01/2027;5;5,0;1972,8;🟡 Planejado;A;Fornecedor Gamma;51,0;7,2
PC000845;Loja Norte;22/01/2027;6;4,0;1716,91;🟡 Planejado;A;Fornecedor Gamma;57,0;6,5
PC000845;Loja Norte;07/02/2027;6;4,0;1803,6;🟡 Planejado;A;Fornecedor Gamma;57,0;6,5
PC000410;Loja Norte;11/10/2026;2;5,0;2093,21;🟡 Planejado;A;Fornecedor Beta;44,0;8,3
PC000410;Loja Norte;26/10/2026;3;5,0;2028,15;🟡 Planejado;A;Fornecedor Beta;44,0;8,3
PC000410;Loja Norte;11/11/2026;3;5,0;2149,66;🟡 Planejado;A;Fornecedor Beta;44,0;8,3
PC000410;Loja Norte;26/11/2026;4;5,0;2024,04;🟡 Planejado;A;Fornecedor Beta;44,0;8,4
PC000410;Loja Norte;12/12/2026;5;6,0;2155,41;🟡 Planejado;A;Fornecedor Beta;44,0;8,4
PC000410;Loja Norte;27/12/2026;5;5,0;2019,5;🟡 Planejado;A;Fornecedor Beta;44,0;8,4
PC000410;Loja Norte;11/01/2027;6;5,0;2020,65;🟡 Planejado;A;Fornecedor Beta;44,0;8,4
PC000410;Loja Norte;27/01/2027;6;5,0;2154,72;🟡 Planejado;A;Fornecedor Beta;44,0;8,4
PC000857;Loja Norte;05/11/2026;3;6,0;1889,26;🟡 Planejado;A;Fornecedor Alfa;43,0;8,5
PC000857;Loja Norte;14/11/2026;4;8,0;2640,61;🟡 Planejado;A;Fornecedor Alfa;31,0;11,9
PC000857;Loja Norte;30/11/2026;4;8,0;2674,78;🟡 Planejado;A;Fornecedor Alfa;31,0;11,9
PC000857;Loja Norte;29/12/2026;5;4,0;1498,12;🟡 Planejado;A;Fornecedor Alfa;53,0;6,9
PC000857;Loja Norte;13/01/2027;6;5,0;1636,95;🟡 Planejado;A;Fornecedor Alfa;50,0;7,3
PC000857;Loja Norte;28/01/2027;6;5,0;1540,85;🟡 Planejado;A;Fornecedor Alfa;50,0;7,3
PC000959;Loja Norte;13/10/2026;3;7,0;2103,35;🟡 Planejado;A;Fornecedor Alfa;31,0;11,7
PC000959;Loja Norte;28/10/2026;3;7,0;2082,84;🟡 Planejado;A;Fornecedor Alfa;31,0;11,7
PC000959;Loja Norte;12/11/2026;4;10,0;2795,7;🟡 Planejado;A;Fornecedor Alfa;27,0;13,6
PC000959;Loja Norte;28/11/2026;4;9,0;2589,63;🟡 Planejado;A;Fornecedor Alfa;27,0;13,6
PC000959;Loja Norte;21/12/2026;5;6,0;1817,08;🟡 Planejado;A;Fornecedor Alfa;38,0;9,6
PC000959;Loja Norte;05/01/2027;5;6,0;1713,21;🟡 Planejado;A;Fornecedor Alfa;38,0;9,6
PC000959;Loja Norte;19/01/2027;6;6,0;1863,29;🟡 Planejado;A;Fornecedor Alfa;36,0;10,2
PC000959;Loja Norte;03/02/2027;6;6,0;1814,86;🟡 Planejado;A;Fornecedor Alfa;36,0;10,2
PC000557;Loja Norte;30/09/2026;2;7,0;2045,35;🟡 Planejado;A;Fornecedor Gamma;32,0;11,6
PC000557;Loja Norte;16/10/2026;3;7,0;2080,93;🟡 Planejado;A;Fornecedor Gamma;32,0;11,5
PC000557;Loja Norte;31/10/2026;3;7,0;1968,85;🟡 Planejado;A;Fornecedor Gamma;32,0;11,5
PC000557;Loja Norte;16/11/2026;4;7,0;2081,99;🟡 Planejado;A;Fornecedor Gamma;32,0;11,4
PC000557;Loja Norte;01/12/2026;4;7,0;1961,09;🟡 Planejado;A;Fornecedor Gamma;32,0;11,4
PC000557;Loja Norte;17/12/2026;5;7,0;2082,77;🟡 Planejado;A;Fornecedor Gamma;32,0;11,4
PC000557;Loja Norte;01/01/2027;5;7,0;1957,31;🟡 Planejado;A;Fornecedor Gamma;32,0;11,4
PC000557;Loja Norte;17/01/2027;6;7,0;2083,28;🟡 Planejado;A;Fornecedor Gamma;32,0;11,4
PC000557;Loja Norte;01/02/2027;6;7,0;1955,48;🟡 Planejado;A;Fornecedor Gamma;32,0;11,4
PC000069;Loja Norte;14/08/2026;1;18,0;2920,54;🚨 Urgente (até 7 dias);A;Fornecedor Delta;19,0;19,4
PC000069;Loja Norte;29/08/2026;1;12,0;1971,15;🔴 Prioritário (até 30 dias);A;Fornecedor Delta;19,0;19,4
PC000069;Loja Norte;14/09/2026;2;12,0;1918,39;🟡 Planejado;A;Fornecedor Delta;20,0;18,6
PC000069;Loja Norte;30/09/2026;2;12,0;2010,48;🟡 Planejado;A;Fornecedor Delta;20,0;18,6
PC000069;Loja Norte;13/10/2026;3;19,0;3067,78;🟡 Planejado;A;Fornecedor Delta;14,0;25,4
PC000069;Loja Norte;28/10/2026;3;16,0;2578,82;🟡 Planejado;A;Fornecedor Delta;14,0;25,4
PC000069;Loja Norte;12/11/2026;4;22,0;3684,43;🟡 Planejado;A;Fornecedor Delta;12,0;30,7
PC000069;Loja Norte;27/11/2026;4;19,0;3113,79;🟡 Planejado;A;Fornecedor Delta;12,0;30,7
PC000069;Loja Norte;19/12/2026;5;14,0;2326,11;🟡 Planejado;A;Fornecedor Delta;17,0;22,0
PC000069;Loja Norte;03/01/2027;5;14,0;2229,27;🟡 Planejado;A;Fornecedor Delta;17,0;22,0
PC000069;Loja Norte;19/01/2027;6;14,0;2262,06;🟡 Planejado;A;Fornecedor Delta;17,0;21,5
PC000069;Loja Norte;03/02/2027;6;13,0;2184,72;🟡 Planejado;A;Fornecedor Delta;17,0;21,5
PC000245;Loja Norte;02/12/2026;4;7,0;2360,2;🟡 Planejado;A;Fornecedor Delta;34,0;10,7
PC000245;Loja Norte;27/12/2026;5;5,0;1595,44;🟡 Planejado;A;Fornecedor Delta;50,0;7,3
PC000245;Loja Norte;15/01/2027;6;4,0;1300,34;🟡 Planejado;A;Fornecedor Delta;61,0;6,0
PC000245;Loja Norte;30/01/2027;6;4,0;1269,71;🟡 Planejado;A;Fornecedor Delta;61,0;6,0
PC000430;Loja Norte;11/10/2026;2;4,0;1676,06;🟡 Planejado;A;Fornecedor Alfa;55,0;6,7
PC000430;Loja Norte;17/10/2026;3;6,0;2370,55;🟡 Planejado;A;Fornecedor Alfa;38,0;9,7
PC000430;Loja Norte;01/11/2026;3;6,0;2348,19;🟡 Planejado;A;Fornecedor Alfa;38,0;9,7
PC000430;Loja Norte;18/11/2026;4;6,0;2318,22;🟡 Planejado;A;Fornecedor Alfa;40,0;9,2
PC000430;Loja Norte;03/12/2026;4;6,0;2209,11;🟡 Planejado;A;Fornecedor Alfa;40,0;9,2
PC000430;Loja Norte;28/12/2026;5;4,0;1543,17;🟡 Planejado;A;Fornecedor Alfa;58,0;6,3
PC000430;Loja Norte;11/01/2027;6;5,0;1862,88;🟡 Planejado;A;Fornecedor Alfa;51,0;7,2
PC000430;Loja Norte;26/01/2027;6;4,0;1738,54;🟡 Planejado;A;Fornecedor Alfa;51,0;7,2
PC000901;Loja Norte;27/09/2026;2;7,0;1896,46;🟡 Planejado;A;Fornecedor Delta;31,0;11,9
PC000901;Loja Norte;12/10/2026;2;7,0;1853,89;🟡 Planejado;A;Fornecedor Delta;31,0;11,9
PC000901;Loja Norte;27/10/2026;3;7,0;1874,74;🟡 Planejado;A;Fornecedor Delta;31,0;11,9
PC000901;Loja Norte;12/11/2026;4;8,0;1990,31;🟡 Planejado;A;Fornecedor Delta;31,0;11,9
PC000901;Loja Norte;28/11/2026;4;8,0;1987,69;🟡 Planejado;A;Fornecedor Delta;31,0;11,9
PC000901;Loja Norte;13/12/2026;5;7,0;1865,56;🟡 Planejado;A;Fornecedor Delta;31,0;12,0
PC000901;Loja Norte;28/12/2026;5;7,0;1864,45;🟡 Planejado;A;Fornecedor Delta;31,0;12,0
PC000901;Loja Norte;12/01/2027;6;7,0;1865,25;🟡 Planejado;A;Fornecedor Delta;31,0;12,0
PC000901;Loja Norte;27/01/2027;6;7,0;1864,82;🟡 Planejado;A;Fornecedor Delta;31,0;12,0
PC000666;Loja Norte;05/11/2026;3;5,0;2086,81;🟡 Planejado;A;Fornecedor Delta;42,0;8,7
PC000666;Loja Norte;15/11/2026;4;7,0;2787,21;🟡 Planejado;A;Fornecedor Delta;32,0;11,3
PC000666;Loja Norte;01/12/2026;4;7,0;2859,61;🟡 Planejado;A;Fornecedor Delta;32,0;11,3
PC000666;Loja Norte;26/12/2026;5;5,0;1967,64;🟡 Planejado;A;Fornecedor Delta;47,0;7,8
PC000666;Loja Norte;12/01/2027;6;5,0;1826,64;🟡 Planejado;A;Fornecedor Delta;50,0;7,3
PC000666;Loja Norte;28/01/2027;6;5,0;1837,01;🟡 Planejado;A;Fornecedor Delta;50,0;7,3
PC000373;Loja Norte;08/09/2026;1;4,0;1680,91;🔴 Prioritário (até 30 dias);A;Fornecedor Delta;55,0;6,7
PC000373;Loja Norte;23/09/2026;2;4,0;1626,5;🟡 Planejado;A;Fornecedor Delta;54,0;6,7
PC000373;Loja Norte;08/10/2026;2;4,0;1601,14;🟡 Planejado;A;Fornecedor Delta;54,0;6,7
PC000373;Loja Norte;23/10/2026;3;4,0;1614,45;🟡 Planejado;A;Fornecedor Delta;54,0;6,8
PC000373;Loja Norte;07/11/2026;3;4,0;1606,01;🟡 Planejado;A;Fornecedor Delta;54,0;6,8
PC000373;Loja Norte;22/11/2026;4;4,0;1610,44;🟡 Planejado;A;Fornecedor Delta;54,0;6,8
PC000373;Loja Norte;07/12/2026;4;4,0;1607,63;🟡 Planejado;A;Fornecedor Delta;54,0;6,8
PC000373;Loja Norte;22/12/2026;5;4,0;1609,11;🟡 Planejado;A;Fornecedor Delta;54,0;6,8
PC000373;Loja Norte;07/01/2027;5;4,0;1715,38;🟡 Planejado;A;Fornecedor Delta;54,0;6,8
PC000373;Loja Norte;22/01/2027;6;4,0;1608,67;🟡 Planejado;A;Fornecedor Delta;54,0;6,8
PC000373;Loja Norte;06/02/2027;6;4,0;1608,35;🟡 Planejado;A;Fornecedor Delta;54,0;6,8
PC000819;Loja Norte;13/11/2026;4;6,0;1591,81;🟡 Planejado;A;Fornecedor Alfa;42,0;8,7
PC000819;Loja Norte;28/11/2026;4;5,0;1518,56;🟡 Planejado;A;Fornecedor Alfa;42,0;8,7
PC000819;Loja Norte;14/12/2026;5;6,0;1619,15;🟡 Planejado;A;Fornecedor Alfa;42,0;8,7
PC000819;Loja Norte;30/12/2026;5;6,0;1619,49;🟡 Planejado;A;Fornecedor Alfa;42,0;8,7
PC000819;Loja Norte;15/01/2027;6;6,0;1619,28;🟡 Planejado;A;Fornecedor Alfa;42,0;8,7
PC000819;Loja Norte;30/01/2027;6;5,0;1518,18;🟡 Planejado;A;Fornecedor Alfa;42,0;8,7
PC000984;Loja Norte;13/01/2027;6;8,0;1867,01;🟡 Planejado;A;Fornecedor Beta;27,0;13,4
PC000984;Loja Norte;28/01/2027;6;8,0;1829,39;🟡 Planejado;A;Fornecedor Beta;27,0;13,4
PC000006;Loja Norte;05/11/2026;3;6,0;1798,13;🟡 Planejado;A;Fornecedor Beta;38,0;9,5
PC000006;Loja Norte;15/11/2026;4;7,0;2240,39;🟡 Planejado;A;Fornecedor Beta;30,0;12,1
PC000006;Loja Norte;30/11/2026;4;7,0;2223,33;🟡 Planejado;A;Fornecedor Beta;30,0;12,1
PC000006;Loja Norte;24/12/2026;5;5,0;1569,43;🟡 Planejado;A;Fornecedor Beta;44,0;8,3
PC000006;Loja Norte;09/01/2027;5;5,0;1631,87;🟡 Planejado;A;Fornecedor Beta;44,0;8,3
PC000006;Loja Norte;22/01/2027;6;5,0;1645,12;🟡 Planejado;A;Fornecedor Beta;41,0;8,9
PC000006;Loja Norte;07/02/2027;6;6,0;1753,48;🟡 Planejado;A;Fornecedor Beta;41,0;8,9
PC000695;Loja Norte;23/10/2026;3;9,0;1612,66;🟡 Planejado;A;Fornecedor Beta;25,0;14,6
PC000695;Loja Norte;08/11/2026;3;10,0;1631,85;🟡 Planejado;A;Fornecedor Beta;25,0;14,6
PC000695;Loja Norte;24/11/2026;4;10,0;1631,08;🟡 Planejado;A;Fornecedor Beta;25,0;14,6
PC000695;Loja Norte;09/12/2026;4;9,0;1529,59;🟡 Planejado;A;Fornecedor Beta;25,0;14,6
PC000695;Loja Norte;25/12/2026;5;10,0;1631,2;🟡 Planejado;A;Fornecedor Beta;25,0;14,6
PC000695;Loja Norte;10/01/2027;5;10,0;1631,43;🟡 Planejado;A;Fornecedor Beta;25,0;14,6
PC000695;Loja Norte;26/01/2027;6;10,0;1631,24;🟡 Planejado;A;Fornecedor Beta;25,0;14,6
PC000515;Loja Norte;14/08/2026;1;22,0;2097,06;🚨 Urgente (até 7 dias);A;Fornecedor Gamma;13,0;27,6
PC000515;Loja Norte;29/08/2026;1;17,0;1609,33;🔴 Prioritário (até 30 dias);A;Fornecedor Gamma;13,0;27,6
PC000515;Loja Norte;13/09/2026;2;17,0;1623,5;🟡 Planejado;A;Fornecedor Gamma;13,0;27,7
PC000515;Loja Norte;28/09/2026;2;17,0;1616,19;🟡 Planejado;A;Fornecedor Gamma;13,0;27,7
PC000515;Loja Norte;13/10/2026;3;28,0;2603,45;🟡 Planejado;A;Fornecedor Gamma;10,0;35,9
PC000515;Loja Norte;29/10/2026;3;24,0;2233,49;🟡 Planejado;A;Fornecedor Gamma;10,0;35,9
PC000515;Loja Norte;12/11/2026;4;29,0;2757,27;🟡 Planejado;A;Fornecedor Gamma;9,0;42,6
PC000515;Loja Norte;28/11/2026;4;28,0;2647,93;🟡 Planejado;A;Fornecedor Gamma;9,0;42,6
PC000515;Loja Norte;18/12/2026;5;20,0;1937,84;🟡 Planejado;A;Fornecedor Gamma;11,0;33,1
PC000515;Loja Norte;03/01/2027;5;22,0;2054,6;🟡 Planejado;A;Fornecedor Gamma;11,0;33,1
PC000515;Loja Norte;19/01/2027;6;20,0;1892,44;🟡 Planejado;A;Fornecedor Gamma;11,0;32,0
PC000515;Loja Norte;04/02/2027;6;21,0;1988,07;🟡 Planejado;A;Fornecedor Gamma;11,0;32,0
PC000378;Loja Norte;13/11/2026;4;9,0;2096,83;🟡 Planejado;A;Fornecedor Delta;26,0;14,0
PC000378;Loja Norte;29/11/2026;4;9,0;2173,65;🟡 Planejado;A;Fornecedor Delta;26,0;14,0
PC000378;Loja Norte;22/12/2026;5;6,0;1507,94;🟡 Planejado;A;Fornecedor Delta;37,0;10,0
PC000378;Loja Norte;07/01/2027;5;7,0;1542,75;🟡 Planejado;A;Fornecedor Delta;37,0;10,0
PC000378;Loja Norte;25/01/2027;6;6,0;1406,17;🟡 Planejado;A;Fornecedor Delta;40,0;9,2
PC000378;Loja Norte;09/02/2027;6;6,0;1336,52;🟡 Planejado;A;Fornecedor Delta;40,0;9,2
PC000336;Loja Norte;30/09/2026;2;5,0;1361,0;🟡 Planejado;A;Fornecedor Alfa;50,0;7,4
PC000336;Loja Norte;15/10/2026;3;5,0;1341,23;🟡 Planejado;A;Fornecedor Alfa;50,0;7,4
PC000336;Loja Norte;30/10/2026;3;5,0;1341,23;🟡 Planejado;A;Fornecedor Alfa;50,0;7,4
PC000336;Loja Norte;14/11/2026;4;5,0;1341,23;🟡 Planejado;A;Fornecedor Alfa;50,0;7,4
PC000336;Loja Norte;29/11/2026;4;5,0;1341,23;🟡 Planejado;A;Fornecedor Alfa;50,0;7,4
PC000336;Loja Norte;14/12/2026;5;5,0;1341,23;🟡 Planejado;A;Fornecedor Alfa;50,0;7,4
PC000336;Loja Norte;30/12/2026;5;5,0;1430,65;🟡 Planejado;A;Fornecedor Alfa;50,0;7,4
PC000336;Loja Norte;15/01/2027;6;5,0;1430,65;🟡 Planejado;A;Fornecedor Alfa;50,0;7,4
PC000336;Loja Norte;31/01/2027;6;5,0;1430,65;🟡 Planejado;A;Fornecedor Alfa;50,0;7,4
PC000041;Loja Norte;27/08/2026;1;5,0;1323,58;🔴 Prioritário (até 30 dias);A;Fornecedor Delta;43,0;8,5
PC000041;Loja Norte;12/09/2026;1;6,0;1377,52;🔴 Prioritário (até 30 dias);A;Fornecedor Delta;43,0;8,5
PC000041;Loja Norte;26/09/2026;2;5,0;1354,26;🟡 Planejado;A;Fornecedor Delta;41,0;8,8
PC000041;Loja Norte;12/10/2026;2;6,0;1431,68;🟡 Planejado;A;Fornecedor Delta;41,0;8,8
PC000041;Loja Norte;22/10/2026;3;7,0;1626,89;🟡 Planejado;A;Fornecedor Delta;34,0;10,6
PC000041;Loja Norte;06/11/2026;3;7,0;1616,73;🟡 Planejado;A;Fornecedor Delta;34,0;10,6
PC000041;Loja Norte;19/11/2026;4;7,0;1802,62;🟡 Planejado;A;Fornecedor Delta;31,0;11,7
PC000041;Loja Norte;05/12/2026;4;8,0;1893,54;🟡 Planejado;A;Fornecedor Delta;31,0;11,7
PC000041;Loja Norte;29/12/2026;5;5,0;1325,82;🟡 Planejado;A;Fornecedor Delta;43,0;8,6
PC000041;Loja Norte;12/01/2027;6;6,0;1468,13;🟡 Planejado;A;Fornecedor Delta;39,0;9,3
PC000041;Loja Norte;28/01/2027;6;6,0;1515,21;🟡 Planejado;A;Fornecedor Delta;39,0;9,3
PC000529;Loja Norte;14/08/2026;1;7,0;2498,07;🚨 Urgente (até 7 dias);A;Fornecedor Delta;52,0;7,0
PC000529;Loja Norte;30/08/2026;1;5,0;1663,98;🔴 Prioritário (até 30 dias);A;Fornecedor Delta;52,0;7,0
PC000529;Loja Norte;14/09/2026;2;4,0;1627,56;🟡 Planejado;A;Fornecedor Delta;51,0;7,1
PC000529;Loja Norte;30/09/2026;2;5,0;1697,77;🟡 Planejado;A;Fornecedor Delta;51,0;7,1
PC000529;Loja Norte;15/10/2026;3;4,0;1599,27;🟡 Planejado;A;Fornecedor Delta;51,0;7,1
PC000529;Loja Norte;31/10/2026;3;5,0;1701,46;🟡 Planejado;A;Fornecedor Delta;51,0;7,1
PC000529;Loja Norte;15/11/2026;4;4,0;1595,98;🟡 Planejado;A;Fornecedor Delta;51,0;7,1
PC000529;Loja Norte;01/12/2026;4;5,0;1701,87;🟡 Planejado;A;Fornecedor Delta;51,0;7,1
PC000529;Loja Norte;16/12/2026;5;4,0;1595,59;🟡 Planejado;A;Fornecedor Delta;51,0;7,1
PC000529;Loja Norte;01/01/2027;5;5,0;1701,91;🟡 Planejado;A;Fornecedor Delta;51,0;7,1
PC000529;Loja Norte;16/01/2027;6;4,0;1595,56;🟡 Planejado;A;Fornecedor Delta;51,0;7,1
PC000529;Loja Norte;01/02/2027;6;5,0;1701,92;🟡 Planejado;A;Fornecedor Delta;51,0;7,1
PC000671;Loja Norte;14/08/2026;1;7,0;1220,95;🚨 Urgente (até 7 dias);A;Fornecedor Beta;36,0;10,1
PC000671;Loja Norte;29/08/2026;1;6,0;1102,45;🔴 Prioritário (até 30 dias);A;Fornecedor Beta;36,0;10,1
PC000671;Loja Norte;13/09/2026;2;7,0;1238,86;🟡 Planejado;A;Fornecedor Beta;34,0;10,8
PC000671;Loja Norte;28/09/2026;2;7,0;1168,45;🟡 Planejado;A;Fornecedor Beta;34,0;10,8
PC000671;Loja Norte;13/10/2026;3;12,0;2169,76;🟡 Planejado;A;Fornecedor Beta;24,0;15,2
PC000671;Loja Norte;29/10/2026;3;10,0;1763,15;🟡 Planejado;A;Fornecedor Beta;24,0;15,2
PC000671;Loja Norte;12/11/2026;4;12,0;2134,47;🟡 Planejado;A;Fornecedor Beta;20,0;17,9
PC000671;Loja Norte;28/11/2026;4;12,0;2068,55;🟡 Planejado;A;Fornecedor Beta;20,0;17,9
PC000671;Loja Norte;22/12/2026;5;8,0;1356,3;🟡 Planejado;A;Fornecedor Beta;30,0;12,0
PC000671;Loja Norte;07/01/2027;5;8,0;1386,98;🟡 Planejado;A;Fornecedor Beta;30,0;12,0
PC000671;Loja Norte;22/01/2027;6;8,0;1361,68;🟡 Planejado;A;Fornecedor Beta;30,0;12,2
PC000671;Loja Norte;06/02/2027;6;8,0;1322,22;🟡 Planejado;A;Fornecedor Beta;30,0;12,2
PC000072;Loja Norte;21/10/2026;3;16,0;1759,26;🟡 Planejado;A;Fornecedor Alfa;15,0;25,0
PC000072;Loja Norte;05/11/2026;3;15,0;1713,41;🟡 Planejado;A;Fornecedor Alfa;15,0;25,0
PC000072;Loja Norte;15/11/2026;4;20,0;2170,08;🟡 Planejado;A;Fornecedor Alfa;12,0;31,6
PC000072;Loja Norte;30/11/2026;4;19,0;2166,85;🟡 Planejado;A;Fornecedor Alfa;12,0;31,6
PC000072;Loja Norte;25/12/2026;5;13,0;1451,5;🟡 Planejado;A;Fornecedor Alfa;17,0;20,9
PC000072;Loja Norte;09/01/2027;5;13,0;1430,52;🟡 Planejado;A;Fornecedor Alfa;17,0;20,9
PC000072;Loja Norte;25/01/2027;6;13,0;1436,65;🟡 Planejado;A;Fornecedor Alfa;18,0;20,4
PC000057;Loja Norte;12/01/2027;6;4,0;1421,82;🟡 Planejado;A;Fornecedor Beta;56,0;6,5
PC000057;Loja Norte;28/01/2027;6;4,0;1482,11;🟡 Planejado;A;Fornecedor Beta;56,0;6,5
PC000947;Loja Norte;21/01/2027;6;9,0;1843,38;🟡 Planejado;B;Fornecedor Gamma;46,0;7,9
PC000899;Loja Norte;12/09/2026;1;11,0;1785,43;🔴 Prioritário (até 30 dias);B;Fornecedor Beta;38,0;9,6
PC000899;Loja Norte;01/10/2026;2;11,0;1817,79;🟡 Planejado;B;Fornecedor Beta;37,0;9,9
PC000899;Loja Norte;14/10/2026;3;15,0;2519,18;🟡 Planejado;B;Fornecedor Beta;27,0;13,5
PC000899;Loja Norte;03/11/2026;3;15,0;2437,94;🟡 Planejado;B;Fornecedor Beta;27,0;13,5
PC000899;Loja Norte;18/11/2026;4;18,0;2930,01;🟡 Planejado;B;Fornecedor Beta;23,0;16,1
PC000899;Loja Norte;08/12/2026;4;18,0;2906,69;🟡 Planejado;B;Fornecedor Beta;23,0;16,1
PC000899;Loja Norte;15/01/2027;6;12,0;1998,55;🟡 Planejado;B;Fornecedor Beta;33,0;11,0
PC000899;Loja Norte;04/02/2027;6;12,0;1989,29;🟡 Planejado;B;Fornecedor Beta;33,0;11,0
PC000822;Loja Norte;25/08/2026;1;25,0;1532,51;🔴 Prioritário (até 30 dias);B;Fornecedor Alfa;17,0;22,1
PC000822;Loja Norte;14/09/2026;2;24,0;1498,71;🟡 Planejado;B;Fornecedor Alfa;17,0;22,1
PC000822;Loja Norte;05/10/2026;2;25,0;1569,11;🟡 Planejado;B;Fornecedor Alfa;17,0;22,1
PC000822;Loja Norte;25/10/2026;3;24,0;1498,15;🟡 Planejado;B;Fornecedor Alfa;16,0;22,1
PC000822;Loja Norte;14/11/2026;4;24,0;1496,91;🟡 Planejado;B;Fornecedor Alfa;16,0;22,1
PC000822;Loja Norte;05/12/2026;4;25,0;1571,14;🟡 Planejado;B;Fornecedor Alfa;16,0;22,1
PC000822;Loja Norte;25/12/2026;5;24,0;1496,82;🟡 Planejado;B;Fornecedor Alfa;16,0;22,2
PC000822;Loja Norte;14/01/2027;6;24,0;1496,66;🟡 Planejado;B;Fornecedor Alfa;16,0;22,2
PC000822;Loja Norte;03/02/2027;6;24,0;1496,57;🟡 Planejado;B;Fornecedor Alfa;16,0;22,2
PC000702;Loja Norte;22/11/2026;4;13,0;2644,36;🟡 Planejado;B;Fornecedor Gamma;30,0;12,0
PC000702;Loja Norte;22/12/2026;5;9,0;1847,22;🟡 Planejado;B;Fornecedor Gamma;44,0;8,3
PC000702;Loja Norte;16/01/2027;6;8,0;1563,18;🟡 Planejado;B;Fornecedor Gamma;53,0;6,9
PC000702;Loja Norte;06/02/2027;6;8,0;1577,98;🟡 Planejado;B;Fornecedor Gamma;53,0;6,9
PC000206;Loja Norte;05/11/2026;3;6,0;1962,39;🟡 Planejado;B;Fornecedor Delta;71,0;5,1
PC000206;Loja Norte;20/11/2026;4;7,0;2406,61;🟡 Planejado;B;Fornecedor Delta;60,0;6,1
PC000206;Loja Norte;10/12/2026;4;7,0;2339,11;🟡 Planejado;B;Fornecedor Delta;60,0;6,1
PC000206;Loja Norte;13/01/2027;6;5,0;1779,76;🟡 Planejado;B;Fornecedor Delta;80,0;4,6
PC000206;Loja Norte;02/02/2027;6;5,0;1746,79;🟡 Planejado;B;Fornecedor Delta;80,0;4,6
PC000027;Loja Norte;14/11/2026;4;5,0;1843,06;🟡 Planejado;B;Fornecedor Alfa;87,0;4,2
PC000027;Loja Norte;05/12/2026;4;5,0;1876,98;🟡 Planejado;B;Fornecedor Alfa;87,0;4,2
PC000027;Loja Norte;01/01/2027;5;4,0;1517,69;🟡 Planejado;B;Fornecedor Alfa;104,0;3,5
PC000027;Loja Norte;23/01/2027;6;4,0;1518,89;🟡 Planejado;B;Fornecedor Alfa;108,0;3,4
PC000946;Loja Norte;26/10/2026;3;8,0;1934,29;🟡 Planejado;B;Fornecedor Beta;50,0;7,2
PC000946;Loja Norte;13/11/2026;4;9,0;2150,84;🟡 Planejado;B;Fornecedor Beta;45,0;8,1
PC000946;Loja Norte;04/12/2026;4;9,0;2202,65;🟡 Planejado;B;Fornecedor Beta;45,0;8,1
PC000946;Loja Norte;02/01/2027;5;7,0;1681,6;🟡 Planejado;B;Fornecedor Beta;57,0;6,4
PC000946;Loja Norte;23/01/2027;6;7,0;1669,06;🟡 Planejado;B;Fornecedor Beta;58,0;6,3
PC000520;Loja Norte;13/01/2027;6;4,0;1628,31;🟡 Planejado;B;Fornecedor Beta;105,0;3,5
PC000520;Loja Norte;03/02/2027;6;4,0;1666,85;🟡 Planejado;B;Fornecedor Beta;105,0;3,5
PC000879;Loja Norte;09/11/2026;3;14,0;1952,15;🟡 Planejado;B;Fornecedor Alfa;30,0;12,3
PC000879;Loja Norte;27/11/2026;4;15,0;2129,81;🟡 Planejado;B;Fornecedor Alfa;27,0;13,3
PC000879;Loja Norte;22/12/2026;5;13,0;1760,16;🟡 Planejado;B;Fornecedor Alfa;32,0;11,3
PC000879;Loja Norte;11/01/2027;6;13,0;1817,86;🟡 Planejado;B;Fornecedor Alfa;32,0;11,6
PC000879;Loja Norte;31/01/2027;6;13,0;1771,41;🟡 Planejado;B;Fornecedor Alfa;32,0;11,6
PC000900;Loja Norte;15/11/2026;4;7,0;2450,1;🟡 Planejado;B;Fornecedor Gamma;58,0;6,3
PC000900;Loja Norte;06/12/2026;4;7,0;2551,61;🟡 Planejado;B;Fornecedor Gamma;58,0;6,3
PC000900;Loja Norte;05/01/2027;5;5,0;1931,97;🟡 Planejado;B;Fornecedor Gamma;75,0;4,9
PC000900;Loja Norte;28/01/2027;6;5,0;1802,65;🟡 Planejado;B;Fornecedor Gamma;80,0;4,6
PC000343;Loja Norte;25/12/2026;5;3,0;1219,14;🟡 Planejado;B;Fornecedor Delta;131,0;2,8
PC000343;Loja Norte;13/01/2027;6;3,0;1271,97;🟡 Planejado;B;Fornecedor Delta;125,0;2,9
PC000343;Loja Norte;03/02/2027;6;3,0;1321,04;🟡 Planejado;B;Fornecedor Delta;125,0;2,9
PC000165;Loja Norte;26/09/2026;2;21,0;1665,29;🟡 Planejado;C;Fornecedor Beta;30,0;12,2
PC000165;Loja Norte;21/10/2026;3;21,0;1692,35;🟡 Planejado;C;Fornecedor Beta;30,0;12,3
PC000165;Loja Norte;15/11/2026;4;21,0;1679,82;🟡 Planejado;C;Fornecedor Beta;30,0;12,4
PC000165;Loja Norte;11/12/2026;4;22,0;1740,2;🟡 Planejado;C;Fornecedor Beta;30,0;12,4
PC000165;Loja Norte;05/01/2027;5;21,0;1678,11;🟡 Planejado;C;Fornecedor Beta;30,0;12,4
PC000165;Loja Norte;30/01/2027;6;21,0;1676,2;🟡 Planejado;C;Fornecedor Beta;29,0;12,4
PC000761;Loja Norte;18/08/2026;1;10,0;2002,43;🚨 Urgente (até 7 dias);C;Fornecedor Gamma;66,0;5,5
PC000761;Loja Norte;13/09/2026;2;9,0;1965,79;🟡 Planejado;C;Fornecedor Gamma;68,0;5,4
PC000761;Loja Norte;09/10/2026;2;10,0;2007,76;🟡 Planejado;C;Fornecedor Gamma;68,0;5,4
PC000761;Loja Norte;04/11/2026;3;9,0;1976,67;🟡 Planejado;C;Fornecedor Gamma;68,0;5,4
PC000761;Loja Norte;30/11/2026;4;10,0;1989,0;🟡 Planejado;C;Fornecedor Gamma;68,0;5,4
PC000761;Loja Norte;26/12/2026;5;10,0;1992,17;🟡 Planejado;C;Fornecedor Gamma;68,0;5,4
PC000761;Loja Norte;21/01/2027;6;10,0;1993,01;🟡 Planejado;C;Fornecedor Gamma;68,0;5,4
PC000974;Loja Norte;30/10/2026;3;8,0;1879,33;🟡 Planejado;C;Fornecedor Delta;79,0;4,6
PC000974;Loja Norte;15/11/2026;4;10,0;2395,03;🟡 Planejado;C;Fornecedor Delta;62,0;5,9
PC000974;Loja Norte;11/12/2026;4;10,0;2478,79;🟡 Planejado;C;Fornecedor Delta;62,0;5,9
PC000974;Loja Norte;27/01/2027;6;8,0;1840,66;🟡 Planejado;C;Fornecedor Delta;83,0;4,4
PC000471;Loja Norte;14/11/2026;4;10,0;2638,28;🟡 Planejado;C;Fornecedor Beta;63,0;5,8
PC000471;Loja Norte;10/12/2026;4;10,0;2650,15;🟡 Planejado;C;Fornecedor Beta;63,0;5,8
PC000471;Loja Norte;09/01/2027;5;9,0;2364,92;🟡 Planejado;C;Fornecedor Beta;69,0;5,3
PC000180;Loja Norte;10/11/2026;3;7,0;1613,39;🟡 Planejado;C;Fornecedor Gamma;96,0;3,8
PC000180;Loja Norte;25/11/2026;4;8,0;2098,53;🟡 Planejado;C;Fornecedor Gamma;76,0;4,8
PC000180;Loja Norte;07/01/2027;5;6,0;1442,27;🟡 Planejado;C;Fornecedor Gamma;110,0;3,3
PC000180;Loja Norte;02/02/2027;6;6,0;1452,61;🟡 Planejado;C;Fornecedor Gamma;110,0;3,3
PC000641;Loja Norte;13/10/2026;3;11,0;2682,73;🟡 Planejado;C;Fornecedor Delta;73,0;5,0
PC000641;Loja Norte;07/11/2026;3;9,0;2125,5;🟡 Planejado;C;Fornecedor Delta;73,0;5,0
PC000641;Loja Norte;25/11/2026;4;10,0;2543,87;🟡 Planejado;C;Fornecedor Delta;62,0;5,9
PC000641;Loja Norte;05/01/2027;5;7,0;1827,62;🟡 Planejado;C;Fornecedor Delta;86,0;4,2
PC000641;Loja Norte;03/02/2027;6;7,0;1715,92;🟡 Planejado;C;Fornecedor Delta;92,0;4,0
PC000461;Loja Norte;25/08/2026;1;8,0;1417,31;🔴 Prioritário (até 30 dias);C;Fornecedor Beta;81,0;4,5
PC000461;Loja Norte;13/09/2026;2;10,0;1861,02;🟡 Planejado;C;Fornecedor Beta;65,0;5,7
PC000461;Loja Norte;09/10/2026;2;10,0;1834,38;🟡 Planejado;C;Fornecedor Beta;65,0;5,7
PC000461;Loja Norte;26/10/2026;3;12,0;2189,05;🟡 Planejado;C;Fornecedor Beta;54,0;6,8
PC000461;Loja Norte;12/11/2026;4;15,0;2806,39;🟡 Planejado;C;Fornecedor Beta;42,0;8,8
PC000461;Loja Norte;07/12/2026;4;15,0;2730,95;🟡 Planejado;C;Fornecedor Beta;42,0;8,8
PC000461;Loja Norte;28/01/2027;6;10,0;1891,17;🟡 Planejado;C;Fornecedor Beta;62,0;5,9
PC000813;Loja Norte;23/08/2026;1;11,0;1408,66;🔴 Prioritário (até 30 dias);C;Fornecedor Beta;58,0;6,3
PC000813;Loja Norte;17/09/2026;2;11,0;1381,57;🟡 Planejado;C;Fornecedor Beta;57,0;6,4
PC000813;Loja Norte;12/10/2026;2;11,0;1369,03;🟡 Planejado;C;Fornecedor Beta;57,0;6,4
PC000813;Loja Norte;06/11/2026;3;11,0;1380,88;🟡 Planejado;C;Fornecedor Beta;57,0;6,4
PC000813;Loja Norte;01/12/2026;4;11,0;1378,01;🟡 Planejado;C;Fornecedor Beta;57,0;6,4
PC000813;Loja Norte;26/12/2026;5;11,0;1377,37;🟡 Planejado;C;Fornecedor Beta;57,0;6,4
PC000813;Loja Norte;20/01/2027;6;11,0;1377,48;🟡 Planejado;C;Fornecedor Beta;57,0;6,4
PC000935;Loja Norte;23/11/2026;4;5,0;1595,05;🟡 Planejado;C;Fornecedor Delta;122,0;3,0
PC000935;Loja Norte;18/12/2026;5;5,0;1575,36;🟡 Planejado;C;Fornecedor Delta;122,0;3,0
PC000935;Loja Norte;12/01/2027;6;5,0;1575,34;🟡 Planejado;C;Fornecedor Delta;122,0;3,0
PC000935;Loja Norte;06/02/2027;6;5,0;1575,33;🟡 Planejado;C;Fornecedor Delta;122,0;3,0
PC000209;Loja Norte;13/10/2026;3;14,0;1747,3;🟡 Planejado;C;Fornecedor Delta;49,0;7,4
PC000209;Loja Norte;07/11/2026;3;13,0;1638,77;🟡 Planejado;C;Fornecedor Delta;49,0;7,4
PC000209;Loja Norte;26/11/2026;4;15,0;1877,45;🟡 Planejado;C;Fornecedor Delta;43,0;8,4
PC000209;Loja Norte;03/01/2027;5;11,0;1470,38;🟡 Planejado;C;Fornecedor Delta;56,0;6,5
PC000209;Loja Norte;29/01/2027;6;11,0;1422,85;🟡 Planejado;C;Fornecedor Delta;57,0;6,4
PC000723;Loja Norte;25/11/2026;4;14,0;2002,4;🟡 Planejado;C;Fornecedor Beta;45,0;8,1
PC000723;Loja Norte;08/01/2027;5;9,0;1325,98;🟡 Planejado;C;Fornecedor Beta;67,0;5,4
PC000723;Loja Norte;24/01/2027;6;12,0;1668,78;🟡 Planejado;C;Fornecedor Beta;55,0;6,7
PC000937;Loja Norte;28/11/2026;4;10,0;1219,75;🟡 Planejado;C;Fornecedor Alfa;66,0;5,6
PC000937;Loja Norte;23/12/2026;5;10,0;1212,3;🟡 Planejado;C;Fornecedor Alfa;66,0;5,6
PC000937;Loja Norte;17/01/2027;6;10,0;1212,18;🟡 Planejado;C;Fornecedor Alfa;66,0;5,6
PC000333;Loja Norte;15/11/2026;4;17,0;1813,31;🟡 Planejado;C;Fornecedor Gamma;38,0;9,5
PC000333;Loja Norte;11/12/2026;4;17,0;1850,24;🟡 Planejado;C;Fornecedor Gamma;38,0;9,5
PC000333;Loja Norte;26/01/2027;6;12,0;1350,5;🟡 Planejado;C;Fornecedor Gamma;52,0;7,0
PC000643;Loja Norte;30/08/2026;1;4,0;1049,24;🔴 Prioritário (até 30 dias);C;Fornecedor Alfa;145,0;2,5
PC000643;Loja Norte;25/09/2026;2;4,0;1020,14;🟡 Planejado;C;Fornecedor Alfa;148,0;2,5
PC000643;Loja Norte;13/10/2026;3;9,0;2113,4;🟡 Planejado;C;Fornecedor Alfa;91,0;4,0
PC000643;Loja Norte;07/11/2026;3;7,0;1628,06;🟡 Planejado;C;Fornecedor Alfa;91,0;4,0
PC000643;Loja Norte;28/11/2026;4;7,0;1773,46;🟡 Planejado;C;Fornecedor Alfa;84,0;4,3
PC000643;Loja Norte;13/01/2027;6;5,0;1167,97;🟡 Planejado;C;Fornecedor Alfa;129,0;2,8
PC000643;Loja Norte;07/02/2027;6;5,0;1156,46;🟡 Planejado;C;Fornecedor Alfa;129,0;2,8
PC000785;Loja Norte;08/01/2027;5;4,0;1303,62;🟡 Planejado;C;Fornecedor Alfa;148,0;2,5
PC000785;Loja Norte;03/02/2027;6;4,0;1305,78;🟡 Planejado;C;Fornecedor Alfa;148,0;2,5
PC000291;Loja Norte;03/10/2026;2;5,0;945,36;🟡 Planejado;C;Fornecedor Gamma;122,0;3,0
PC000291;Loja Norte;13/10/2026;3;10,0;1759,1;🟡 Planejado;C;Fornecedor Gamma;74,0;5,0
PC000291;Loja Norte;07/11/2026;3;8,0;1555,59;🟡 Planejado;C;Fornecedor Gamma;74,0;5,0
PC000291;Loja Norte;02/12/2026;4;9,0;1644,16;🟡 Planejado;C;Fornecedor Gamma;72,0;5,0
PC000291;Loja Norte;11/01/2027;6;7,0;1308,83;🟡 Planejado;C;Fornecedor Gamma;92,0;4,0
PC000291;Loja Norte;06/02/2027;6;7,0;1298,5;🟡 Planejado;C;Fornecedor Gamma;92,0;4,0
PC000354;Loja Norte;11/10/2026;2;4,0;1249,78;🟡 Planejado;C;Fornecedor Delta;170,0;2,2
PC000354;Loja Norte;05/11/2026;3;4,0;1216,41;🟡 Planejado;C;Fornecedor Delta;169,0;2,2
PC000354;Loja Norte;30/11/2026;4;4,0;1217,7;🟡 Planejado;C;Fornecedor Delta;169,0;2,2
PC000354;Loja Norte;25/12/2026;5;4,0;1219,0;🟡 Planejado;C;Fornecedor Delta;169,0;2,2
PC000354;Loja Norte;19/01/2027;6;4,0;1220,28;🟡 Planejado;C;Fornecedor Delta;169,0;2,2
PC000856;Loja Norte;13/10/2026;3;12,0;1480,16;🟡 Planejado;C;Fornecedor Delta;55,0;6,7
PC000856;Loja Norte;08/11/2026;3;12,0;1423,33;🟡 Planejado;C;Fornecedor Delta;55,0;6,7
PC000856;Loja Norte;27/11/2026;4;13,0;1607,97;🟡 Planejado;C;Fornecedor Delta;48,0;7,7
PC000856;Loja Norte;11/01/2027;6;11,0;1315,39;🟡 Planejado;C;Fornecedor Delta;64,0;5,7
PC000856;Loja Norte;05/02/2027;6;10,0;1165,18;🟡 Planejado;C;Fornecedor Delta;64,0;5,7
PC000851;Loja Norte;10/09/2026;1;8,0;1087,59;🔴 Prioritário (até 30 dias);C;Fornecedor Alfa;80,0;4,6
PC000851;Loja Norte;05/10/2026;2;8,0;1079,48;🟡 Planejado;C;Fornecedor Alfa;79,0;4,6
PC000851;Loja Norte;30/10/2026;3;8,0;1067,0;🟡 Planejado;C;Fornecedor Alfa;79,0;4,6
PC000851;Loja Norte;24/11/2026;4;8,0;1065,25;🟡 Planejado;C;Fornecedor Alfa;79,0;4,6
PC000851;Loja Norte;19/12/2026;5;8,0;1065,01;🟡 Planejado;C;Fornecedor Alfa;79,0;4,6
PC000851;Loja Norte;13/01/2027;6;8,0;1064,97;🟡 Planejado;C;Fornecedor Alfa;79,0;4,6
PC000851;Loja Norte;07/02/2027;6;8,0;1064,97;🟡 Planejado;C;Fornecedor Alfa;79,0;4,6
PC000603;Loja Norte;28/10/2026;3;13,0;1365,47;🟡 Planejado;C;Fornecedor Alfa;50,0;7,3
PC000603;Loja Norte;15/11/2026;4;15,0;1633,4;🟡 Planejado;C;Fornecedor Alfa;42,0;8,8
PC000603;Loja Norte;11/12/2026;4;16,0;1690,44;🟡 Planejado;C;Fornecedor Alfa;42,0;8,8
PC000603;Loja Norte;31/01/2027;6;11,0;1140,39;🟡 Planejado;C;Fornecedor Alfa;60,0;6,1
PC000375;Loja Norte;30/10/2026;3;11,0;1346,78;🟡 Planejado;D;Fornecedor Gamma;110,0;3,3
PC000375;Loja Norte;04/12/2026;4;11,0;1315,38;🟡 Planejado;D;Fornecedor Gamma;109,0;3,3
PC000375;Loja Norte;08/01/2027;5;11,0;1313,48;🟡 Planejado;D;Fornecedor Gamma;109,0;3,3
PC000884;Loja Norte;07/02/2027;6;5,0;1608,99;🟡 Planejado;D;Fornecedor Alfa;263,0;1,4
PC000833;Loja Norte;03/11/2026;3;14,0;3733,6;🟡 Planejado;D;Fornecedor Delta;89,0;4,1
PC000833;Loja Norte;09/12/2026;4;14,0;3677,67;🟡 Planejado;D;Fornecedor Delta;90,0;4,1
PC000833;Loja Norte;14/01/2027;6;14,0;3623,7;🟡 Planejado;D;Fornecedor Delta;91,0;4,0
PC000240;Loja Norte;27/09/2026;2;14,0;1303,9;🟡 Planejado;D;Fornecedor Alfa;86,0;4,2
PC000240;Loja Norte;25/10/2026;3;16,0;1461,22;🟡 Planejado;D;Fornecedor Alfa;76,0;4,8
PC000240;Loja Norte;25/11/2026;4;18,0;1613,42;🟡 Planejado;D;Fornecedor Alfa;70,0;5,2
PC000240;Loja Norte;11/01/2027;6;15,0;1323,07;🟡 Planejado;D;Fornecedor Alfa;84,0;4,4
PC000223;Loja Norte;01/10/2026;2;6,0;1255,41;🟡 Planejado;D;Fornecedor Alfa;195,0;1,9
PC000223;Loja Norte;05/11/2026;3;6,0;1253,47;🟡 Planejado;D;Fornecedor Alfa;195,0;1,9
PC000223;Loja Norte;10/12/2026;4;6,0;1253,47;🟡 Planejado;D;Fornecedor Alfa;195,0;1,9
PC000223;Loja Norte;14/01/2027;6;6,0;1253,47;🟡 Planejado;D;Fornecedor Alfa;195,0;1,9
PC000011;Loja Norte;04/12/2026;4;19,0;2006,3;🟡 Planejado;D;Fornecedor Beta;65,0;5,6
PC000011;Loja Norte;04/02/2027;6;14,0;1508,06;🟡 Planejado;D;Fornecedor Beta;87,0;4,2
PC000868;Loja Norte;04/10/2026;2;14,0;1139,55;🟡 Planejado;D;Fornecedor Gamma;88,0;4,1
PC000868;Loja Norte;08/11/2026;3;14,0;1148,49;🟡 Planejado;D;Fornecedor Gamma;87,0;4,2
PC000868;Loja Norte;13/12/2026;5;14,0;1139,68;🟡 Planejado;D;Fornecedor Gamma;87,0;4,2
PC000868;Loja Norte;17/01/2027;6;14,0;1135,35;🟡 Planejado;D;Fornecedor Gamma;87,0;4,2
PC000601;Loja Norte;20/10/2026;3;15,0;1424,12;🟡 Planejado;D;Fornecedor Alfa;80,0;4,5
PC000601;Loja Norte;15/11/2026;4;19,0;1724,67;🟡 Planejado;D;Fornecedor Alfa;66,0;5,5
PC000601;Loja Norte;11/01/2027;6;15,0;1393,09;🟡 Planejado;D;Fornecedor Alfa;89,0;4,1
PC000348;Loja Norte;06/11/2026;3;8,0;1298,78;🟡 Planejado;D;Fornecedor Delta;166,0;2,2
PC000348;Loja Norte;11/12/2026;4;7,0;1276,54;🟡 Planejado;D;Fornecedor Delta;165,0;2,2
PC000348;Loja Norte;15/01/2027;6;7,0;1274,75;🟡 Planejado;D;Fornecedor Delta;165,0;2,2
PC000614;Loja Norte;12/11/2026;4;19,0;2842,22;🟡 Planejado;D;Fornecedor Alfa;81,0;4,5
PC000614;Loja Norte;19/01/2027;6;10,0;1462,19;🟡 Planejado;D;Fornecedor Alfa;129,0;2,8
PC000388;Loja Norte;18/08/2026;1;18,0;1200,62;🚨 Urgente (até 7 dias);D;Fornecedor Gamma;68,0;5,4
PC000388;Loja Norte;23/09/2026;2;19,0;1221,83;🟡 Planejado;D;Fornecedor Gamma;68,0;5,4
PC000388;Loja Norte;29/10/2026;3;19,0;1221,83;🟡 Planejado;D;Fornecedor Gamma;68,0;5,4
PC000388;Loja Norte;04/12/2026;4;19,0;1221,83;🟡 Planejado;D;Fornecedor Gamma;68,0;5,4
PC000388;Loja Norte;09/01/2027;5;19,0;1221,83;🟡 Planejado;D;Fornecedor Gamma;68,0;5,4
PC000450;Loja Norte;04/02/2027;6;4,0;1364,53;🟡 Planejado;D;Fornecedor Alfa;279,0;1,3
PC000260;Loja Norte;19/01/2027;6;6,0;1619,35;🟡 Planejado;D;Fornecedor Gamma;203,0;1,8
PC000437;Loja Norte;04/12/2026;4;16,0;2356,02;🟡 Planejado;D;Fornecedor Gamma;76,0;4,8
PC000731;Loja Norte;11/10/2026;2;10,0;1466,16;🟡 Planejado;D;Fornecedor Beta;123,0;3,0
PC000731;Loja Norte;29/10/2026;3;13,0;1857,58;🟡 Planejado;D;Fornecedor Beta;95,0;3,9
PC000731;Loja Norte;26/11/2026;4;15,0;2094,59;🟡 Planejado;D;Fornecedor Beta;84,0;4,3
PC000731;Loja Norte;23/01/2027;6;11,0;1549,94;🟡 Planejado;D;Fornecedor Beta;114,0;3,2
PC000607;Loja Norte;22/08/2026;1;34,0;1297,33;🔴 Prioritário (até 30 dias);D;Fornecedor Gamma;36,0;10,1
PC000607;Loja Norte;26/09/2026;2;34,0;1283,05;🟡 Planejado;D;Fornecedor Gamma;36,0;10,1
PC000607;Loja Norte;31/10/2026;3;34,0;1282,87;🟡 Planejado;D;Fornecedor Gamma;36,0;10,1
PC000607;Loja Norte;05/12/2026;4;34,0;1282,83;🟡 Planejado;D;Fornecedor Gamma;36,0;10,1
PC000607;Loja Norte;09/01/2027;5;34,0;1282,79;🟡 Planejado;D;Fornecedor Gamma;36,0;10,1
PC000593;Loja Norte;08/12/2026;4;24,0;1532,35;🟡 Planejado;D;Fornecedor Beta;52,0;7,0
PC000593;Loja Norte;06/02/2027;6;18,0;1167,54;🟡 Planejado;D;Fornecedor Beta;69,0;5,3
PC000030;Loja Norte;06/01/2027;5;3,0;996,64;🟡 Planejado;D;Fornecedor Beta;461,0;0,8
PC000112;Loja Norte;29/09/2026;2;9,0;926,08;🟡 Planejado;D;Fornecedor Beta;143,0;2,6
PC000112;Loja Norte;17/10/2026;3;12,0;1327,01;🟡 Planejado;D;Fornecedor Beta;102,0;3,6
PC000112;Loja Norte;16/11/2026;4;14,0;1462,88;🟡 Planejado;D;Fornecedor Beta;91,0;4,0
PC000112;Loja Norte;08/01/2027;5;10,0;1087,05;🟡 Planejado;D;Fornecedor Beta;122,0;3,0
PC000765;Loja Norte;26/11/2026;4;18,0;1374,46;🟡 Planejado;D;Fornecedor Gamma;68,0;5,4
PC000765;Loja Norte;29/01/2027;6;13,0;976,52;🟡 Planejado;D;Fornecedor Gamma;96,0;3,8
PC000292;Loja Norte;14/08/2026;1;19,0;1253,95;🚨 Urgente (até 7 dias);D;Fornecedor Delta;76,0;4,8
PC000292;Loja Norte;18/09/2026;2;17,0;1120,07;🟡 Planejado;D;Fornecedor Delta;75,0;4,9
PC000292;Loja Norte;23/10/2026;3;16,0;1099,83;🟡 Planejado;D;Fornecedor Delta;75,0;4,9
PC000292;Loja Norte;27/11/2026;4;16,0;1096,07;🟡 Planejado;D;Fornecedor Delta;75,0;4,9
PC000292;Loja Norte;01/01/2027;5;16,0;1095,37;🟡 Planejado;D;Fornecedor Delta;75,0;4,9
PC000292;Loja Norte;05/02/2027;6;16,0;1095,25;🟡 Planejado;D;Fornecedor Delta;75,0;4,9
PC000722;Loja Norte;06/09/2026;1;12,0;763,03;🔴 Prioritário (até 30 dias);D;Fornecedor Alfa;101,0;3,6
PC000722;Loja Norte;04/10/2026;2;14,0;838,29;🟡 Planejado;D;Fornecedor Alfa;90,0;4,0
PC000722;Loja Norte;13/10/2026;3;24,0;1504,47;🟡 Planejado;D;Fornecedor Alfa;53,0;6,9
PC000722;Loja Norte;20/11/2026;4;22,0;1382,46;🟡 Planejado;D;Fornecedor Alfa;56,0;6,6
PC000722;Loja Norte;11/01/2027;6;18,0;1108,21;🟡 Planejado;D;Fornecedor Alfa;69,0;5,3
PC000920;Loja Norte;11/01/2027;6;6,0;1224,6;🟡 Planejado;D;Fornecedor Alfa;194,0;1,9
PC000494;Loja Norte;23/09/2026;2;20,0;799,72;🟡 Planejado;D;Fornecedor Delta;63,0;5,8
PC000494;Loja Norte;13/10/2026;3;32,0;1310,64;🟡 Planejado;D;Fornecedor Delta;42,0;8,7
PC000494;Loja Norte;12/11/2026;4;38,0;1540,89;🟡 Planejado;D;Fornecedor Delta;35,0;10,5
PC000494;Loja Norte;09/01/2027;5;24,0;957,19;🟡 Planejado;D;Fornecedor Delta;52,0;7,0
PC000494;Loja Norte;08/02/2027;6;25,0;1022,16;🟡 Planejado;D;Fornecedor Delta;48,0;7,5
PC000408;Loja Norte;25/11/2026;4;4,0;1284,95;🟡 Planejado;D;Fornecedor Delta;353,0;1,0
PC000408;Loja Norte;29/01/2027;6;2,0;839,76;🟡 Planejado;D;Fornecedor Delta;532,0;0,7
PC000755;Loja Norte;12/01/2027;6;5,0;2219,38;🟡 Planejado;D;Fornecedor Beta;246,0;1,5
PC000100;Loja Norte;19/09/2026;2;5,0;827,4;🟡 Planejado;D;Fornecedor Beta;243,0;1,5
PC000100;Loja Norte;24/10/2026;3;5,0;826,81;🟡 Planejado;D;Fornecedor Beta;242,0;1,5
PC000100;Loja Norte;28/11/2026;4;5,0;824,64;🟡 Planejado;D;Fornecedor Beta;242,0;1,5
PC000100;Loja Norte;02/01/2027;5;5,0;824,13;🟡 Planejado;D;Fornecedor Beta;242,0;1,5
PC000100;Loja Norte;06/02/2027;6;5,0;824,02;🟡 Planejado;D;Fornecedor Beta;242,0;1,5
PC000791;Loja Norte;10/11/2026;3;10,0;762,18;🟡 Planejado;D;Fornecedor Alfa;121,0;3,0
PC000791;Loja Norte;15/12/2026;5;10,0;758,68;🟡 Planejado;D;Fornecedor Alfa;121,0;3,0
PC000791;Loja Norte;19/01/2027;6;10,0;755,8;🟡 Planejado;D;Fornecedor Alfa;121,0;3,0
PC000014;Loja Norte;04/09/2026;1;28,0;704,73;🔴 Prioritário (até 30 dias);D;Fornecedor Alfa;45,0;8,1
PC000014;Loja Norte;10/10/2026;2;28,0;714,55;🟡 Planejado;D;Fornecedor Alfa;45,0;8,1
PC000014;Loja Norte;14/11/2026;4;27,0;694,71;🟡 Planejado;D;Fornecedor Alfa;45,0;8,1
PC000014;Loja Norte;19/12/2026;5;27,0;694,71;🟡 Planejado;D;Fornecedor Alfa;45,0;8,1
PC000014;Loja Norte;23/01/2027;6;27,0;694,71;🟡 Planejado;D;Fornecedor Alfa;45,0;8,1
PC000067;Loja Norte;04/02/2027;6;6,0;731,52;🟡 Planejado;D;Fornecedor Alfa;192,0;1,9
PC000604;Loja Norte;04/01/2027;5;5,0;760,47;🟡 Planejado;D;Fornecedor Delta;269,0;1,4
PC000604;Loja Norte;09/02/2027;6;5,0;763,21;🟡 Planejado;D;Fornecedor Delta;270,0;1,4
PC000133;Loja Norte;13/10/2026;3;14,0;605,86;🟡 Planejado;D;Fornecedor Delta;89,0;4,1
PC000133;Loja Norte;17/11/2026;4;14,0;604,61;🟡 Planejado;D;Fornecedor Delta;89,0;4,1
PC000133;Loja Norte;22/12/2026;5;14,0;603,9;🟡 Planejado;D;Fornecedor Delta;89,0;4,1
PC000133;Loja Norte;26/01/2027;6;14,0;603,74;🟡 Planejado;D;Fornecedor Delta;89,0;4,1
PC000319;Loja Norte;30/10/2026;3;18,0;776,22;🟡 Planejado;D;Fornecedor Beta;70,0;5,2
PC000319;Loja Norte;04/12/2026;4;17,0;768,88;🟡 Planejado;D;Fornecedor Beta;70,0;5,2
PC000319;Loja Norte;08/01/2027;5;17,0;768,06;🟡 Planejado;D;Fornecedor Beta;70,0;5,2
PC000191;Loja Norte;08/10/2026;2;19,0;730,36;🟡 Planejado;E;Fornecedor Delta;107,0;3,4
PC000191;Loja Norte;24/10/2026;3;28,0;1041,38;🟡 Planejado;E;Fornecedor Delta;74,0;4,9
PC000191;Loja Norte;20/11/2026;4;36,0;1362,6;🟡 Planejado;E;Fornecedor Delta;57,0;6,4
PC000677;Loja Norte;16/09/2026;2;12,0;518,6;🟡 Planejado;E;Fornecedor Gamma;172,0;2,1
PC000677;Loja Norte;13/10/2026;3;19,0;824,03;🟡 Planejado;E;Fornecedor Gamma;119,0;3,1
PC000677;Loja Norte;16/11/2026;4;21,0;907,01;🟡 Planejado;E;Fornecedor Gamma;99,0;3,7
PC000677;Loja Norte;01/02/2027;6;15,0;637,77;🟡 Planejado;E;Fornecedor Gamma;141,0;2,6
PC000998;Loja Norte;15/09/2026;2;16,0;609,62;🟡 Planejado;E;Fornecedor Gamma;130,0;2,8
PC000998;Loja Norte;30/10/2026;3;16,0;601,71;🟡 Planejado;E;Fornecedor Gamma;130,0;2,8
PC000998;Loja Norte;14/12/2026;5;16,0;600,98;🟡 Planejado;E;Fornecedor Gamma;130,0;2,8
PC000998;Loja Norte;28/01/2027;6;16,0;600,03;🟡 Planejado;E;Fornecedor Gamma;130,0;2,8
PC000903;Loja Norte;26/11/2026;4;15,0;5280,19;🟡 Planejado;E;Fornecedor Delta;135,0;2,7
PC000903;Loja Norte;10/01/2027;5;15,0;5165,4;🟡 Planejado;E;Fornecedor Delta;135,0;2,7
PC000605;Loja Norte;17/12/2026;5;17,0;639,47;🟡 Planejado;E;Fornecedor Beta;123,0;3,0
PC000605;Loja Norte;31/01/2027;6;16,0;635,78;🟡 Planejado;E;Fornecedor Beta;123,0;3,0
PC000540;Loja Norte;06/10/2026;2;2,0;599,75;🟡 Planejado;E;Fornecedor Delta;828,0;0,4
PC000540;Loja Norte;05/11/2026;3;3,0;718,13;🟡 Planejado;E;Fornecedor Delta;689,0;0,5
PC000540;Loja Norte;11/12/2026;4;3,0;794,07;🟡 Planejado;E;Fornecedor Delta;619,0;0,6
PC000540;Loja Norte;06/02/2027;6;3,0;704,41;🟡 Planejado;E;Fornecedor Delta;693,0;0,5
PC000776;Loja Norte;21/08/2026;1;4,0;531,66;🔴 Prioritário (até 30 dias);E;Fornecedor Beta;565,0;0,6
PC000776;Loja Norte;13/10/2026;3;7,0;1031,63;🟡 Planejado;E;Fornecedor Beta;412,0;0,9
PC000776;Loja Norte;17/11/2026;4;6,0;855,19;🟡 Planejado;E;Fornecedor Beta;352,0;1,0
PC000776;Loja Norte;22/01/2027;6;5,0;682,12;🟡 Planejado;E;Fornecedor Beta;444,0;0,8
PC000022;Loja Norte;10/01/2027;5;12,0;1724,31;🟡 Planejado;E;Fornecedor Gamma;167,0;2,2
PC000381;Loja Norte;13/10/2026;3;9,0;725,65;🟡 Planejado;E;Fornecedor Beta;239,0;1,5
PC000381;Loja Norte;23/11/2026;4;9,0;742,69;🟡 Planejado;E;Fornecedor Beta;223,0;1,6
PC000381;Loja Norte;20/01/2027;6;8,0;630,88;🟡 Planejado;E;Fornecedor Beta;259,0;1,4
PC000298;Loja Norte;16/09/2026;2;10,0;540,51;🟡 Planejado;E;Fornecedor Beta;207,0;1,8
PC000298;Loja Norte;31/10/2026;3;10,0;535,21;🟡 Planejado;E;Fornecedor Beta;207,0;1,8
PC000298;Loja Norte;15/12/2026;5;10,0;533,61;🟡 Planejado;E;Fornecedor Beta;206,0;1,8
PC000298;Loja Norte;29/01/2027;6;10,0;532,39;🟡 Planejado;E;Fornecedor Beta;206,0;1,8
PC000645;Loja Norte;27/09/2026;2;11,0;543,13;🟡 Planejado;E;Fornecedor Delta;178,0;2,0
PC000645;Loja Norte;11/11/2026;3;12,0;545,89;🟡 Planejado;E;Fornecedor Delta;177,0;2,1
PC000645;Loja Norte;26/12/2026;5;11,0;543,96;🟡 Planejado;E;Fornecedor Delta;177,0;2,1
PC000645;Loja Norte;09/02/2027;6;11,0;542,02;🟡 Planejado;E;Fornecedor Delta;177,0;2,1
PC000038;Loja Norte;17/11/2026;4;2,0;503,47;🟡 Planejado;E;Fornecedor Delta;;
PC000038;Loja Norte;02/01/2027;5;2,0;503,47;🟡 Planejado;E;Fornecedor Delta;;
PC000033;Loja Norte;22/11/2026;4;5,0;550,16;🟡 Planejado;E;Fornecedor Gamma;411,0;0,9
PC000033;Loja Norte;06/01/2027;5;5,0;540,53;🟡 Planejado;E;Fornecedor Gamma;411,0;0,9
PC000705;Loja Norte;29/11/2026;4;13,0;2647,37;🟡 Planejado;E;Fornecedor Alfa;156,0;2,3
PC000705;Loja Norte;14/01/2027;6;13,0;2687,81;🟡 Planejado;E;Fornecedor Alfa;156,0;2,3
PC000073;Loja Norte;01/09/2026;1;18,0;478,05;🔴 Prioritário (até 30 dias);E;Fornecedor Alfa;114,0;3,2
PC000073;Loja Norte;08/10/2026;2;20,0;534,74;🟡 Planejado;E;Fornecedor Alfa;103,0;3,6
PC000073;Loja Norte;28/10/2026;3;27,0;718,16;🟡 Planejado;E;Fornecedor Alfa;76,0;4,8
PC000073;Loja Norte;28/11/2026;4;32,0;861,48;🟡 Planejado;E;Fornecedor Alfa;63,0;5,8
PC000983;Loja Norte;08/09/2026;1;10,0;2020,99;🔴 Prioritário (até 30 dias);E;Fornecedor Alfa;213,0;1,7
PC000983;Loja Norte;24/10/2026;3;10,0;2044,38;🟡 Planejado;E;Fornecedor Alfa;213,0;1,7
PC000983;Loja Norte;09/12/2026;4;10,0;2044,38;🟡 Planejado;E;Fornecedor Alfa;213,0;1,7
PC000983;Loja Norte;24/01/2027;6;10,0;2044,38;🟡 Planejado;E;Fornecedor Alfa;213,0;1,7
PC000598;Loja Norte;22/01/2027;6;13,0;566,87;🟡 Planejado;E;Fornecedor Alfa;156,0;2,3
PC000091;Loja Norte;30/08/2026;1;10,0;4119,49;🔴 Prioritário (até 30 dias);E;Fornecedor Beta;213,0;1,7
PC000091;Loja Norte;15/10/2026;3;10,0;4124,21;🟡 Planejado;E;Fornecedor Beta;213,0;1,7
PC000091;Loja Norte;30/11/2026;4;10,0;4124,21;🟡 Planejado;E;Fornecedor Beta;213,0;1,7
PC000091;Loja Norte;15/01/2027;6;10,0;4124,21;🟡 Planejado;E;Fornecedor Beta;213,0;1,7
PC000926;Loja Norte;09/02/2027;6;13,0;615,45;🟡 Planejado;E;Fornecedor Beta;165,0;2,2
PC000372;Loja Norte;21/10/2026;3;26,0;2267,21;🟡 Planejado;E;Fornecedor Delta;79,0;4,6
PC000372;Loja Norte;05/12/2026;4;26,0;2243,75;🟡 Planejado;E;Fornecedor Delta;79,0;4,6
PC000372;Loja Norte;19/01/2027;6;26,0;2243,75;🟡 Planejado;E;Fornecedor Delta;79,0;4,6
PC000867;Loja Norte;29/09/2026;2;16,0;443,78;🟡 Planejado;E;Fornecedor Alfa;125,0;2,9
PC000867;Loja Norte;25/10/2026;3;21,0;568,18;🟡 Planejado;E;Fornecedor Alfa;97,0;3,7
PC000867;Loja Norte;01/12/2026;4;24,0;637,96;🟡 Planejado;E;Fornecedor Alfa;87,0;4,2
PC000498;Loja Norte;14/11/2026;4;3,0;648,21;🟡 Planejado;E;Fornecedor Delta;678,0;0,5
PC000423;Loja Norte;16/08/2026;1;11,0;292,55;🚨 Urgente (até 7 dias);E;Fornecedor Alfa;185,0;2,0
PC000423;Loja Norte;26/09/2026;2;12,0;314,56;🟡 Planejado;E;Fornecedor Alfa;173,0;2,1
PC000423;Loja Norte;22/10/2026;3;15,0;402,84;🟡 Planejado;E;Fornecedor Alfa;133,0;2,7
PC000423;Loja Norte;14/11/2026;4;22,0;569,72;🟡 Planejado;E;Fornecedor Alfa;95,0;3,8
PC000455;Loja Norte;14/08/2026;1;28,0;600,27;🚨 Urgente (até 7 dias);E;Fornecedor Gamma;123,0;3,0
PC000455;Loja Norte;02/10/2026;2;16,0;341,93;🟡 Planejado;E;Fornecedor Gamma;129,0;2,8
PC000455;Loja Norte;19/10/2026;3;23,0;490,63;🟡 Planejado;E;Fornecedor Gamma;89,0;4,1
PC000455;Loja Norte;24/11/2026;4;27,0;572,7;🟡 Planejado;E;Fornecedor Gamma;77,0;4,7
PC000847;Loja Norte;28/08/2026;1;26,0;1631,62;🔴 Prioritário (até 30 dias);E;Fornecedor Gamma;78,0;4,7
PC000847;Loja Norte;13/10/2026;3;27,0;1639,85;🟡 Planejado;E;Fornecedor Gamma;78,0;4,7
PC000847;Loja Norte;28/11/2026;4;27,0;1639,85;🟡 Planejado;E;Fornecedor Gamma;78,0;4,7
PC000847;Loja Norte;13/01/2027;6;27,0;1639,85;🟡 Planejado;E;Fornecedor Gamma;78,0;4,7
PC000599;Loja Norte;09/09/2026;1;8,0;387,49;🔴 Prioritário (até 30 dias);E;Fornecedor Beta;244,0;1,5
PC000599;Loja Norte;24/10/2026;3;8,0;382,54;🟡 Planejado;E;Fornecedor Beta;243,0;1,5
PC000599;Loja Norte;08/12/2026;4;8,0;382,31;🟡 Planejado;E;Fornecedor Beta;243,0;1,5
PC000599;Loja Norte;22/01/2027;6;8,0;383,3;🟡 Planejado;E;Fornecedor Beta;243,0;1,5
PC000084;Loja Norte;07/12/2026;4;5,0;1824,22;🟡 Planejado;E;Fornecedor Alfa;450,0;0,8
PC000084;Loja Norte;22/01/2027;6;5,0;1824,22;🟡 Planejado;E;Fornecedor Alfa;450,0;0,8
PC000202;Loja Norte;14/08/2026;1;20,0;386,07;🚨 Urgente (até 7 dias);E;Fornecedor Beta;132,0;2,8
PC000202;Loja Norte;06/10/2026;2;14,0;266,52;🟡 Planejado;E;Fornecedor Beta;146,0;2,5
PC000202;Loja Norte;24/10/2026;3;20,0;374,48;🟡 Planejado;E;Fornecedor Beta;103,0;3,5
PC000202;Loja Norte;30/11/2026;4;22,0;415,94;🟡 Planejado;E;Fornecedor Beta;93,0;3,9
PC000101;Loja Norte;13/10/2026;3;18,0;607,38;🟡 Planejado;E;Fornecedor Beta;153,0;2,4
PC000101;Loja Norte;23/11/2026;4;14,0;473,27;🟡 Planejado;E;Fornecedor Beta;144,0;2,5
PC000369;Loja Norte;05/10/2026;2;19,0;1652,24;🟡 Planejado;E;Fornecedor Beta;109,0;3,3
PC000369;Loja Norte;19/11/2026;4;19,0;1617,27;🟡 Planejado;E;Fornecedor Beta;109,0;3,3
PC000369;Loja Norte;03/01/2027;5;19,0;1617,27;🟡 Planejado;E;Fornecedor Beta;109,0;3,3
PC000506;Loja Norte;30/01/2027;6;4,0;737,12;🟡 Planejado;E;Fornecedor Gamma;506,0;0,7
PC000301;Loja Norte;14/08/2026;1;13,0;295,85;🚨 Urgente (até 7 dias);E;Fornecedor Delta;186,0;2,0
PC000301;Loja Norte;28/09/2026;2;11,0;244,42;🟡 Planejado;E;Fornecedor Delta;184,0;2,0
PC000301;Loja Norte;12/11/2026;4;11,0;242,8;🟡 Planejado;E;Fornecedor Delta;184,0;2,0
PC000301;Loja Norte;27/12/2026;5;11,0;241,93;🟡 Planejado;E;Fornecedor Delta;184,0;2,0
PC000284;Loja Norte;15/11/2026;4;19,0;230,14;🟡 Planejado;E;Fornecedor Beta;110,0;3,3
PC000284;Loja Norte;27/01/2027;6;14,0;174,2;🟡 Planejado;E;Fornecedor Beta;144,0;2,5
PC000902;Loja Norte;31/10/2026;3;17,0;179,0;🟡 Planejado;E;Fornecedor Alfa;118,0;3,1
PC000902;Loja Norte;16/12/2026;5;17,0;180,41;🟡 Planejado;E;Fornecedor Alfa;118,0;3,1
PC000902;Loja Norte;31/01/2027;6;18,0;180,58;🟡 Planejado;E;Fornecedor Alfa;118,0;3,1
PC000961;Loja Norte;01/11/2026;3;9,0;542,71;🟡 Planejado;E;Fornecedor Delta;225,0;1,6
PC000961;Loja Norte;17/12/2026;5;9,0;554,76;🟡 Planejado;E;Fornecedor Delta;225,0;1,6
PC000961;Loja Norte;01/02/2027;6;9,0;554,76;🟡 Planejado;E;Fornecedor Delta;225,0;1,6
PC000050;Loja Norte;13/10/2026;3;13,0;218,25;🟡 Planejado;E;Fornecedor Delta;188,0;1,9
PC000050;Loja Norte;12/11/2026;4;14,0;243,28;🟡 Planejado;E;Fornecedor Delta;147,0;2,5
PC000050;Loja Norte;03/02/2027;6;9,0;157,77;🟡 Planejado;E;Fornecedor Delta;224,0;1,6
PC000795;Loja Norte;16/10/2026;3;6,0;164,61;🟡 Planejado;E;Fornecedor Alfa;332,0;1,1
PC000795;Loja Norte;30/11/2026;4;6,0;161,48;🟡 Planejado;E;Fornecedor Alfa;332,0;1,1
PC000795;Loja Norte;14/01/2027;6;6,0;161,45;🟡 Planejado;E;Fornecedor Alfa;331,0;1,1
PC000203;Loja Norte;14/08/2026;1;57,0;1015,05;🚨 Urgente (até 7 dias);E;Fornecedor Delta;70,0;5,2
PC000203;Loja Norte;28/09/2026;2;29,0;515,62;🟡 Planejado;E;Fornecedor Delta;70,0;5,2
PC000203;Loja Norte;12/11/2026;4;29,0;515,62;🟡 Planejado;E;Fornecedor Delta;70,0;5,2
PC000203;Loja Norte;27/12/2026;5;29,0;515,62;🟡 Planejado;E;Fornecedor Delta;70,0;5,2
PC000651;Loja Norte;13/11/2026;4;6,0;142,87;🟡 Planejado;E;Fornecedor Gamma;347,0;1,1
PC000651;Loja Norte;29/12/2026;5;6,0;142,65;🟡 Planejado;E;Fornecedor Gamma;348,0;1,1
PC000516;Loja Norte;25/12/2026;5;10,0;116,45;🟡 Planejado;E;Fornecedor Delta;198,0;1,8
PC000516;Loja Norte;08/02/2027;6;10,0;116,03;🟡 Planejado;E;Fornecedor Delta;198,0;1,8
PC000340;Loja Norte;14/08/2026;1;28,0;603,64;🚨 Urgente (até 7 dias);E;Fornecedor Gamma;99,0;3,7
PC000340;Loja Norte;28/09/2026;2;20,0;441,77;🟡 Planejado;E;Fornecedor Gamma;99,0;3,7
PC000340;Loja Norte;12/11/2026;4;20,0;441,77;🟡 Planejado;E;Fornecedor Gamma;99,0;3,7
PC000340;Loja Norte;27/12/2026;5;20,0;441,77;🟡 Planejado;E;Fornecedor Gamma;99,0;3,7
PC000169;Loja Norte;05/12/2026;4;15,0;165,18;🟡 Planejado;E;Fornecedor Alfa;133,0;2,7
PC000810;Loja Norte;25/08/2026;1;10,0;496,59;🔴 Prioritário (até 30 dias);E;Fornecedor Delta;213,0;1,7
PC000810;Loja Norte;09/10/2026;2;10,0;489,16;🟡 Planejado;E;Fornecedor Delta;213,0;1,7
PC000810;Loja Norte;23/11/2026;4;10,0;489,16;🟡 Planejado;E;Fornecedor Delta;213,0;1,7
PC000810;Loja Norte;07/01/2027;5;10,0;489,16;🟡 Planejado;E;Fornecedor Delta;213,0;1,7
