Ano;mês;Filial;disponibilidades saldo;contas a receber saldo;estoque inicial do mês de mercadorias para revenda saldo;estoque final do mês de mercadorias para revenda saldo;Outros AC;Ativo NC;contas a pagar de fornecedores saldo;Passivos Financeiros;Outros PC;Passivo NC;Aporte;despesas administrativas;CMV (custo da mercadoria vendida);provisão para contribuição social;despesas comerciais;despesas com depreciações e amortizações;despesas financeiras líquidas;devoluções de vendas;provisão para imposto de renda;receitas não operacionais;receita bruta de vendas;pró-labore/distribuição de lucro;Disponibilidades entradas;Disponibilidades Saida;Centro de Custos Entradas 3;Centro de Custos Entradas 2;Centro de Custos Entradas 1;numero de vendas;impostos sobre vendas;Centro de Custos Entradas 4;Centro de Custos Saidas 1;Centro de Custos Saidas 3;Centro de Custos Saidas 4;despesas não operacionais;Centro de Custos Saidas 2;Data
2024;jan;Loja Sul;7730191,09;13204280,08;0,0;6097272,48;750698,62;0,0;8932996,31;0,0;3862714,55;0,0;0,0;457023,79000000004;3332889,4099999997;47646,75;429860,36000000004;47353,0;30961,16;47728,28;141480,15;18850,04;4657051,949999999;0,0;4484646,95;3884582,13;1091913,96;740941,68;2495803,6;0,0;0,0;155987,71;1403889,38;1013920,23;272978,55;0,0;1193793,97;2024-01-01
2024;jan;Loja Norte;6630539,61;10821419,57;0,0;5107824,72;627063,45;0,0;7973808,59;0,0;3243012,91;0,0;0,0;357039,77;2772185,8200000003;37185,19;335622,85;37530,52;24401,87;37421,8;111419,37;15717,93;3918862,3699999996;0,0;4123275,46;3663028,6599999997;1003927,92;681236,88;2294692,39;0,0;0,0;143418,27000000002;1290764,47;932218,9299999999;250982,05;0,0;1189063,21;2024-01-01
2024;jan;Loja Centro;9879363,67;16647331,82;0,0;7781742,72;948046,27;0,0;11208255,93;0,0;4909782,65;0,0;0,0;577586,65;4283733,5600000005;60134,88;539575,48;60131,2;38920,23;59884,08;181790,15;23597,52;5956077,8;0,0;5410075,35;4711452,39;1317235,82;893838,48;3010824,51;0,0;0,0;188176,54;1693588,69;1223147,54;329308,85;0,0;1465407,31;2024-01-01
2024;jan;(Todas as filiais);16469963,64;0,0;0,0;0,0;0,0;81380996,82;0,0;14532320,86;0,0;42628141,19;0,0;0,0;0,0;0,0;0,0;0,0;0,0;0,0;0,0;0,0;0,0;0,0;0,0;0,0;0,0;0,0;0,0;0,0;0,0;0,0;0,0;0,0;0,0;0,0;0,0;2024-01-01
2024;fev;(Todas as filiais);16937126,76;0,0;0,0;0,0;0,0;83689332,23;0,0;14944523,61;0,0;43837269,27;0,0;0,0;0,0;0,0;0,0;0,0;0,0;0,0;0,0;0,0;0,0;0,0;0,0;0,0;0,0;0,0;0,0;0,0;0,0;0,0;0,0;0,0;0,0;0,0;0,0;2024-02-01
2024;fev;Loja Centro;10162973,86;17104253,1;0,0;7921442,1;992045,21;0,0;12197656,12;0,0;5212259,96;0,0;0,0;599407,62;4436122,24;62840,7;559885,7300000001;62783,56;40642,46;62746,15;186196,5;24576,07;6168711,66;0,0;5799550,4;4858227,12;1422901,51;961685,27;3238327,68;0,0;0,0;176635,94;1766360,53;1314957,37;196262,33;0,0;1580646,89;2024-02-01
2024;fev;Loja Norte;6604590,83;11002874,97;0,0;5226523,61;618834,32;0,0;8258886,6;0,0;3378651,54;0,0;0,0;363240,39999999997;2836086,37;37839,42;341126,33;37465,48;24495,73;37727,27;113318,66;16227,149999999998;4028290,69;0,0;4307117,609999999;3662774,38;1056737,79;714208,95;2404989,53;0,0;0,0;131181,34;1311812,5;976571,63;145756,98;0,0;1228633,27;2024-02-01
2024;fev;Loja Sul;7866816,94;13261917,9;0,0;6177473,44;750027,25;0,0;9304356,89;0,0;4062795,2600000002;0,0;0,0;459447,68000000005;3406735,5200000005;47410,86;432515,17000000004;47794,66;31129,18;47612,09;144985,08;19120,5;4777043,99;0,0;4575045,63;3814035,7199999997;1122473,18;758636,96;2554593,95;0,0;0,0;139341,54;1393414,88;1037319,79;154823,79;0,0;1228477,26;2024-02-01
2024;mar;Loja Sul;7722034,78;12939812,78;0,0;6074734,7;741169,19;0,0;8999911,41;0,0;3960864,0700000003;0,0;0,0;470103,77;3452511,88;48803,66;440230,06999999995;48940,55;31887,14;48764,51;148722,15;19354,35;4825092,9;0,0;5045832,42;4057794,71;1216840,56;827451,54;2839294,73;0,0;0,0;162245,59;1500770,16;1127605,72;121684,01;0,0;1307734,82;2024-03-01
2024;mar;Loja Norte;6615596,56;10939701,06;0,0;5111541,85;637361,56;0,0;8099794,71;0,0;3336746,0700000003;0,0;0,0;378939,24000000005;2898362,5299999993;39629,81;352691,95999999996;38859,87;25565,49;40107,35;117246,41;16256,59;4096826,7800000003;0,0;4177354,7399999998;3445443,78;1007400,65;685032,53;2350601,61;0,0;0,0;134319,94999999998;1242460,93;933524,73;100740,04;0,0;1168718,08;2024-03-01
2024;mar;Loja Centro;9881718,35;16763361,62;0,0;7785752,63;947054,76;0,0;11750627,35;0,0;5086445,66;0,0;0,0;605736,6299999999;4478510,09;63126,34;570262,7200000001;63588,03;41031,78;62799,08;188559,54;24936,92;6221503,98;0,0;6185989,930000001;5004098,66;1491798,27;1014422,79;3480862,49;0,0;0,0;198906,38;1839884,55;1382399,74;149179,89;0,0;1632634,48;2024-03-01
2024;mar;(Todas as filiais);17094725,59;0,0;0,0;0,0;0,0;84467996,16;0,0;15083561,02;0,0;44245150,27;0,0;0,0;0,0;0,0;0,0;0,0;0,0;0,0;0,0;0,0;0,0;0,0;0,0;0,0;0,0;0,0;0,0;0,0;0,0;0,0;0,0;0,0;0,0;0,0;0,0;2024-03-01
2024;abr;(Todas as filiais);16903601,95;0,0;0,0;0,0;0,0;83523673,06;0,0;14914952,89;0,0;43750497,73;0,0;0,0;0,0;0,0;0,0;0,0;0,0;0,0;0,0;0,0;0,0;0,0;0,0;0,0;0,0;0,0;0,0;0,0;0,0;0,0;0,0;0,0;0,0;0,0;0,0;2024-04-01
2024;abr;Loja Centro;9774692,69;16403783,43;0,0;7660899,43;936567,1;0,0;11555733,4;0,0;5015110,859999999;0,0;0,0;598079,6100000001;4429122,05;61805,5;562104,7100000001;62360,49;40640,34;62421,81;186511,9;24523,38;6156466,75;0,0;6103950,63;5174084,76;1503135,88;975007,04;3453150,17;0,0;0,0;172657,54;1878919,85;1401572,78;253908,2;0,0;1639683,93;2024-04-01
2024;abr;Loja Norte;6625623,01;11004058,17;0,0;5133228,07;635832,78;0,0;8052976,56;0,0;3388854,89;0,0;0,0;380362,1400000001;2882208,45;40237,11;354413,24;39611,29;25451,12;39736,39;119354,25;16553,04;4061637,96;0,0;3975669,65;3410662,6100000003;979033,48;635048,67;2249131,11;0,0;0,0;112456,39;1223792,0;912882,43;165377,36;0,0;1108610,82;2024-04-01
2024;abr;Loja Sul;7564798,49;12833834,97;0,0;5984296,21;728413,88;0,0;9052511,0;0,0;3894245,53;0,0;0,0;461856,70999999996;3417741,9699999997;48152,98;433222,07000000007;48050,55;31359,47;47878,31;144357,73;18993,33;4783206,08;0,0;4499583,15;3820284,2300000004;1108050,58;718735,36;2545521,29;0,0;0,0;127275,92;1385063,1;1033182,27;187170,75;0,0;1214868,11;2024-04-01
2024;mai;(Todas as filiais);16434726,66;0,0;0,0;0,0;0,0;81206825,48;0,0;14501228,03;0,0;42536899,67;0,0;0,0;0,0;0,0;0,0;0,0;0,0;0,0;0,0;0,0;0,0;0,0;0,0;0,0;0,0;0,0;0,0;0,0;0,0;0,0;0,0;0,0;0,0;0,0;0,0;2024-05-01
2024;mai;Loja Centro;9862485,92;16571638,06;0,0;7750407,43;951350,91;0,0;11373175,23;0,0;5024465,87;0,0;0,0;607556,77;4353664,35;62232,43;565656,8099999999;63610,09;40931,99;63336,82;189859,51;24216,559999999998;6018121,9399999995;0,0;6159103,58;4997293,56;1498423,26;1011922,15;3454157,55;0,0;0,0;194600,62;1848704,16;1391392,92;175140,34;0,0;1582056,14;2024-05-01
2024;mai;Loja Norte;6305769,63;10486820,74;0,0;4949271,41;601056,16;0,0;7800167,26;0,0;3194175,83;0,0;0,0;354016,29;2786964,3799999994;38463,3;335539,88;37004,57;24568,210000000003;37486,39;111697,75;15381,42;3934005,57;0,0;3646643,36;3031133,7399999998;887177,02;599132,67;2045115,93;0,0;0,0;115217,74;1094569,05;823807,1499999999;103696,02;0,0;1009061,52;2024-05-01
2024;mai;Loja Sul;7644073,63;12932302,49;0,0;5968015,9;732552,3;0,0;8582311,0;0,0;3892882,7;0,0;0,0;463234,67;3343016,5700000003;48034,54;435434,98000000004;47786,01;31068,97;47667,3;143832,19;18768,5;4654526,84;0,0;4961884,44;4016684,03;1207156,8;815222,72;2782731,48;0,0;0,0;156773,44;1489349,14;1120931,27;141096,29;0,0;1265307,33;2024-05-01
2024;jun;Loja Norte;6146048,45;10363914,41;0,0;4755347,6;581942,13;0,0;7838996,63;0,0;3252984,91;0,0;0,0;353419,12;2701234,42;37062,23;328910,99999999994;36077,13;24068,02;36591,81;108362,36;15102,769999999999;3805862,09;0,0;3740895,2699999996;3131331,3;906883,73;612146,6;2097168,57;0,0;0,0;124696,37;1105264,45;827531,5;170040,77;0,0;1028494,58;2024-06-01
2024;jun;Loja Centro;9405830,23;15788533,15;0,0;7330396,79;899833,23;0,0;11075500,28;0,0;4942135,88;0,0;0,0;571667,3800000001;4170773,9099999997;59761,49;538613,24;60058,14;38812,69;59889,81;180146,33;23281,760000000002;5771392,92;0,0;5747836,13;4707887,3;1393414,88;940554,93;3222271,79;0,0;0,0;191594,53;1698224,2;1271491,03;261265,21;0,0;1476906,86;2024-06-01
2024;jun;(Todas as filiais);15788313,65;0,0;0,0;0,0;0,0;78012817,69;0,0;13930857,11;0,0;40863843,07;0,0;0,0;0,0;0,0;0,0;0,0;0,0;0,0;0,0;0,0;0,0;0,0;0,0;0,0;0,0;0,0;0,0;0,0;0,0;0,0;0,0;0,0;0,0;0,0;0,0;2024-06-01
2024;jun;Loja Sul;7168227,35;12024569,18;0,0;5722063,4;698479,91;0,0;8688005,24;0,0;3810133,85;0,0;0,0;443330,39;3205439,71;45733,85;414713,49;46242,14;29781,510000000002;45991,58;138646,7;17796,97;4477901,21;0,0;5230957,7;4301803,18;1268110,86;855974,89;2932506,57;0,0;0,0;174365,38;1545510,18;1157151,14;237770,81;0,0;1361371,05;2024-06-01
2024;jul;Loja Norte;6038205,26;10102597,57;0,0;4672023,51;580160,07;0,0;7025275,2;0,0;2933862,67;0,0;0,0;341052,35000000003;2605512,1700000004;35314,26;317986,52999999997;35260,1;23316,28;35313,26;106062,37;14753,6;3671725,7;0,0;3920996,41;3218110,7800000003;951418,09;645811,13;2191145,04;0,0;0,0;132622,15;1141701,76;870691,76;126855,7;0,0;1078861,56;2024-07-01
2024;jul;Loja Centro;9158764,78;15491418,22;0,0;7170540,77;876139,13;0,0;10048054,62;0,0;4486018,21;0,0;0,0;557454,9299999999;4019806,4600000004;58087,89;521000,15;57673,37;37475,3;57860,81;173662,87;22063,78;5545792,609999999;0,0;6268186,95;5033445,58;1520957,22;1032407,19;3502810,31;0,0;0,0;212012,22999999998;1825148,58;1391906,27;202794,37;0,0;1613596,36;2024-07-01
2024;jul;(Todas as filiais);15243198,13;0,0;0,0;0,0;0,0;75319306,8;0,0;13449873,16;0,0;39452978,37;0,0;0,0;0,0;0,0;0,0;0,0;0,0;0,0;0,0;0,0;0,0;0,0;0,0;0,0;0,0;0,0;0,0;0,0;0,0;0,0;0,0;0,0;0,0;0,0;0,0;2024-07-01
2024;jul;Loja Sul;7214475,77;12038189,72;0,0;5721021,72;695661,87;0,0;7994917,56;0,0;3546760,75;0,0;0,0;431920,22;3135651,02;45153,24;408263,4199999999;45668,24;29354,309999999998;45410,41;136034,01;17572,19;4373802,34;0,0;4298189,850000001;3459697,68;1042943,16;707937,05;2401929,68;0,0;0,0;145379,96000000002;1251531,83;954451,01;139059,04;0,0;1114655,8;2024-07-01
2024;ago;Loja Sul;7183533,48;12007777,23;0,0;5603242,36;687331,48;0,0;7839703,64;0,0;3404375,21;0,0;0,0;407620,10000000003;3032877,89;42545,42;380123,32;42503,86;27718,5;42765,28;127415,15;16868,84;4242318,649999999;0,0;4009750,85;3231208,62;973796,64;658744,75;2234004,0;0,0;0,0;143205,46;1145643,07;882145,29;143205,46;0,0;1060214,8;2024-08-01
2024;ago;Loja Norte;6083589,86;10302297,42;0,0;4759703,84;579785,6;0,0;6894522,71;0,0;2911633,2699999996;0,0;0,0;329099,59;2507840,52;34184,19;310687,15;34180,75;22129,41;33535,18;102157,91;14334,66;3552099,4400000004;0,0;4270138,12;3479350,87;1037033,47;701522,75;2379076,83;0,0;0,0;152505,07;1220039,36;939430,41;152504,83;0,0;1167376,27;2024-08-01
2024;ago;Loja Centro;9154071,68;15371001,32;0,0;7209718,73;884030,38;0,0;10136793,89;0,0;4311072,9399999995;0,0;0,0;524748,95;3897616,9200000004;54658,65;492124,93000000005;54698,25;35539,49;54952,48;164471,28;21682,35;5421996,3;0,0;6160578,16;4967828,22;1496140,42;1012094,94;3432322,15;0,0;0,0;220020,65000000002;1760165,24;1355327,23;220020,66;0,0;1632315,09;2024-08-01
2024;ago;(Todas as filiais);14801228,06;0,0;0,0;0,0;0,0;73135510,1;0,0;13059905,9;0,0;38309066,92;0,0;0,0;0,0;0,0;0,0;0,0;0,0;0,0;0,0;0,0;0,0;0,0;0,0;0,0;0,0;0,0;0,0;0,0;0,0;0,0;0,0;0,0;0,0;0,0;0,0;2024-08-01
2024;set;Loja Sul;6797283,79;11516205,31;0,0;5331977,4;662417,01;0,0;8137243,86;0,0;3459171,45;0,0;0,0;394670,64;2953884,1;41241,45;370323,54000000004;40916,09;26657,289999999997;41151,42;122519,64;16729,96;4159265,8;0,0;4052398,44;3244752,86;981707,72;673497,22;2254503,37;0,0;0,0;142690,13;1152935,96;890386,15;114152,02;0,0;1087278,73;2024-09-01
2024;set;Loja Norte;5924184,27;9690175,56;0,0;4616543,31;551057,71;0,0;7357211,17;0,0;2968097,34;0,0;0,0;320100,17;2482978,85;32760,42;299594,5;33766,78;21554,8;32927,15;99769,78;14230,21;3523107,67;0,0;4205793,239999999;3432064,16;1018868,19;698990,95;2339842,78;0,0;0,0;148091,32;1196577,87;924089,8200000001;118472,96;0,0;1192923,51;2024-09-01
2024;set;Loja Centro;8662653,06;14664254,65;0,0;6809954,71;836106,56;0,0;10529191,17;0,0;4427949,79;0,0;0,0;501936,22;3824320,21;52607,29;470656,79000000004;52141,16;34131,66;52562,26;157773,42;21188,27;5343516,899999999;0,0;6043089,63;4848717,38;1463959,69;1004344,52;3362000,61;0,0;0,0;212784,81;1719301,5;1327777,4500000002;170227,81;0,0;1631410,62;2024-09-01
2024;set;(Todas as filiais);14568402,95;0,0;0,0;0,0;0,0;71985066,42;0,0;12854486,2;0,0;37706470,07;0,0;0,0;0,0;0,0;0,0;0,0;0,0;0,0;0,0;0,0;0,0;0,0;0,0;0,0;0,0;0,0;0,0;0,0;0,0;0,0;0,0;0,0;0,0;0,0;0,0;2024-09-01
2024;out;Loja Sul;6924278,82;11713850,18;0,0;5393496,93;669940,04;0,0;8371339,25;0,0;3572903,87;0,0;0,0;401649,38;2995269,7;41988,05;377319,92;42356,21;27065,97;41909,28;125300,88;16804,420000000002;4199236,47;0,0;4022013,67;3262216,9699999997;970830,9;665712,58;2246780,12;0,0;0,0;138690,07;1137259,15;887616,78;155332,9;0,0;1082008,14;2024-10-01
2024;out;Loja Norte;5854281,97;9889457,16;0,0;4601561,74;558039,74;0,0;7406687,76;0,0;3013581,41;0,0;0,0;321194,49;2512828,14;33305,88;303087,32999999996;33231,66;21709,35;34012,05;99880,88;14205,69;3574119,3499999996;0,0;4741464,850000001;3911758,85;1144491,58;784794,11;2648680,39;0,0;0,0;163498,77000000002;1340690,05;1046392,23;183118,73;0,0;1341557,84;2024-10-01
2024;out;Loja Centro;8915984,49;14865458,5;0,0;7012440,58;854304,54;0,0;10681326,22;0,0;4541652,35;0,0;0,0;516413,80000000005;3873594,4699999997;53775,12;481954,45;53503,84;35109,21;53309,03;161944,04;21656,73;5398520,21;0,0;5956553,8100000005;4826019,4799999995;1437788,83;985912,28;3327454,22;0,0;0,0;205398,47999999998;1684266,9;1314549,71;230046,2;0,0;1597156,67;2024-10-01
2024;out;(Todas as filiais);14712752,13;0,0;0,0;0,0;0,0;72698342,56;0,0;12981855,52;0,0;38080088,03;0,0;0,0;0,0;0,0;0,0;0,0;0,0;0,0;0,0;0,0;0,0;0,0;0,0;0,0;0,0;0,0;0,0;0,0;0,0;0,0;0,0;0,0;0,0;0,0;0,0;2024-10-01
2024;nov;Loja Sul;9555962,57;15988815,14;0,0;7492813,95;919650,57;0,0;12013442,36;0,0;5074319,300000001;0,0;0,0;550326,3099999999;4175797,3800000004;57848,31;521594,75999999995;57687,41;37550,58;57756,24;174412,58;23862,68;5880222,4399999995;0,0;6036653,87;4857587,25;1444943,71;1003433,11;3371535,41;0,0;0,0;216741,64;1669712,94;1316504,1800000002;240823,86;0,0;1630546,27;2024-11-01
2024;nov;Loja Centro;12241398,23;20657286,63;0,0;9633452,97;1173049,62;0,0;15478768,21;0,0;6518408,28;0,0;0,0;720928,28;5473570,1899999995;74600,87;674572,29;74768,49;48781,67;75862,11;223574,11;30519,239999999998;7653368,39;0,0;8546537,05;6864218,32;2045713,58;1420634,48;4773332,04;0,0;0,0;306856,94999999995;2363935,74;1863872,6099999999;340952,31;0,0;2295457,66;2024-11-01
2024;nov;(Todas as filiais);20631441,04;0,0;0,0;0,0;0,0;101943554,8;0,0;18204196,2;0,0;53398994,2;0,0;0,0;0,0;0,0;0,0;0,0;0,0;0,0;0,0;0,0;0,0;0,0;0,0;0,0;0,0;0,0;0,0;0,0;0,0;0,0;0,0;0,0;0,0;0,0;0,0;2024-11-01
2024;nov;Loja Norte;7953275,89;13319141,09;0,0;6187961,96;763597,71;0,0;10594189,0;0,0;4195040,720000001;0,0;0,0;443742,02;3470368,5999999996;46256,11;411149,16;46226,75;29752,910000000003;44747,43;138061,92;19553,82;4956674,14;0,0;6633520,52;5430576,49;1587810,73;1102646,52;3704891,92;0,0;0,0;238171,35;1834803,59;1446672,1;264635,23;0,0;1884465,57;2024-11-01
2024;dez;(Todas as filiais);24619690,91;0,0;0,0;0,0;0,0;121650245,2;0,0;21723272,29;0,0;63721541,23;0,0;0,0;0,0;0,0;0,0;0,0;0,0;0,0;0,0;0,0;0,0;0,0;0,0;0,0;0,0;0,0;0,0;0,0;0,0;0,0;0,0;0,0;0,0;0,0;0,0;2024-12-01
2024;dez;Loja Centro;14600062,5;24478989,08;0,0;11367458,2;1392630,9;0,0;18035037,28;0,0;7687813,82;0,0;0,0;865473,64;6508725,97;89679,29;811108,04;89955,61;58438,02;90976,86;270973,88;36546,46;9096978,0;0,0;10571897,6;8442774,04;2495230,31;1772927,02;5909756,23;0,0;0,0;393984,04;2889214,06;2271973,08;525311,56;0,0;2756275,34;2024-12-01
2024;dez;Loja Norte;9304182,6;15857510,65;0,0;7473100,88;905486,64;0,0;12531913,26;0,0;4977683,380000001;0,0;0,0;534734,5900000001;4158954,56;55622,79;496563,75000000006;55083,16;36174,69;53936,93;165346,43;23728,93;5904991,56;0,0;7289672,16;5927077,76;1720543,96;1222491,75;4074971,97;0,0;0,0;271664,48;1992208,44;1566600,23;362219,58;0,0;2006049,51;2024-12-01
2024;dez;Loja Sul;11487696,19;19159013,92;0,0;8940729,14;1102262,84;0,0;14038785,03;0,0;5973388,04;0,0;0,0;667341,8;5043950,2700000005;70113,03;630035,0499999999;70269,45;45392,59;70114,71;209486,12;28075,89;7086806,86;0,0;8908678,79;7104880,2299999995;2102669,47;1494002,09;4980006,85;0,0;0,0;332000,38;2434669,86;1914535,91;442667,19;0,0;2313007,27;2024-12-01
2025;jan;Loja Sul;7868498,85;13130975,32;0,0;6150649,66;756238,58;0,0;9129247,41;0,0;4019468,04;0,0;0,0;460292,22;3380431,59;47794,03;431066,83999999997;48058,93;31183,829999999994;48032,06;146178,72;19003,17;4718472,85;0,0;4774838,42;4144510,43;1162569,3;788886,34;2657301,39;0,0;0,0;166081,39;1494732,09;1079528,72;290642,38;0,0;1279607,24;2025-01-01
2025;jan;Loja Norte;6742333,76;11443698,21;0,0;5329892,3;645446,66;0,0;8486604,59;0,0;3418547,48;0,0;0,0;367447,15;2845565,65;38228,8;345276,95;38484,43;24793,91;38406,01;114205,72;15859,45;4027106,22;0,0;3490300,26;3086812,69;849812,27;576658,19;1942428,04;0,0;0,0;121401,76000000001;1092615,77;789111,3899999999;212452,94;0,0;992632,59;2025-01-01
2025;jan;Loja Centro;10204529,52;17133751,01;0,0;7983200,03;980257,62;0,0;11970985,14;0,0;5242776,800000001;0,0;0,0;598974,42;4401569,63;62567,09;561342,19;62132,79;40604,28;62217,01;185549,59;24513,76;6109869,26;0,0;6830005,78;5938466,16;1662957,95;1128435,83;3801046,63;0,0;0,0;237565,37;2138088,68;1544175,17;415739,54;0,0;1840462,77;2025-01-01
2025;jan;(Todas as filiais);16539771,97;0,0;0,0;0,0;0,0;81725965,9;0,0;14593917,75;0,0;42808837,18;0,0;0,0;0,0;0,0;0,0;0,0;0,0;0,0;0,0;0,0;0,0;0,0;0,0;0,0;0,0;0,0;0,0;0,0;0,0;0,0;0,0;0,0;0,0;0,0;0,0;2025-01-01
2025;fev;Loja Norte;6742758,3;11462227,99;0,0;5333896,93;660446,26;0,0;8370511,54;0,0;3481284,3899999997;0,0;0,0;391508,63;2943556,0100000002;39876,39;361882,24000000005;40344,43;26224,04;41426,96;120095,6;16583,41;4154885,66;0,0;4051087,5900000003;3416070,38;993921,67;671754,07;2262028,64;0,0;0,0;123383,20999999999;1233833,71;918520,77;137092,51;0,0;1126623,39;2025-02-01
2025;fev;Loja Sul;7869694,53;13219233,29;0,0;6196231,79;750356,14;0,0;9101042,03;0,0;4062888,0900000003;0,0;0,0;478333,7;3511724,2699999996;50524,21;450079,89;49878,68;32703,910000000003;49664,86;150191,58;19372,760000000002;4894088,069999999;0,0;5465770,56;4530460,5;1341009,68;906337,6;3051953,27;0,0;0,0;166470,01;1664701,68;1239277,8399999999;184966,95;0,0;1441514,03;2025-02-01
2025;fev;(Todas as filiais);17088656,68;0,0;0,0;0,0;0,0;84438082,96;0,0;15078233,15;0,0;44229476,34;0,0;0,0;0,0;0,0;0,0;0,0;0,0;0,0;0,0;0,0;0,0;0,0;0,0;0,0;0,0;0,0;0,0;0,0;0,0;0,0;0,0;0,0;0,0;0,0;0,0;2025-02-01
2025;fev;Loja Centro;10412963,29;17392378,0;0,0;8103147,91;994263,76;0,0;12145468,99;0,0;5384385,04;0,0;0,0;633494,4;4584680,95;66046,17;596356,4700000001;66277,06;42821,82;65641,9;199042,7;25537,61;6330949,99;0,0;6516429,16;5397425,7700000005;1598785,6;1080558,44;3638615,32;0,0;0,0;198469,8;1984699,23;1477498,4500000002;220522,16;0,0;1714705,93;2025-02-01
2025;mar;Loja Norte;6428958,84;11139697,66;0,0;5023102,69;630291,49;0,0;8101320,56;0,0;3360976,2199999997;0,0;0,0;387643,30000000005;2945686,94;40104,8;359273,48;40009,27;25799,09;40177,45;121490,8;16643,61;4163207,7;0,0;4163273,9600000004;3398650,04;1004005,06;682723,34;2342678,22;0,0;0,0;133867,34;1238272,91;930378,0800000001;100400,51;0,0;1129598,54;2025-03-01
2025;mar;Loja Centro;10027364,29;16787904,15;0,0;7909323,74;954763,25;0,0;11780318,88;0,0;5241594,71;0,0;0,0;629605,7599999999;4575745,11;65570,06;586852,7499999999;65621,3;42723,009999999995;65514,11;195943,71;25535,76;6336997,09;0,0;6558863,47;5283463,88;1581719,5;1075569,29;3690678,77;0,0;0,0;210895,90999999997;1950787,44;1465726,77;158172,03;0,0;1708777,64;2025-03-01
2025;mar;(Todas as filiais);17127391,49;0,0;0,0;0,0;0,0;84629454,57;0,0;15112408,23;0,0;44329721,81;0,0;0,0;0,0;0,0;0,0;0,0;0,0;0,0;0,0;0,0;0,0;0,0;0,0;0,0;0,0;0,0;0,0;0,0;0,0;0,0;0,0;0,0;0,0;0,0;0,0;2025-03-01
2025;mar;Loja Sul;7782697,76;12851155,21;0,0;6063227,87;744697,34;0,0;9178408,06;0,0;3982536,21;0,0;0,0;479349,37999999995;3541882,23;50180,73;456676,0;50205,37;32732,67;50181,18;150392,31;19567,44;4941936,45;0,0;6074322,33;4900901,63;1464868,69;996110,77;3418027,01;0,0;0,0;195315,86;1806671,55;1357444,9;146486,78;0,0;1590298,4;2025-03-01
2025;abr;Loja Sul;7559798,54;12725367,15;0,0;5883459,95;716388,68;0,0;9314132,43;0,0;4093971,8200000003;0,0;0,0;477566,11999999994;3522952,77;50226,55;448960,07;50386,59;32472,96;50180,73;149131,4;19688,07;4919344,48;0,0;5329563,63;4501919,43;1312438,24;851311,3;3015061,07;0,0;0,0;150753,02000000002;1640547,91;1223759,91;221695,59;0,0;1415916,02;2025-04-01
2025;abr;Loja Norte;6328019,02;10549740,5;0,0;4974275,13;595502,28;0,0;8362795,72;0,0;3410551,46;0,0;0,0;381575,25999999995;2930636,4000000004;39244,63;358529,7;39674,54;25760,100000000002;39774,29;121470,54;16733,47;4151215,88;0,0;3904440,51;3388906,82;961492,85;623671,05;2208834,96;0,0;0,0;110441,65;1201866,13;896527,1699999999;162414,46;0,0;1128099,06;2025-04-01
2025;abr;Loja Centro;9494588,26;15990431,59;0,0;7472267,15;928830,66;0,0;12098839,2;0,0;5201770,88;0,0;0,0;612194,4999999999;4547652,89;63725,91;572226,0099999999;63259,03;41386,100000000006;63365,51;189719,95;25218,98;6331449,65;0,0;6735349,19;5715915,84;1658621,81;1075862,77;3810347,15;0,0;0,0;190517,46000000002;2073277,11;1546552,78;280172,56;0,0;1815913,39;2025-04-01
2025;abr;(Todas as filiais);17051753,3;0,0;0,0;0,0;0,0;84255707,81;0,0;15045658,14;0,0;44133937,95;0,0;0,0;0,0;0,0;0,0;0,0;0,0;0,0;0,0;0,0;0,0;0,0;0,0;0,0;0,0;0,0;0,0;0,0;0,0;0,0;0,0;0,0;0,0;0,0;0,0;2025-04-01
2025;mai;Loja Sul;7539396,33;12812028,85;0,0;5950334,43;725384,39;0,0;8819416,23;0,0;3825848,81;0,0;0,0;464873,08999999997;3459397,25;48555,37;436733,89999999997;48693,01;31594,549999999996;49094,23;145699,06;19289,24;4845104,75;0,0;5295197,61;4340645,9799999995;1288246,98;869985,14;2969660,49;0,0;0,0;167305,0;1589395,71;1196229,38;150574,36;0,0;1404446,53;2025-05-01
2025;mai;Loja Norte;6419349,75;10660919,84;0,0;5064543,05;622361,3;0,0;7685940,33;0,0;3221052,43;0,0;0,0;378956,46;2884505,04;39155,41;354341,04;38927,81;25251,52;39401,59;118452,5;16314,880000000001;4065625,97;0,0;4754386,89;3929415,17;1156675,44;781131,48;2666362,17;0,0;0,0;150217,8;1427067,2;1074055,92;135195,75;0,0;1293096,3;2025-05-01
2025;mai;Loja Centro;9809479,44;16441960,89;0,0;7630883,76;935639,37;0,0;11422759,08;0,0;4945954,359999999;0,0;0,0;609613,7899999999;4482832,38;63625,24;571391,76;63673,81;41477,75;62951,73;190097,62;24938,870000000003;6224007,409999999;0,0;6483785,59;5295780,59;1577413,8;1065266,43;3636246,34;0,0;0,0;204859,02;1946159,96;1464741,4100000001;184373,08;0,0;1700506,14;2025-05-01
2025;mai;(Todas as filiais);16727407,39;0,0;0,0;0,0;0,0;82653028,48;0,0;14759477,11;0,0;43294444,52;0,0;0,0;0,0;0,0;0,0;0,0;0,0;0,0;0,0;0,0;0,0;0,0;0,0;0,0;0,0;0,0;0,0;0,0;0,0;0,0;0,0;0,0;0,0;0,0;0,0;2025-05-01
2025;jun;Loja Centro;9567664,56;16196454,41;0,0;7536416,94;922296,55;0,0;11297173,06;0,0;4758814,87;0,0;0,0;568898,5499999999;4323302,579999999;59025,32;533758,66;59764,67;38578,88;59120,69;177864,03;24410,07;6051882,86;0,0;6914980,33;5772607,18;1676358,81;1131542,3;3876579,87;0,0;0,0;230499,34999999998;2043062,39;1529677,46;314317,35;0,0;1885549,98;2025-06-01
2025;jun;Loja Sul;7410065,83;12468400,7;0,0;5839457,14;705909,98;0,0;8856755,27;0,0;3675875,67;0,0;0,0;437392,45;3321825,2699999996;45663,21;410171,18;45038,15;29504,93;45455,83;135252,97;18631,739999999998;4684403,0600000005;0,0;5184112,93;4329010,01;1256754,59;848309,41;2906245,17;0,0;0,0;172803,76;1531669,65;1146788,48;235641,42;0,0;1414910,46;2025-06-01
2025;jun;Loja Norte;6277666,28;10363558,78;0,0;4840370,48;604120,95;0,0;7953726,03;0,0;3127519,34;0,0;0,0;347804,66000000003;2779699,94;36416,53;325388,71;36187,91;23601,160000000003;36536,14;110265,01;15738,039999999999;3969305,4499999997;0,0;4383192,92;3744549,05;1062592,25;717249,81;2457244,46;0,0;0,0;146106,4;1295034,2;969615,47;199236,03;0,0;1280663,35;2025-06-01
2025;jun;(Todas as filiais);16228604,7;0,0;0,0;0,0;0,0;80188430,33;0,0;14319355,86;0,0;42003453,58;0,0;0,0;0,0;0,0;0,0;0,0;0,0;0,0;0,0;0,0;0,0;0,0;0,0;0,0;0,0;0,0;0,0;0,0;0,0;0,0;0,0;0,0;0,0;0,0;0,0;2025-06-01
2025;jul;Loja Norte;6361294,14;10484351,26;0,0;4912879,98;603032,39;0,0;7587510,83;0,0;3084605,3600000003;0,0;0,0;351885,74;2731229,7399999998;36526,94;327773,66;36230,13;23706,420000000002;36532,8;109946,94;15922,1;3879301,84;0,0;5226580,7299999995;4340921,34;1268214,45;860848,63;2920736,34;0,0;0,0;176781,31;1521857,34;1160608,52;169095,34;0,0;1489360,14;2025-07-01
2025;jul;Loja Centro;9236225,73;15580962,79;0,0;7330137,53;888457,34;0,0;11035470,85;0,0;4583201,5;0,0;0,0;548024,95;4205181,33;57317,58;517524,75;57145,43;37220,229999999996;57280,41;171975,48;23360,75;5887221,95;0,0;6637796,71;5446790,28;1610641,83;1093284,18;3709357,05;0,0;0,0;224513,65;1932770,27;1473981,31;214752,17;0,0;1825286,53;2025-07-01
2025;jul;(Todas as filiais);15800444,84;0,0;0,0;0,0;0,0;78072824,19;0,0;13941584,38;0,0;40895292,69;0,0;0,0;0,0;0,0;0,0;0,0;0,0;0,0;0,0;0,0;0,0;0,0;0,0;0,0;0,0;0,0;0,0;0,0;0,0;0,0;0,0;0,0;0,0;0,0;0,0;2025-07-01
2025;jul;Loja Sul;7161607,22;12127120,25;0,0;5576819,08;691833,11;0,0;8542083,2;0,0;3578072,71;0,0;0,0;427095,86000000004;3232456,71;44336,06;397964,31999999995;44773,24;28888,28;44373,11;132680,95;18172,33;4574102,93;0,0;4712841,9399999995;3869971,32;1143557,25;776232,74;2633647,05;0,0;0,0;159404,9;1372268,62;1046528,23;152474,31;0,0;1298700,16;2025-07-01
2025;ago;Loja Sul;7446971,8;12331566,74;0,0;5742998,2;718127,25;0,0;8168387,8;0,0;3623562,9699999997;0,0;0,0;442515,36000000004;3213585,17;45588,66;411657,26999999996;45324,26;29888,769999999997;45671,57;136119,56;18049,97;4508104,57;0,0;4964401,58;3964413,0100000002;1205640,39;815580,21;2765880,91;0,0;0,0;177300,07;1418400,51;1092168,3900000001;177300,06;0,0;1276544,05;2025-08-01
2025;ago;(Todas as filiais);15466491,27;0,0;0,0;0,0;0,0;76422686,89;0,0;13646913,26;0,0;40030931,23;0,0;0,0;0,0;0,0;0,0;0,0;0,0;0,0;0,0;0,0;0,0;0,0;0,0;0,0;0,0;0,0;0,0;0,0;0,0;0,0;0,0;0,0;0,0;0,0;0,0;2025-08-01
2025;ago;Loja Centro;9447210,27;15919351,02;0,0;7423870,68;905540,55;0,0;10632297,09;0,0;4591725,68;0,0;0,0;565048,9500000001;4168512,2600000002;58650,85;530134,3200000001;59073,0;38251,1;58824,19;177376,63;23179,51;5780410,44;0,0;6905071,93;5564338,98;1676946,04;1134404,75;3847111,57;0,0;0,0;246609,57;1972877,77;1519115,87;246609,74;0,0;1825735,6;2025-08-01
2025;ago;Loja Norte;6152220,26;10480991,25;0,0;4911456,53;588702,84;0,0;7171768,24;0,0;2979051,81;0,0;0,0;345393,01;2667649,38;36837,44;326993,25;36593,75;23480,229999999996;36515,35;109405,13;14981,19;3769243,83;0,0;4554935,86;3710472,3899999997;1106198,75;748310,89;2537749,98;0,0;0,0;162676,24;1301410,15;1002086,0700000001;162676,24;0,0;1244299,93;2025-08-01
2025;set;(Todas as filiais);15569487,35;0,0;0,0;0,0;0,0;76931537,46;0,0;13737766,88;0,0;40297479,44;0,0;0,0;0,0;0,0;0,0;0,0;0,0;0,0;0,0;0,0;0,0;0,0;0,0;0,0;0,0;0,0;0,0;0,0;0,0;0,0;0,0;0,0;0,0;0,0;0,0;2025-09-01
2025;set;Loja Centro;9172169,76;15349199,05;0,0;7121938,28;877557,39;0,0;10568403,63;0,0;4635597,79;0,0;0,0;575011,84;4199058,26;59253,71;538962,1399999999;60045,91;38730,24;59741,61;179728,02;23188,739999999998;5806797,27;0,0;7209424,19;5720458,12;1746508,42;1198186,02;4010876,79;0,0;0,0;253852,96000000002;2051131,9;1584042,47;203082,44;0,0;1882201,31;2025-09-01
2025;set;Loja Norte;5950460,56;9910596,41;0,0;4661810,59;567383,92;0,0;7106819,35;0,0;3011823,12;0,0;0,0;354093,85;2670811,71;37487,45;330441,3;37108,36;23909,81;36948,87;110814,72;15378,58;3775804,77;0,0;4577555,68;3657540,4499999997;1108929,06;760776,79;2546668,3;0,0;0,0;161181,53;1302346,94;1005772,87;128945,18;0,0;1220475,46;2025-09-01
2025;set;Loja Sul;7133582,16;12127048,68;0,0;5673766,61;691524,03;0,0;8242512,46;0,0;3635786,5300000003;0,0;0,0;449314,84;3286000,2600000002;47009,47;422677,24;46441,41;30708,43;46923,97;140230,11;18153,93;4587250,37;0,0;4815267,71;3804572,68;1166515,51;800283,99;2678916,7;0,0;0,0;169551,51;1369977,6;1058002,49;135641,32;0,0;1240951,27;2025-09-01
2025;out;(Todas as filiais);15847472,97;0,0;0,0;0,0;0,0;78305196,5;0,0;13983077,14;0,0;41017003,94;0,0;0,0;0,0;0,0;0,0;0,0;0,0;0,0;0,0;0,0;0,0;0,0;0,0;0,0;0,0;0,0;0,0;0,0;0,0;0,0;0,0;0,0;0,0;0,0;0,0;2025-10-01
2025;out;Loja Centro;9405856,85;15785974,02;0,0;7344804,67;903983,19;0,0;10513376,62;0,0;4678777,83;0,0;0,0;587940,6600000001;4296832,46;61338,64;549837,83;61719,38;39906,43;61763,8;184797,47;24046,190000000002;5949258,98;0,0;6612492,49;5300789,07;1596118,87;1094481,57;3693875,02;0,0;0,0;228017,03000000003;1869739,12;1459308,6400000001;255379,04;0,0;1716362,27;2025-10-01
2025;out;Loja Norte;6065535,29;10186177,53;0,0;4793554,49;583193,7;0,0;7477735,09;0,0;3007967,57;0,0;0,0;359851,05;2754065,54;37152,56;335610,74;37046,15;24257,870000000003;36794,33;111653,2;15296,859999999999;3891463,02;0,0;4763434,42;3918767,8899999997;1149794,46;788430,58;2660953,03;0,0;0,0;164256,35;1346902,22;1051240,7;183967,24;0,0;1336657,73;2025-10-01
2025;out;Loja Sul;7272880,75;12239411,81;0,0;5701692,58;696288,86;0,0;8099789,39;0,0;3595965,7199999997;0,0;0,0;451976,16000000003;3291223,81;47261,11;426735,96;46930,81;30586,03;47097,95;140749,15;18351,43;4599114,56;0,0;5843904,48;4672293,88;1410597,65;967267,0;3264525,74;0,0;0,0;201514,09;1652414,4;1289689,2799999998;225695,69;0,0;1504494,51;2025-10-01
2025;nov;Loja Norte;8802390,03;15027598,95;0,0;6885781,36;828529,37;0,0;10499959,58;0,0;4321210,25;0,0;0,0;494740,79;3821084,44;52145,88;466998,34;51474,22;33619,909999999996;51100,54;152245,84;22101,600000000002;5414461,739999999;0,0;6371859,6;5169229,06;1525179,24;1059152,15;3558751,34;0,0;0,0;228776,87;1762429,13;1389607,59;254196,59;0,0;1762995,75;2025-11-01
2025;nov;Loja Sul;10391729,68;17219612,2;0,0;8151118,5;1004390,76;0,0;11827894,39;0,0;5084578,15;0,0;0,0;620461,61;4626334,859999999;64114,97;582383,66;64864,58;42267,45;64050,29;194317,23;25772,980000000003;6513578,55;0,0;8408662,0;6718402,99;2012711,7;1397716,39;4696327,38;0,0;0,0;301906,53;2325800,19;1833803,94;335451,86;0,0;2223347,0;2025-11-01
2025;nov;(Todas as filiais);22302122,9;0,0;0,0;0,0;0,0;110198755,7;0,0;19678350,21;0,0;57723164,29;0,0;0,0;0,0;0,0;0,0;0,0;0,0;0,0;0,0;0,0;0,0;0,0;0,0;0,0;0,0;0,0;0,0;0,0;0,0;0,0;0,0;0,0;0,0;0,0;0,0;2025-11-01
2025;nov;Loja Centro;13327924,62;22421988,91;0,0;10457162,95;1285976,39;0,0;15434425,1;0,0;6512555,119999999;0,0;0,0;801995,2599999999;6039603,73;83538,68;748821,77;83379,1;53978,630000000005;84392,78;252042,61;33588,92;8418817,65;0,0;10049607,600000001;8056614,78;2405491,14;1670480,09;5612812,73;0,0;0,0;360823,64;2779678,8;2191669,8600000003;400915,23;0,0;2684350,89;2025-11-01
2025;dez;(Todas as filiais);27009112,85;0,0;0,0;0,0;0,0;133456709,3;0,0;23831568,22;0,0;69905915,81;0,0;0,0;0,0;0,0;0,0;0,0;0,0;0,0;0,0;0,0;0,0;0,0;0,0;0,0;0,0;0,0;0,0;0,0;0,0;0,0;0,0;0,0;0,0;0,0;0,0;2025-12-01
2025;dez;Loja Sul;12573879,86;20717130,13;0,0;9733672,88;1189850,75;0,0;14604651,56;0,0;6168906,33;0,0;0,0;739529,1599999999;5579424,45;77080,81;689793,66;77481,52;50186,509999999995;76492,82;231544,21;31536,39;7856314,61;0,0;9292061,05;7395288,37;2193157,38;1558295,9;5194319,87;0,0;0,0;346287,9;2539445,29;1996927,7000000002;461717,2;0,0;2397198,18;2025-12-01
2025;dez;Loja Norte;10270323,79;17523293,23;0,0;8022190,24;995471,33;0,0;12700024,12;0,0;5221635,03;0,0;0,0;587415,53;4600308,050000001;60351,36;550419,38;60177,15;39428,950000000004;61704,2;184039,57;26227,39;6550434,07;0,0;7374404,09;5986289,4;1740542,57;1236701,39;4122337,59;0,0;0,0;274822,54;2015365,1;1584809,75;366429,91;0,0;2019684,64;2025-12-01
2025;dez;Loja Centro;16227215,9;27422876,97;0,0;12859347,36;1566117,46;0,0;19221862,98;0,0;8076577,24;0,0;0,0;978451,61;7356665,82;102538,0;920741,01;102307,96;66415,66;102012,75;304990,46;40921,18;10260788,75;0,0;14968141,43;11989205,98;3532853,23;2510185,24;8367283,94;0,0;0,0;557819,02;4090672,24;3216755,7;743758,48;0,0;3938019,56;2025-12-01
2026;jan;Loja Sul;8865734,35;14753155,87;0,0;6965630,03;854706,07;0,0;10319847,71;0,0;4426348,92;0,0;0,0;508185,97000000003;3803385,22;53377,62;476520,61;53257,09;34705,55;53043,94;159949,66;21470,29;5361102,32;0,0;5682806,600000001;4963985,74;1383639,85;938898,48;3162605,56;0,0;0,0;197662,71;1778965,49;1284808,38;345909,9;0,0;1554301,97;2026-01-01
2026;jan;(Todas as filiais);18485960,51;0,0;0,0;0,0;0,0;91342366,71;0,0;16311133,71;0,0;47846010,16;0,0;0,0;0,0;0,0;0,0;0,0;0,0;0,0;0,0;0,0;0,0;0,0;0,0;0,0;0,0;0,0;0,0;0,0;0,0;0,0;0,0;0,0;0,0;0,0;0,0;2026-01-01
2026;jan;Loja Centro;11250010,7;18995057,68;0,0;8799242,44;1081919,64;0,0;13216076,83;0,0;5616294,01;0,0;0,0;656546,1499999999;4951750,71;67988,14;615861,94;68270,26;44363,01;68291,45;204070,95;27511,52;6897673,649999999;0,0;7675941,53;6722529,350000001;1868924,83;1268199,02;4271828,48;0,0;0,0;266989,2;2402903,45;1735430,4300000002;467231,21;0,0;2116964,26;2026-01-01
2026;jan;Loja Norte;7219595,69;12168243,57;0,0;5669736,49;686555,75;0,0;9150586,89;0,0;3602008,24;0,0;0,0;397843,95999999996;3127425,15;41453,42;372421,22;41230,02;26714,52;41445,62;124432,04;17857,18;4446514,08;0,0;5421197,24;4864769,84;1319943,58;895676,13;3017014,16;0,0;0,0;188563,37;1697070,32;1225661,9;329986,03;0,0;1612051,59;2026-01-01
2026;fev;(Todas as filiais);19148012,55;0,0;0,0;0,0;0,0;94613737,57;0,0;16895316,05;0,0;49559576,82;0,0;0,0;0,0;0,0;0,0;0,0;0,0;0,0;0,0;0,0;0,0;0,0;0,0;0,0;0,0;0,0;0,0;0,0;0,0;0,0;0,0;0,0;0,0;0,0;0,0;2026-02-01
2026;fev;Loja Centro;11411970,42;19175456,68;0,0;8950128,62;1103906,57;0,0;13800809,48;0,0;5822983,97;0,0;0,0;685954,15;5145545,050000001;71342,64;642397,38;71882,45;46476,579999999994;71076,6;214502,42;28478,21;7167154,8;0,0;8309282,43;6992863,15;2038656,34;1377850,58;4639700,85;0,0;0,0;253074,65999999997;2530745,81;1883999,69;281193,98;0,0;2296923,67;2026-02-01
2026;fev;Loja Norte;7400460,43;12505109,22;0,0;5780993,65;713153,65;0,0;9258635,17;0,0;3833318,71;0,0;0,0;417408,2199999999;3252614,96;43203,86;396463,81;43388,22;28591,55;43931,01;130487,4;18520,5;4601078,03;0,0;4736838,16;4008843,49;1162168,48;785465,64;2644934,99;0,0;0,0;144269,05;1442691,79;1074003,99;160299,15;0,0;1331848,56;2026-02-01
2026;fev;Loja Sul;8992135,18;15040332,18;0,0;7064479,32;851504,15;0,0;10547270,21;0,0;4564121,27;0,0;0,0;535880,9199999999;3961489,91;56184,74;498699,8;55418,85;35962,13;55853,45;167262,81;22393,54;5570111,53;0,0;6642026,84;5552871,45;1629600,54;1101385,06;3708745,97;0,0;0,0;202295,27;2022952,26;1505975,8399999999;224772,45;0,0;1799170,9;2026-02-01
2026;mar;Loja Centro;11757975,39;19575177,18;0,0;9207109,04;1132728,94;0,0;14080374,15;0,0;6133581,77;0,0;0,0;724446,0100000001;5345736,32;75041,42;677474,75;75634,35;48960,07;75290,1;224898,55;29572,8;7409170,539999999;0,0;8611610,95;6954482,609999999;2076754,91;1412193,48;4845761,74;0,0;0,0;276900,82;2561331,28;1924459,69;207675,56;0,0;2261016,08;2026-03-01
2026;mar;(Todas as filiais);19622168,68;0,0;0,0;0,0;0,0;96956639,6;0,0;17313690,67;0,0;50786821,27;0,0;0,0;0,0;0,0;0,0;0,0;0,0;0,0;0,0;0,0;0,0;0,0;0,0;0,0;0,0;0,0;0,0;0,0;0,0;0,0;0,0;0,0;0,0;0,0;0,0;2026-03-01
2026;mar;Loja Norte;7447516,23;12431981,48;0,0;5836420,17;712978,67;0,0;9584957,63;0,0;3918214,0300000003;0,0;0,0;432668,9;3308002,2399999998;45577,98;406028,45999999996;44875,49;29080,660000000003;44800,18;134020,22;18730,92;4689508,72;0,0;5263045,739999999;4351591,720000001;1269223,18;863071,84;2961521,01;0,0;0,0;169229,71000000002;1565375,36;1176146,8;126922,21;0,0;1483147,35;2026-03-01
2026;mar;Loja Sul;8978123,42;15348699,44;0,0;7053225,27;859269,3;0,0;10846808,85;0,0;4721333,95;0,0;0,0;549033,6000000001;4067585,6799999997;57212,95;516234,23;57171,37;37460,649999999994;57615,31;174246,53;22904,79;5702855,2299999995;0,0;7260592,24;5857277,100000001;1750946,72;1190643,71;4085542,35;0,0;0,0;233459,46;2159500,91;1622544,04;175094,72;0,0;1900137,43;2026-03-01
2026;abr;Loja Norte;7589048,88;12784992,33;0,0;5920091,67;736266,64;0,0;9165349,07;0,0;3790891,74;0,0;0,0;429535,82999999996;3309576,55;45486,4;406036,17000000004;44889,49;29123,829999999998;45442,64;136514,65;18719,77;4681481,93;0,0;5039735,109999999;4325643,44;1241066,14;805015,95;2851098,05;0,0;0,0;142554,97;1551332,75;1157210,32;209639,68;0,0;1407460,69;2026-04-01
2026;abr;Loja Centro;11567075,17;19389289,92;0,0;9068558,6;1102450,82;0,0;13724358,32;0,0;5813983,73;0,0;0,0;707301,3300000001;5314479,88;73841,0;666782,88;73993,85;47989,990000000005;73864,63;221804,86;29329,07;7390067,5200000005;0,0;7934299,92;6774029,6899999995;1953870,8;1267375,68;4488622,37;0,0;0,0;224431,07;2442338,5;1821852,5899999999;330045,85;0,0;2179792,75;2026-04-01
2026;abr;(Todas as filiais);19541001,73;0,0;0,0;0,0;0,0;96555502,52;0,0;17242058,99;0,0;50576694,0;0,0;0,0;0,0;0,0;0,0;0,0;0,0;0,0;0,0;0,0;0,0;0,0;0,0;0,0;0,0;0,0;0,0;0,0;0,0;0,0;0,0;0,0;0,0;0,0;0,0;2026-04-01
2026;abr;Loja Sul;9119549,19;15339142,25;0,0;7175606,16;877785,74;0,0;10361253,6;0,0;4632357,09;0,0;0,0;563661,53;4067504,7899999996;57883,05;521351,05;58229,65;38016,56;57894,4;173282,46;23025,370000000003;5689702,359999999;0,0;7248254,390000001;6106106,04;1784927,82;1157791,08;4100509,99;0,0;0,0;205025,5;2231159,78;1664324,71;301508,13;0,0;1909113,42;2026-04-01
2026;mai;(Todas as filiais);19315452,14;0,0;0,0;0,0;0,0;95441108,45;0,0;17043056,7;0,0;49992949,67;0,0;0,0;0,0;0,0;0,0;0,0;0,0;0,0;0,0;0,0;0,0;0,0;0,0;0,0;0,0;0,0;0,0;0,0;0,0;0,0;0,0;0,0;0,0;0,0;0,0;2026-05-01
2026;mai;Loja Centro;11173000,52;18907609,29;0,0;8813002,35;1071505,13;0,0;13282045,84;0,0;5759844,699999999;0,0;0,0;717310,8400000001;5289193,6899999995;74389,07;669996,24;74702,6;48410,08;74487,0;222337,95;28956,02;7314665,38;0,0;9366288,03;7676545,13;2278686,28;1538853,02;5252815,59;0,0;0,0;295933,14;2811366,06;2115922,83;266339,99;0,0;2482916,25;2026-05-01
2026;mai;Loja Norte;7426014,2;12213143,09;0,0;5664990,02;699384,57;0,0;8801768,2;0,0;3712286,48;0,0;0,0;438296,5400000001;3301249,2500000005;45909,78;409453,13;45027,06;29795,78;45521,74;136362,83;18806,58;4644277,16;0,0;5933930,2700000005;4886368,67;1443641,67;974927,02;3327875,62;0,0;0,0;187485,96;1781116,41;1340524,6600000001;168737,37;0,0;1595990,23;2026-05-01
2026;mai;Loja Sul;8704118,0;14697173,9;0,0;6900464,42;848572,67;0,0;9901483,2;0,0;4437399,03;0,0;0,0;555160,7;4019128,8000000003;57979,92;524508,1;58394,49;37662,329999999994;58206,95;176057,86;22643,079999999998;5625589,98;0,0;5530261,819999999;4466365,29;1345434,96;908605,33;3101489,59;0,0;0,0;174731,94;1659952,09;1249332,41;157258,57;0,0;1399822,22;2026-05-01
2026;jun;(Todas as filiais);18583847,49;0,0;0,0;0,0;0,0;91826096,73;0,0;16397522,7;0,0;48099384,0;0,0;0,0;0,0;0,0;0,0;0,0;0,0;0,0;0,0;0,0;0,0;0,0;0,0;0,0;0,0;0,0;0,0;0,0;0,0;0,0;0,0;0,0;0,0;0,0;0,0;2026-06-01
2026;jun;Loja Centro;11333226,76;19145957,69;0,0;8904805,16;1089918,04;0,0;13171435,56;0,0;5729576,02;0,0;0,0;686018,8099999999;5087771,07;71948,69;648360,27;72039,85;46438,57;71777,72;215545,13;28332,510000000002;7054182,4399999995;0,0;8884324,17;7333301,21;2153775,6;1453798,54;4980605,93;0,0;0,0;296144,1;2624913,85;1965320,17;403832,96;0,0;2339234,23;2026-06-01
2026;jun;Loja Norte;7167549,34;11829445,91;0,0;5573685,55;682537,25;0,0;8663389,63;0,0;3587096,29;0,0;0,0;410742,87999999995;3163190,35;42320,82;378035,66000000003;42801,52;27878,130000000005;42256,22;127726,07;17709,22;4478248,49;0,0;5590805,15;4689891,46;1355346,73;914858,97;3134239,14;0,0;0,0;186360,31;1651828,8;1236753,8;254127,45;0,0;1547181,41;2026-06-01
2026;jun;Loja Sul;8654439,66;14607910,56;0,0;6803462,04;833552,76;0,0;10083898,42;0,0;4330981,55;0,0;0,0;524053,48999999993;3856721,1799999997;54458,65;491712,07999999996;53939,46;35435,43;54702,43;163040,3;21693,85;5410685,74;0,0;6270872,470000001;5188722,39;1520211,6;1026142,73;3515489,14;0,0;0,0;209029,0;1852757,82;1387193,02;285039,65;0,0;1663731,9;2026-06-01
2026;jul;Loja Centro;11115398,48;18509701,67;0,0;8688278,48;1064490,73;0,0;12936271,94;0,0;5408136,0600000005;0,0;0,0;637545,19;4867080,649999999;66596,3;599715,17;66728,66;43105,280000000006;66404,75;200293,76;26903,550000000003;6802531,18;0,0;7256897,44;5956677,05;1760864,89;1195253,68;4055324,97;0,0;0,0;245453,9;2113037,83;1611458,08;234781,96;0,0;1997399,18;2026-07-01
2026;jul;Loja Norte;6988166,55;11965478,54;0,0;5539869,86;687991,59;0,0;8784704,07;0,0;3366182,45;0,0;0,0;379069,95999999996;3038263,53;39246,36;356373,91;38794,76;25701,66;39918,75;118428,65;17335,57;4326236,2;0,0;5841362,49;4923881,14;1417389,44;962106,72;3264290,96;0,0;0,0;197575,37;1700867,42;1297126,22;188985,16;0,0;1736902,34;2026-07-01
2026;jul;Loja Sul;8550883,99;14349569,38;0,0;6679250,11;808713,8;0,0;9709183,05;0,0;4168090,22;0,0;0,0;489283,22000000003;3669521,48;50972,39;455596,06999999995;51222,01;33165,729999999996;50594,4;151753,25;21056,309999999998;5185914,609999999;0,0;7486388,72;6099441,46;1816550,12;1233052,31;4183570,11;0,0;0,0;253216,18;2179860,31;1662418,58;242206,79;0,0;2014955,78;2026-07-01
2026;jul;(Todas as filiais);17866154,7;0,0;0,0;0,0;0,0;88279852,41;0,0;15764250,49;0,0;46241830,41;0,0;0,0;0,0;0,0;0,0;0,0;0,0;0,0;0,0;0,0;0,0;0,0;0,0;0,0;0,0;0,0;0,0;0,0;0,0;0,0;0,0;0,0;0,0;0,0;0,0;2026-07-01
