Ano;Mês;Conta;Valor;Filial
2024;Abr;Aplicações Financeiras;16903601,95;(Todas as filiais)
2024;Abr;Caixa e Bancos;9774692,69;Loja Centro
2024;Abr;Caixa e Bancos;6625623,01;Loja Norte
2024;Abr;Caixa e Bancos;7564798,49;Loja Sul
2024;Abr;Capital Social;49716469,17;(Todas as filiais)
2024;Abr;Clientes;16403783,43;Loja Centro
2024;Abr;Clientes;11004058,17;Loja Norte
2024;Abr;Clientes;12833834,97;Loja Sul
2024;Abr;Empréstimos CP;14914952,89;(Todas as filiais)
2024;Abr;Empréstimos LP;43750497,73;(Todas as filiais)
2024;Abr;Estoques;7660899,43;Loja Centro
2024;Abr;Estoques;5133228,07;Loja Norte
2024;Abr;Estoques;5984296,21;Loja Sul
2024;Abr;Fornecedores;11555733,4;Loja Centro
2024;Abr;Fornecedores;8052976,56;Loja Norte
2024;Abr;Fornecedores;9052511;Loja Sul
2024;Abr;Imobilizado;83523673,06;(Todas as filiais)
2024;Abr;Impostos a Recolher;2744375,77;Loja Centro
2024;Abr;Impostos a Recolher;1861585,07;Loja Norte
2024;Abr;Impostos a Recolher;2139456,84;Loja Sul
2024;Abr;Impostos a Recuperar;936567,1;Loja Centro
2024;Abr;Impostos a Recuperar;635832,78;Loja Norte
2024;Abr;Impostos a Recuperar;728413,88;Loja Sul
2024;Abr;Lucros Acumulados;25852559,12;(Todas as filiais)
2024;Abr;Reservas;19488857,86;(Todas as filiais)
2024;Abr;Resultado Exercício;0;(Todas as filiais)
2024;Abr;Salários e Encargos;2270735,09;Loja Centro
2024;Abr;Salários e Encargos;1527269,82;Loja Norte
2024;Abr;Salários e Encargos;1754788,69;Loja Sul
2024;Ago;Aplicações Financeiras;14801228,06;(Todas as filiais)
2024;Ago;Caixa e Bancos;9154071,68;Loja Centro
2024;Ago;Caixa e Bancos;6083589,86;Loja Norte
2024;Ago;Caixa e Bancos;7183533,48;Loja Sul
2024;Ago;Capital Social;43533033,4;(Todas as filiais)
2024;Ago;Clientes;15371001,32;Loja Centro
2024;Ago;Clientes;10302297,42;Loja Norte
2024;Ago;Clientes;12007777,23;Loja Sul
2024;Ago;Empréstimos CP;13059905,9;(Todas as filiais)
2024;Ago;Empréstimos LP;38309066,92;(Todas as filiais)
2024;Ago;Estoques;7209718,73;Loja Centro
2024;Ago;Estoques;4759703,84;Loja Norte
2024;Ago;Estoques;5603242,36;Loja Sul
2024;Ago;Fornecedores;10136793,89;Loja Centro
2024;Ago;Fornecedores;6894522,71;Loja Norte
2024;Ago;Fornecedores;7839703,64;Loja Sul
2024;Ago;Imobilizado;73135510,1;(Todas as filiais)
2024;Ago;Impostos a Recolher;2369164,03;Loja Centro
2024;Ago;Impostos a Recolher;1590806,14;Loja Norte
2024;Ago;Impostos a Recolher;1866261,28;Loja Sul
2024;Ago;Impostos a Recuperar;884030,38;Loja Centro
2024;Ago;Impostos a Recuperar;579785,6;Loja Norte
2024;Ago;Impostos a Recuperar;687331,48;Loja Sul
2024;Ago;Lucros Acumulados;22637188,07;(Todas as filiais)
2024;Ago;Reservas;17064953,04;(Todas as filiais)
2024;Ago;Resultado Exercício;0;(Todas as filiais)
2024;Ago;Salários e Encargos;1941908,91;Loja Centro
2024;Ago;Salários e Encargos;1320827,13;Loja Norte
2024;Ago;Salários e Encargos;1538113,93;Loja Sul
2024;Dez;Aplicações Financeiras;24619690,91;(Todas as filiais)
2024;Dez;Caixa e Bancos;14600062,5;Loja Centro
2024;Dez;Caixa e Bancos;9304182,6;Loja Norte
2024;Dez;Caixa e Bancos;11487696,19;Loja Sul
2024;Dez;Capital Social;72410863,42;(Todas as filiais)
2024;Dez;Clientes;24478989,08;Loja Centro
2024;Dez;Clientes;15857510,65;Loja Norte
2024;Dez;Clientes;19159013,92;Loja Sul
2024;Dez;Empréstimos CP;21723272,29;(Todas as filiais)
2024;Dez;Empréstimos LP;63721541,23;(Todas as filiais)
2024;Dez;Estoques;11367458,2;Loja Centro
2024;Dez;Estoques;7473100,88;Loja Norte
2024;Dez;Estoques;8940729,14;Loja Sul
2024;Dez;Fornecedores;18035037,28;Loja Centro
2024;Dez;Fornecedores;12531913,26;Loja Norte
2024;Dez;Fornecedores;14038785,03;Loja Sul
2024;Dez;Imobilizado;121650245,2;(Todas as filiais)
2024;Dez;Impostos a Recolher;4205154,26;Loja Centro
2024;Dez;Impostos a Recolher;2744612,2;Loja Norte
2024;Dez;Impostos a Recolher;3274888,24;Loja Sul
2024;Dez;Impostos a Recuperar;1392630,9;Loja Centro
2024;Dez;Impostos a Recuperar;905486,64;Loja Norte
2024;Dez;Impostos a Recuperar;1102262,84;Loja Sul
2024;Dez;Lucros Acumulados;37653641,02;(Todas as filiais)
2024;Dez;Reservas;28385055,01;(Todas as filiais)
2024;Dez;Resultado Exercício;0;(Todas as filiais)
2024;Dez;Salários e Encargos;3482659,56;Loja Centro
2024;Dez;Salários e Encargos;2233071,18;Loja Norte
2024;Dez;Salários e Encargos;2698499,8;Loja Sul
2024;Fev;Aplicações Financeiras;16937126,76;(Todas as filiais)
2024;Fev;Caixa e Bancos;10162973,86;Loja Centro
2024;Fev;Caixa e Bancos;6604590,83;Loja Norte
2024;Fev;Caixa e Bancos;7866816,94;Loja Sul
2024;Fev;Capital Social;49815078,71;(Todas as filiais)
2024;Fev;Clientes;17104253,1;Loja Centro
2024;Fev;Clientes;11002874,97;Loja Norte
2024;Fev;Clientes;13261917,9;Loja Sul
2024;Fev;Empréstimos CP;14944523,61;(Todas as filiais)
2024;Fev;Empréstimos LP;43837269,27;(Todas as filiais)
2024;Fev;Estoques;7921442,1;Loja Centro
2024;Fev;Estoques;5226523,61;Loja Norte
2024;Fev;Estoques;6177473,44;Loja Sul
2024;Fev;Fornecedores;12197656,12;Loja Centro
2024;Fev;Fornecedores;8258886,6;Loja Norte
2024;Fev;Fornecedores;9304356,89;Loja Sul
2024;Fev;Imobilizado;83689332,23;(Todas as filiais)
2024;Fev;Impostos a Recolher;2871316,81;Loja Centro
2024;Fev;Impostos a Recolher;1835828,31;Loja Norte
2024;Fev;Impostos a Recolher;2228111,49;Loja Sul
2024;Fev;Impostos a Recuperar;992045,21;Loja Centro
2024;Fev;Impostos a Recuperar;618834,32;Loja Norte
2024;Fev;Impostos a Recuperar;750027,25;Loja Sul
2024;Fev;Lucros Acumulados;25903840,93;(Todas as filiais)
2024;Fev;Reservas;19527510,85;(Todas as filiais)
2024;Fev;Resultado Exercício;0;(Todas as filiais)
2024;Fev;Salários e Encargos;2340943,15;Loja Centro
2024;Fev;Salários e Encargos;1542823,23;Loja Norte
2024;Fev;Salários e Encargos;1834683,77;Loja Sul
2024;Jan;Aplicações Financeiras;16469963,64;(Todas as filiais)
2024;Jan;Caixa e Bancos;9879363,67;Loja Centro
2024;Jan;Caixa e Bancos;6630539,61;Loja Norte
2024;Jan;Caixa e Bancos;7730191,09;Loja Sul
2024;Jan;Capital Social;48441069,54;(Todas as filiais)
2024;Jan;Clientes;16647331,82;Loja Centro
2024;Jan;Clientes;10821419,57;Loja Norte
2024;Jan;Clientes;13204280,08;Loja Sul
2024;Jan;Empréstimos CP;14532320,86;(Todas as filiais)
2024;Jan;Empréstimos LP;42628141,19;(Todas as filiais)
2024;Jan;Estoques;7781742,72;Loja Centro
2024;Jan;Estoques;5107824,72;Loja Norte
2024;Jan;Estoques;6097272,48;Loja Sul
2024;Jan;Fornecedores;11208255,93;Loja Centro
2024;Jan;Fornecedores;7973808,59;Loja Norte
2024;Jan;Fornecedores;8932996,31;Loja Sul
2024;Jan;Imobilizado;81380996,82;(Todas as filiais)
2024;Jan;Impostos a Recolher;2689935,62;Loja Centro
2024;Jan;Impostos a Recolher;1785825,07;Loja Norte
2024;Jan;Impostos a Recolher;2114750,16;Loja Sul
2024;Jan;Impostos a Recuperar;948046,27;Loja Centro
2024;Jan;Impostos a Recuperar;627063,45;Loja Norte
2024;Jan;Impostos a Recuperar;750698,62;Loja Sul
2024;Jan;Lucros Acumulados;25189356,16;(Todas as filiais)
2024;Jan;Reservas;18988899,26;(Todas as filiais)
2024;Jan;Resultado Exercício;0;(Todas as filiais)
2024;Jan;Salários e Encargos;2219847,03;Loja Centro
2024;Jan;Salários e Encargos;1457187,84;Loja Norte
2024;Jan;Salários e Encargos;1747964,39;Loja Sul
2024;Jul;Aplicações Financeiras;15243198,13;(Todas as filiais)
2024;Jul;Caixa e Bancos;9158764,78;Loja Centro
2024;Jul;Caixa e Bancos;6038205,26;Loja Norte
2024;Jul;Caixa e Bancos;7214475,77;Loja Sul
2024;Jul;Capital Social;44832931,91;(Todas as filiais)
2024;Jul;Clientes;15491418,22;Loja Centro
2024;Jul;Clientes;10102597,57;Loja Norte
2024;Jul;Clientes;12038189,72;Loja Sul
2024;Jul;Empréstimos CP;13449873,16;(Todas as filiais)
2024;Jul;Empréstimos LP;39452978,37;(Todas as filiais)
2024;Jul;Estoques;7170540,77;Loja Centro
2024;Jul;Estoques;4672023,51;Loja Norte
2024;Jul;Estoques;5721021,72;Loja Sul
2024;Jul;Fornecedores;10048054,62;Loja Centro
2024;Jul;Fornecedores;7025275,2;Loja Norte
2024;Jul;Fornecedores;7994917,56;Loja Sul
2024;Jul;Imobilizado;75319306,8;(Todas as filiais)
2024;Jul;Impostos a Recolher;2462193,27;Loja Centro
2024;Jul;Impostos a Recolher;1610198,48;Loja Norte
2024;Jul;Impostos a Recolher;1941479,66;Loja Sul
2024;Jul;Impostos a Recuperar;876139,13;Loja Centro
2024;Jul;Impostos a Recuperar;580160,07;Loja Norte
2024;Jul;Impostos a Recuperar;695661,87;Loja Sul
2024;Jul;Lucros Acumulados;23313117,75;(Todas as filiais)
2024;Jul;Reservas;17574512,04;(Todas as filiais)
2024;Jul;Resultado Exercício;0;(Todas as filiais)
2024;Jul;Salários e Encargos;2023824,94;Loja Centro
2024;Jul;Salários e Encargos;1323664,19;Loja Norte
2024;Jul;Salários e Encargos;1605281,09;Loja Sul
2024;Jun;Aplicações Financeiras;15788313,65;(Todas as filiais)
2024;Jun;Caixa e Bancos;9405830,23;Loja Centro
2024;Jun;Caixa e Bancos;6146048,45;Loja Norte
2024;Jun;Caixa e Bancos;7168227,35;Loja Sul
2024;Jun;Capital Social;46436190,38;(Todas as filiais)
2024;Jun;Clientes;15788533,15;Loja Centro
2024;Jun;Clientes;10363914,41;Loja Norte
2024;Jun;Clientes;12024569,18;Loja Sul
2024;Jun;Empréstimos CP;13930857,11;(Todas as filiais)
2024;Jun;Empréstimos LP;40863843,07;(Todas as filiais)
2024;Jun;Estoques;7330396,79;Loja Centro
2024;Jun;Estoques;4755347,6;Loja Norte
2024;Jun;Estoques;5722063,4;Loja Sul
2024;Jun;Fornecedores;11075500,28;Loja Centro
2024;Jun;Fornecedores;7838996,63;Loja Norte
2024;Jun;Fornecedores;8688005,24;Loja Sul
2024;Jun;Imobilizado;78012817,69;(Todas as filiais)
2024;Jun;Impostos a Recolher;2699784;Loja Centro
2024;Jun;Impostos a Recolher;1762269,23;Loja Norte
2024;Jun;Impostos a Recolher;2119337,35;Loja Sul
2024;Jun;Impostos a Recuperar;899833,23;Loja Centro
2024;Jun;Impostos a Recuperar;581942,13;Loja Norte
2024;Jun;Impostos a Recuperar;698479,91;Loja Sul
2024;Jun;Lucros Acumulados;24146823,46;(Todas as filiais)
2024;Jun;Reservas;18202993,77;(Todas as filiais)
2024;Jun;Resultado Exercício;0;(Todas as filiais)
2024;Jun;Salários e Encargos;2242351,88;Loja Centro
2024;Jun;Salários e Encargos;1490715,68;Loja Norte
2024;Jun;Salários e Encargos;1690796,5;Loja Sul
2024;Mai;Aplicações Financeiras;16434726,66;(Todas as filiais)
2024;Mai;Caixa e Bancos;9862485,92;Loja Centro
2024;Mai;Caixa e Bancos;6305769,63;Loja Norte
2024;Mai;Caixa e Bancos;7644073,63;Loja Sul
2024;Mai;Capital Social;48337395,56;(Todas as filiais)
2024;Mai;Clientes;16571638,06;Loja Centro
2024;Mai;Clientes;10486820,74;Loja Norte
2024;Mai;Clientes;12932302,49;Loja Sul
2024;Mai;Empréstimos CP;14501228,03;(Todas as filiais)
2024;Mai;Empréstimos LP;42536899,67;(Todas as filiais)
2024;Mai;Estoques;7750407,43;Loja Centro
2024;Mai;Estoques;4949271,41;Loja Norte
2024;Mai;Estoques;5968015,9;Loja Sul
2024;Mai;Fornecedores;11373175,23;Loja Centro
2024;Mai;Fornecedores;7800167,26;Loja Norte
2024;Mai;Fornecedores;8582311;Loja Sul
2024;Mai;Imobilizado;81206825,48;(Todas as filiais)
2024;Mai;Impostos a Recolher;2762095,87;Loja Centro
2024;Mai;Impostos a Recolher;1732522,87;Loja Norte
2024;Mai;Impostos a Recolher;2144041,98;Loja Sul
2024;Mai;Impostos a Recuperar;951350,91;Loja Centro
2024;Mai;Impostos a Recuperar;601056,16;Loja Norte
2024;Mai;Impostos a Recuperar;732552,3;Loja Sul
2024;Mai;Lucros Acumulados;25135435,39;(Todas as filiais)
2024;Mai;Reservas;18948267,86;(Todas as filiais)
2024;Mai;Resultado Exercício;0;(Todas as filiais)
2024;Mai;Salários e Encargos;2262370;Loja Centro
2024;Mai;Salários e Encargos;1461652,96;Loja Norte
2024;Mai;Salários e Encargos;1748840,72;Loja Sul
2024;Mar;Aplicações Financeiras;17094725,59;(Todas as filiais)
2024;Mar;Caixa e Bancos;9881718,35;Loja Centro
2024;Mar;Caixa e Bancos;6615596,56;Loja Norte
2024;Mar;Caixa e Bancos;7722034,78;Loja Sul
2024;Mar;Capital Social;50278569,73;(Todas as filiais)
2024;Mar;Clientes;16763361,62;Loja Centro
2024;Mar;Clientes;10939701,06;Loja Norte
2024;Mar;Clientes;12939812,78;Loja Sul
2024;Mar;Empréstimos CP;15083561,02;(Todas as filiais)
2024;Mar;Empréstimos LP;44245150,27;(Todas as filiais)
2024;Mar;Estoques;7785752,63;Loja Centro
2024;Mar;Estoques;5111541,85;Loja Norte
2024;Mar;Estoques;6074734,7;Loja Sul
2024;Mar;Fornecedores;11750627,35;Loja Centro
2024;Mar;Fornecedores;8099794,71;Loja Norte
2024;Mar;Fornecedores;8999911,41;Loja Sul
2024;Mar;Imobilizado;84467996,16;(Todas as filiais)
2024;Mar;Impostos a Recolher;2801470,76;Loja Centro
2024;Mar;Impostos a Recolher;1821867,55;Loja Norte
2024;Mar;Impostos a Recolher;2165274,7;Loja Sul
2024;Mar;Impostos a Recuperar;947054,76;Loja Centro
2024;Mar;Impostos a Recuperar;637361,56;Loja Norte
2024;Mar;Impostos a Recuperar;741169,19;Loja Sul
2024;Mar;Lucros Acumulados;26144867,15;(Todas as filiais)
2024;Mar;Reservas;19709194,98;(Todas as filiais)
2024;Mar;Resultado Exercício;0;(Todas as filiais)
2024;Mar;Salários e Encargos;2284974,9;Loja Centro
2024;Mar;Salários e Encargos;1514878,52;Loja Norte
2024;Mar;Salários e Encargos;1795589,37;Loja Sul
2024;Nov;Aplicações Financeiras;20631441,04;(Todas as filiais)
2024;Nov;Caixa e Bancos;12241398,23;Loja Centro
2024;Nov;Caixa e Bancos;7953275,89;Loja Norte
2024;Nov;Caixa e Bancos;9555962,57;Loja Sul
2024;Nov;Capital Social;60680700,7;(Todas as filiais)
2024;Nov;Clientes;20657286,63;Loja Centro
2024;Nov;Clientes;13319141,09;Loja Norte
2024;Nov;Clientes;15988815,14;Loja Sul
2024;Nov;Empréstimos CP;18204196,2;(Todas as filiais)
2024;Nov;Empréstimos LP;53398994,2;(Todas as filiais)
2024;Nov;Estoques;9633452,97;Loja Centro
2024;Nov;Estoques;6187961,96;Loja Norte
2024;Nov;Estoques;7492813,95;Loja Sul
2024;Nov;Fornecedores;15478768,21;Loja Centro
2024;Nov;Fornecedores;10594189;Loja Norte
2024;Nov;Fornecedores;12013442,36;Loja Sul
2024;Nov;Imobilizado;101943554,8;(Todas as filiais)
2024;Nov;Impostos a Recolher;3574603,08;Loja Centro
2024;Nov;Impostos a Recolher;2291521,37;Loja Norte
2024;Nov;Impostos a Recolher;2790501,22;Loja Sul
2024;Nov;Impostos a Recuperar;1173049,62;Loja Centro
2024;Nov;Impostos a Recuperar;763597,71;Loja Norte
2024;Nov;Impostos a Recuperar;919650,57;Loja Sul
2024;Nov;Lucros Acumulados;31553958,76;(Todas as filiais)
2024;Nov;Reservas;23786836,91;(Todas as filiais)
2024;Nov;Resultado Exercício;0;(Todas as filiais)
2024;Nov;Salários e Encargos;2943805,2;Loja Centro
2024;Nov;Salários e Encargos;1903519,35;Loja Norte
2024;Nov;Salários e Encargos;2283818,08;Loja Sul
2024;Out;Aplicações Financeiras;14712752,13;(Todas as filiais)
2024;Out;Caixa e Bancos;8915984,49;Loja Centro
2024;Out;Caixa e Bancos;5854281,97;Loja Norte
2024;Out;Caixa e Bancos;6924278,82;Loja Sul
2024;Out;Capital Social;43272818,16;(Todas as filiais)
2024;Out;Clientes;14865458,5;Loja Centro
2024;Out;Clientes;9889457,16;Loja Norte
2024;Out;Clientes;11713850,18;Loja Sul
2024;Out;Empréstimos CP;12981855,52;(Todas as filiais)
2024;Out;Empréstimos LP;38080088,03;(Todas as filiais)
2024;Out;Estoques;7012440,58;Loja Centro
2024;Out;Estoques;4601561,74;Loja Norte
2024;Out;Estoques;5393496,93;Loja Sul
2024;Out;Fornecedores;10681326,22;Loja Centro
2024;Out;Fornecedores;7406687,76;Loja Norte
2024;Out;Fornecedores;8371339,25;Loja Sul
2024;Out;Imobilizado;72698342,56;(Todas as filiais)
2024;Out;Impostos a Recolher;2485981,12;Loja Centro
2024;Out;Impostos a Recolher;1667142,98;Loja Norte
2024;Out;Impostos a Recolher;1952111,6;Loja Sul
2024;Out;Impostos a Recuperar;854304,54;Loja Centro
2024;Out;Impostos a Recuperar;558039,74;Loja Norte
2024;Out;Impostos a Recuperar;669940,04;Loja Sul
2024;Out;Lucros Acumulados;22501857,39;(Todas as filiais)
2024;Out;Reservas;16962935,86;(Todas as filiais)
2024;Out;Resultado Exercício;0;(Todas as filiais)
2024;Out;Salários e Encargos;2055671,23;Loja Centro
2024;Out;Salários e Encargos;1346438,43;Loja Norte
2024;Out;Salários e Encargos;1620792,27;Loja Sul
2024;Set;Aplicações Financeiras;14568402,95;(Todas as filiais)
2024;Set;Caixa e Bancos;8662653,06;Loja Centro
2024;Set;Caixa e Bancos;5924184,27;Loja Norte
2024;Set;Caixa e Bancos;6797283,79;Loja Sul
2024;Set;Capital Social;42848260,52;(Todas as filiais)
2024;Set;Clientes;14664254,65;Loja Centro
2024;Set;Clientes;9690175,56;Loja Norte
2024;Set;Clientes;11516205,31;Loja Sul
2024;Set;Empréstimos CP;12854486,2;(Todas as filiais)
2024;Set;Empréstimos LP;37706470,07;(Todas as filiais)
2024;Set;Estoques;6809954,71;Loja Centro
2024;Set;Estoques;4616543,31;Loja Norte
2024;Set;Estoques;5331977,4;Loja Sul
2024;Set;Fornecedores;10529191,17;Loja Centro
2024;Set;Fornecedores;7357211,17;Loja Norte
2024;Set;Fornecedores;8137243,86;Loja Sul
2024;Set;Imobilizado;71985066,42;(Todas as filiais)
2024;Set;Impostos a Recolher;2431333,13;Loja Centro
2024;Set;Impostos a Recolher;1625909,8;Loja Norte
2024;Set;Impostos a Recolher;1894946,06;Loja Sul
2024;Set;Impostos a Recuperar;836106,56;Loja Centro
2024;Set;Impostos a Recuperar;551057,71;Loja Norte
2024;Set;Impostos a Recuperar;662417,01;Loja Sul
2024;Set;Lucros Acumulados;22281098,69;(Todas as filiais)
2024;Set;Reservas;16796524,88;(Todas as filiais)
2024;Set;Resultado Exercício;0;(Todas as filiais)
2024;Set;Salários e Encargos;1996616,66;Loja Centro
2024;Set;Salários e Encargos;1342187,54;Loja Norte
2024;Set;Salários e Encargos;1564225,39;Loja Sul
2025;Abr;Aplicações Financeiras;17051753,3;(Todas as filiais)
2025;Abr;Caixa e Bancos;9494588,26;Loja Centro
2025;Abr;Caixa e Bancos;6328019,02;Loja Norte
2025;Abr;Caixa e Bancos;7559798,54;Loja Sul
2025;Abr;Capital Social;50152201,2;(Todas as filiais)
2025;Abr;Clientes;15990431,59;Loja Centro
2025;Abr;Clientes;10549740,5;Loja Norte
2025;Abr;Clientes;12725367,15;Loja Sul
2025;Abr;Empréstimos CP;15045658,14;(Todas as filiais)
2025;Abr;Empréstimos LP;44133937,95;(Todas as filiais)
2025;Abr;Estoques;7472267,15;Loja Centro
2025;Abr;Estoques;4974275,13;Loja Norte
2025;Abr;Estoques;5883459,95;Loja Sul
2025;Abr;Fornecedores;12098839,2;Loja Centro
2025;Abr;Fornecedores;8362795,72;Loja Norte
2025;Abr;Fornecedores;9314132,43;Loja Sul
2025;Abr;Imobilizado;84255707,81;(Todas as filiais)
2025;Abr;Impostos a Recolher;2861647,11;Loja Centro
2025;Abr;Impostos a Recolher;1882836,14;Loja Norte
2025;Abr;Impostos a Recolher;2224119,77;Loja Sul
2025;Abr;Impostos a Recuperar;928830,66;Loja Centro
2025;Abr;Impostos a Recuperar;595502,28;Loja Norte
2025;Abr;Impostos a Recuperar;716388,68;Loja Sul
2025;Abr;Lucros Acumulados;26079148,19;(Todas as filiais)
2025;Abr;Reservas;19659674,8;(Todas as filiais)
2025;Abr;Resultado Exercício;0;(Todas as filiais)
2025;Abr;Salários e Encargos;2340123,77;Loja Centro
2025;Abr;Salários e Encargos;1527715,32;Loja Norte
2025;Abr;Salários e Encargos;1869852,05;Loja Sul
2025;Ago;Aplicações Financeiras;15466491,27;(Todas as filiais)
2025;Ago;Caixa e Bancos;9447210,27;Loja Centro
2025;Ago;Caixa e Bancos;6152220,26;Loja Norte
2025;Ago;Caixa e Bancos;7446971,8;Loja Sul
2025;Ago;Capital Social;45489704,35;(Todas as filiais)
2025;Ago;Clientes;15919351,02;Loja Centro
2025;Ago;Clientes;10480991,25;Loja Norte
2025;Ago;Clientes;12331566,74;Loja Sul
2025;Ago;Empréstimos CP;13646913,26;(Todas as filiais)
2025;Ago;Empréstimos LP;40030931,23;(Todas as filiais)
2025;Ago;Estoques;7423870,68;Loja Centro
2025;Ago;Estoques;4911456,53;Loja Norte
2025;Ago;Estoques;5742998,2;Loja Sul
2025;Ago;Fornecedores;10632297,09;Loja Centro
2025;Ago;Fornecedores;7171768,24;Loja Norte
2025;Ago;Fornecedores;8168387,8;Loja Sul
2025;Ago;Imobilizado;76422686,89;(Todas as filiais)
2025;Ago;Impostos a Recolher;2528022,84;Loja Centro
2025;Ago;Impostos a Recolher;1628562,71;Loja Norte
2025;Ago;Impostos a Recolher;1980300,34;Loja Sul
2025;Ago;Impostos a Recuperar;905540,55;Loja Centro
2025;Ago;Impostos a Recuperar;588702,84;Loja Norte
2025;Ago;Impostos a Recuperar;718127,25;Loja Sul
2025;Ago;Lucros Acumulados;23654650,96;(Todas as filiais)
2025;Ago;Reservas;17831966,14;(Todas as filiais)
2025;Ago;Resultado Exercício;0;(Todas as filiais)
2025;Ago;Salários e Encargos;2063702,84;Loja Centro
2025;Ago;Salários e Encargos;1350489,1;Loja Norte
2025;Ago;Salários e Encargos;1643262,63;Loja Sul
2025;Dez;Aplicações Financeiras;27009112,85;(Todas as filiais)
2025;Dez;Caixa e Bancos;16227215,9;Loja Centro
2025;Dez;Caixa e Bancos;10270323,79;Loja Norte
2025;Dez;Caixa e Bancos;12573879,86;Loja Sul
2025;Dez;Capital Social;79438516,64;(Todas as filiais)
2025;Dez;Clientes;27422876,97;Loja Centro
2025;Dez;Clientes;17523293,23;Loja Norte
2025;Dez;Clientes;20717130,13;Loja Sul
2025;Dez;Empréstimos CP;23831568,22;(Todas as filiais)
2025;Dez;Empréstimos LP;69905915,81;(Todas as filiais)
2025;Dez;Estoques;12859347,36;Loja Centro
2025;Dez;Estoques;8022190,24;Loja Norte
2025;Dez;Estoques;9733672,88;Loja Sul
2025;Dez;Fornecedores;19221862,98;Loja Centro
2025;Dez;Fornecedores;12700024,12;Loja Norte
2025;Dez;Fornecedores;14604651,56;Loja Sul
2025;Dez;Imobilizado;133456709,3;(Todas as filiais)
2025;Dez;Impostos a Recolher;4413084,35;Loja Centro
2025;Dez;Impostos a Recolher;2870752,24;Loja Norte
2025;Dez;Impostos a Recolher;3394186,02;Loja Sul
2025;Dez;Impostos a Recuperar;1566117,46;Loja Centro
2025;Dez;Impostos a Recuperar;995471,33;Loja Norte
2025;Dez;Impostos a Recuperar;1189850,75;Loja Sul
2025;Dez;Lucros Acumulados;41308047,17;(Todas as filiais)
2025;Dez;Reservas;31139910,96;(Todas as filiais)
2025;Dez;Resultado Exercício;0;(Todas as filiais)
2025;Dez;Salários e Encargos;3663492,89;Loja Centro
2025;Dez;Salários e Encargos;2350882,79;Loja Norte
2025;Dez;Salários e Encargos;2774720,31;Loja Sul
2025;Fev;Aplicações Financeiras;17088656,68;(Todas as filiais)
2025;Fev;Caixa e Bancos;10412963,29;Loja Centro
2025;Fev;Caixa e Bancos;6742758,3;Loja Norte
2025;Fev;Caixa e Bancos;7869694,53;Loja Sul
2025;Fev;Capital Social;50260769,6;(Todas as filiais)
2025;Fev;Clientes;17392378;Loja Centro
2025;Fev;Clientes;11462227,99;Loja Norte
2025;Fev;Clientes;13219233,29;Loja Sul
2025;Fev;Empréstimos CP;15078233,15;(Todas as filiais)
2025;Fev;Empréstimos LP;44229476,34;(Todas as filiais)
2025;Fev;Estoques;8103147,91;Loja Centro
2025;Fev;Estoques;5333896,93;Loja Norte
2025;Fev;Estoques;6196231,79;Loja Sul
2025;Fev;Fornecedores;12145468,99;Loja Centro
2025;Fev;Fornecedores;8370511,54;Loja Norte
2025;Fev;Fornecedores;9101042,03;Loja Sul
2025;Fev;Imobilizado;84438082,96;(Todas as filiais)
2025;Fev;Impostos a Recolher;2969412,25;Loja Centro
2025;Fev;Impostos a Recolher;1902379,7;Loja Norte
2025;Fev;Impostos a Recolher;2215405,72;Loja Sul
2025;Fev;Impostos a Recuperar;994263,76;Loja Centro
2025;Fev;Impostos a Recuperar;660446,26;Loja Norte
2025;Fev;Impostos a Recuperar;750356,14;Loja Sul
2025;Fev;Lucros Acumulados;26135596,57;(Todas as filiais)
2025;Fev;Reservas;19702223,13;(Todas as filiais)
2025;Fev;Resultado Exercício;0;(Todas as filiais)
2025;Fev;Salários e Encargos;2414972,79;Loja Centro
2025;Fev;Salários e Encargos;1578904,69;Loja Norte
2025;Fev;Salários e Encargos;1847482,37;Loja Sul
2025;Jan;Aplicações Financeiras;16539771,97;(Todas as filiais)
2025;Jan;Caixa e Bancos;10204529,52;Loja Centro
2025;Jan;Caixa e Bancos;6742333,76;Loja Norte
2025;Jan;Caixa e Bancos;7868498,85;Loja Sul
2025;Jan;Capital Social;48646399,85;(Todas as filiais)
2025;Jan;Clientes;17133751,01;Loja Centro
2025;Jan;Clientes;11443698,21;Loja Norte
2025;Jan;Clientes;13130975,32;Loja Sul
2025;Jan;Empréstimos CP;14593917,75;(Todas as filiais)
2025;Jan;Empréstimos LP;42808837,18;(Todas as filiais)
2025;Jan;Estoques;7983200,03;Loja Centro
2025;Jan;Estoques;5329892,3;Loja Norte
2025;Jan;Estoques;6150649,66;Loja Sul
2025;Jan;Fornecedores;11970985,14;Loja Centro
2025;Jan;Fornecedores;8486604,59;Loja Norte
2025;Jan;Fornecedores;9129247,41;Loja Sul
2025;Jan;Imobilizado;81725965,9;(Todas as filiais)
2025;Jan;Impostos a Recolher;2868315,81;Loja Centro
2025;Jan;Impostos a Recolher;1863553,47;Loja Norte
2025;Jan;Impostos a Recolher;2221177,95;Loja Sul
2025;Jan;Impostos a Recuperar;980257,62;Loja Centro
2025;Jan;Impostos a Recuperar;645446,66;Loja Norte
2025;Jan;Impostos a Recuperar;756238,58;Loja Sul
2025;Jan;Lucros Acumulados;25296127,04;(Todas as filiais)
2025;Jan;Reservas;19069402,36;(Todas as filiais)
2025;Jan;Resultado Exercício;0;(Todas as filiais)
2025;Jan;Salários e Encargos;2374460,99;Loja Centro
2025;Jan;Salários e Encargos;1554994,01;Loja Norte
2025;Jan;Salários e Encargos;1798290,09;Loja Sul
2025;Jul;Aplicações Financeiras;15800444,84;(Todas as filiais)
2025;Jul;Caixa e Bancos;9236225,73;Loja Centro
2025;Jul;Caixa e Bancos;6361294,14;Loja Norte
2025;Jul;Caixa e Bancos;7161607,22;Loja Sul
2025;Jul;Capital Social;46471914,36;(Todas as filiais)
2025;Jul;Clientes;15580962,79;Loja Centro
2025;Jul;Clientes;10484351,26;Loja Norte
2025;Jul;Clientes;12127120,25;Loja Sul
2025;Jul;Empréstimos CP;13941584,38;(Todas as filiais)
2025;Jul;Empréstimos LP;40895292,69;(Todas as filiais)
2025;Jul;Estoques;7330137,53;Loja Centro
2025;Jul;Estoques;4912879,98;Loja Norte
2025;Jul;Estoques;5576819,08;Loja Sul
2025;Jul;Fornecedores;11035470,85;Loja Centro
2025;Jul;Fornecedores;7587510,83;Loja Norte
2025;Jul;Fornecedores;8542083,2;Loja Sul
2025;Jul;Imobilizado;78072824,19;(Todas as filiais)
2025;Jul;Impostos a Recolher;2505364,65;Loja Centro
2025;Jul;Impostos a Recolher;1701902,3;Loja Norte
2025;Jul;Impostos a Recolher;1962568,64;Loja Sul
2025;Jul;Impostos a Recuperar;888457,34;Loja Centro
2025;Jul;Impostos a Recuperar;603032,39;Loja Norte
2025;Jul;Impostos a Recuperar;691833,11;Loja Sul
2025;Jul;Lucros Acumulados;24165407,55;(Todas as filiais)
2025;Jul;Reservas;18217001,7;(Todas as filiais)
2025;Jul;Resultado Exercício;0;(Todas as filiais)
2025;Jul;Salários e Encargos;2077836,85;Loja Centro
2025;Jul;Salários e Encargos;1382703,06;Loja Norte
2025;Jul;Salários e Encargos;1615504,07;Loja Sul
2025;Jun;Aplicações Financeiras;16228604,7;(Todas as filiais)
2025;Jun;Caixa e Bancos;9567664,56;Loja Centro
2025;Jun;Caixa e Bancos;6277666,28;Loja Norte
2025;Jun;Caixa e Bancos;7410065,83;Loja Sul
2025;Jun;Capital Social;47731200,09;(Todas as filiais)
2025;Jun;Clientes;16196454,41;Loja Centro
2025;Jun;Clientes;10363558,78;Loja Norte
2025;Jun;Clientes;12468400,7;Loja Sul
2025;Jun;Empréstimos CP;14319355,86;(Todas as filiais)
2025;Jun;Empréstimos LP;42003453,58;(Todas as filiais)
2025;Jun;Estoques;7536416,94;Loja Centro
2025;Jun;Estoques;4840370,48;Loja Norte
2025;Jun;Estoques;5839457,14;Loja Sul
2025;Jun;Fornecedores;11297173,06;Loja Centro
2025;Jun;Fornecedores;7953726,03;Loja Norte
2025;Jun;Fornecedores;8856755,27;Loja Sul
2025;Jun;Imobilizado;80188430,33;(Todas as filiais)
2025;Jun;Impostos a Recolher;2616198,77;Loja Centro
2025;Jun;Impostos a Recolher;1707695,6;Loja Norte
2025;Jun;Impostos a Recolher;2014860,06;Loja Sul
2025;Jun;Impostos a Recuperar;922296,55;Loja Centro
2025;Jun;Impostos a Recuperar;604120,95;Loja Norte
2025;Jun;Impostos a Recuperar;705909,98;Loja Sul
2025;Jun;Lucros Acumulados;24820234,89;(Todas as filiais)
2025;Jun;Reservas;18710638,61;(Todas as filiais)
2025;Jun;Resultado Exercício;0;(Todas as filiais)
2025;Jun;Salários e Encargos;2142616,1;Loja Centro
2025;Jun;Salários e Encargos;1419823,74;Loja Norte
2025;Jun;Salários e Encargos;1661015,61;Loja Sul
2025;Mai;Aplicações Financeiras;16727407,39;(Todas as filiais)
2025;Mai;Caixa e Bancos;9809479,44;Loja Centro
2025;Mai;Caixa e Bancos;6419349,75;Loja Norte
2025;Mai;Caixa e Bancos;7539396,33;Loja Sul
2025;Mai;Capital Social;49198235,36;(Todas as filiais)
2025;Mai;Clientes;16441960,89;Loja Centro
2025;Mai;Clientes;10660919,84;Loja Norte
2025;Mai;Clientes;12812028,85;Loja Sul
2025;Mai;Empréstimos CP;14759477,11;(Todas as filiais)
2025;Mai;Empréstimos LP;43294444,52;(Todas as filiais)
2025;Mai;Estoques;7630883,76;Loja Centro
2025;Mai;Estoques;5064543,05;Loja Norte
2025;Mai;Estoques;5950334,43;Loja Sul
2025;Mai;Fornecedores;11422759,08;Loja Centro
2025;Mai;Fornecedores;7685940,33;Loja Norte
2025;Mai;Fornecedores;8819416,23;Loja Sul
2025;Mai;Imobilizado;82653028,48;(Todas as filiais)
2025;Mai;Impostos a Recolher;2714546,02;Loja Centro
2025;Mai;Impostos a Recolher;1760783,62;Loja Norte
2025;Mai;Impostos a Recolher;2100264,06;Loja Sul
2025;Mai;Impostos a Recuperar;935639,37;Loja Centro
2025;Mai;Impostos a Recuperar;622361,3;Loja Norte
2025;Mai;Impostos a Recuperar;725384,39;Loja Sul
2025;Mai;Lucros Acumulados;25583072;(Todas as filiais)
2025;Mai;Reservas;19285708,09;(Todas as filiais)
2025;Mai;Resultado Exercício;0;(Todas as filiais)
2025;Mai;Salários e Encargos;2231408,34;Loja Centro
2025;Mai;Salários e Encargos;1460268,81;Loja Norte
2025;Mai;Salários e Encargos;1725584,75;Loja Sul
2025;Mar;Aplicações Financeiras;17127391,49;(Todas as filiais)
2025;Mar;Caixa e Bancos;10027364,29;Loja Centro
2025;Mar;Caixa e Bancos;6428958,84;Loja Norte
2025;Mar;Caixa e Bancos;7782697,76;Loja Sul
2025;Mar;Capital Social;50374671,59;(Todas as filiais)
2025;Mar;Clientes;16787904,15;Loja Centro
2025;Mar;Clientes;11139697,66;Loja Norte
2025;Mar;Clientes;12851155,21;Loja Sul
2025;Mar;Empréstimos CP;15112408,23;(Todas as filiais)
2025;Mar;Empréstimos LP;44329721,81;(Todas as filiais)
2025;Mar;Estoques;7909323,74;Loja Centro
2025;Mar;Estoques;5023102,69;Loja Norte
2025;Mar;Estoques;6063227,87;Loja Sul
2025;Mar;Fornecedores;11780318,88;Loja Centro
2025;Mar;Fornecedores;8101320,56;Loja Norte
2025;Mar;Fornecedores;9178408,06;Loja Sul
2025;Mar;Imobilizado;84629454,57;(Todas as filiais)
2025;Mar;Impostos a Recolher;2884051,57;Loja Centro
2025;Mar;Impostos a Recolher;1833060,89;Loja Norte
2025;Mar;Impostos a Recolher;2181856,34;Loja Sul
2025;Mar;Impostos a Recuperar;954763,25;Loja Centro
2025;Mar;Impostos a Recuperar;630291,49;Loja Norte
2025;Mar;Impostos a Recuperar;744697,34;Loja Sul
2025;Mar;Lucros Acumulados;26194827,42;(Todas as filiais)
2025;Mar;Reservas;19746862,97;(Todas as filiais)
2025;Mar;Resultado Exercício;0;(Todas as filiais)
2025;Mar;Salários e Encargos;2357543,14;Loja Centro
2025;Mar;Salários e Encargos;1527915,33;Loja Norte
2025;Mar;Salários e Encargos;1800679,87;Loja Sul
2025;Nov;Aplicações Financeiras;22302122,9;(Todas as filiais)
2025;Nov;Caixa e Bancos;13327924,62;Loja Centro
2025;Nov;Caixa e Bancos;8802390,03;Loja Norte
2025;Nov;Caixa e Bancos;10391729,68;Loja Sul
2025;Nov;Capital Social;65594509,88;(Todas as filiais)
2025;Nov;Clientes;22421988,91;Loja Centro
2025;Nov;Clientes;15027598,95;Loja Norte
2025;Nov;Clientes;17219612,2;Loja Sul
2025;Nov;Empréstimos CP;19678350,21;(Todas as filiais)
2025;Nov;Empréstimos LP;57723164,29;(Todas as filiais)
2025;Nov;Estoques;10457162,95;Loja Centro
2025;Nov;Estoques;6885781,36;Loja Norte
2025;Nov;Estoques;8151118,5;Loja Sul
2025;Nov;Fornecedores;15434425,1;Loja Centro
2025;Nov;Fornecedores;10499959,58;Loja Norte
2025;Nov;Fornecedores;11827894,39;Loja Sul
2025;Nov;Imobilizado;110198755,7;(Todas as filiais)
2025;Nov;Impostos a Recolher;3586986,82;Loja Centro
2025;Nov;Impostos a Recolher;2374629,1;Loja Norte
2025;Nov;Impostos a Recolher;2766713,56;Loja Sul
2025;Nov;Impostos a Recuperar;1285976,39;Loja Centro
2025;Nov;Impostos a Recuperar;828529,37;Loja Norte
2025;Nov;Impostos a Recuperar;1004390,76;Loja Sul
2025;Nov;Lucros Acumulados;34109127,52;(Todas as filiais)
2025;Nov;Reservas;25713043,91;(Todas as filiais)
2025;Nov;Resultado Exercício;0;(Todas as filiais)
2025;Nov;Salários e Encargos;2925568,3;Loja Centro
2025;Nov;Salários e Encargos;1946581,15;Loja Norte
2025;Nov;Salários e Encargos;2317864,59;Loja Sul
2025;Out;Aplicações Financeiras;15847472,97;(Todas as filiais)
2025;Out;Caixa e Bancos;9405856,85;Loja Centro
2025;Out;Caixa e Bancos;6065535,29;Loja Norte
2025;Out;Caixa e Bancos;7272880,75;Loja Sul
2025;Out;Capital Social;46610230,85;(Todas as filiais)
2025;Out;Clientes;15785974,02;Loja Centro
2025;Out;Clientes;10186177,53;Loja Norte
2025;Out;Clientes;12239411,81;Loja Sul
2025;Out;Empréstimos CP;13983077,14;(Todas as filiais)
2025;Out;Empréstimos LP;41017003,94;(Todas as filiais)
2025;Out;Estoques;7344804,67;Loja Centro
2025;Out;Estoques;4793554,49;Loja Norte
2025;Out;Estoques;5701692,58;Loja Sul
2025;Out;Fornecedores;10513376,62;Loja Centro
2025;Out;Fornecedores;7477735,09;Loja Norte
2025;Out;Fornecedores;8099789,39;Loja Sul
2025;Out;Imobilizado;78305196,5;(Todas as filiais)
2025;Out;Impostos a Recolher;2558397,63;Loja Centro
2025;Out;Impostos a Recolher;1650685,94;Loja Norte
2025;Out;Impostos a Recolher;1979171,34;Loja Sul
2025;Out;Impostos a Recuperar;903983,19;Loja Centro
2025;Out;Impostos a Recuperar;583193,7;Loja Norte
2025;Out;Impostos a Recuperar;696288,86;Loja Sul
2025;Out;Lucros Acumulados;24237323,2;(Todas as filiais)
2025;Out;Reservas;18271221,06;(Todas as filiais)
2025;Out;Resultado Exercício;0;(Todas as filiais)
2025;Out;Salários e Encargos;2120380,2;Loja Centro
2025;Out;Salários e Encargos;1357281,63;Loja Norte
2025;Out;Salários e Encargos;1616794,38;Loja Sul
2025;Set;Aplicações Financeiras;15569487,35;(Todas as filiais)
2025;Set;Caixa e Bancos;9172169,76;Loja Centro
2025;Set;Caixa e Bancos;5950460,56;Loja Norte
2025;Set;Caixa e Bancos;7133582,16;Loja Sul
2025;Set;Capital Social;45792582,29;(Todas as filiais)
2025;Set;Clientes;15349199,05;Loja Centro
2025;Set;Clientes;9910596,41;Loja Norte
2025;Set;Clientes;12127048,68;Loja Sul
2025;Set;Empréstimos CP;13737766,88;(Todas as filiais)
2025;Set;Empréstimos LP;40297479,44;(Todas as filiais)
2025;Set;Estoques;7121938,28;Loja Centro
2025;Set;Estoques;4661810,59;Loja Norte
2025;Set;Estoques;5673766,61;Loja Sul
2025;Set;Fornecedores;10568403,63;Loja Centro
2025;Set;Fornecedores;7106819,35;Loja Norte
2025;Set;Fornecedores;8242512,46;Loja Sul
2025;Set;Imobilizado;76931537,46;(Todas as filiais)
2025;Set;Impostos a Recolher;2562379,45;Loja Centro
2025;Set;Impostos a Recolher;1619287,24;Loja Norte
2025;Set;Impostos a Recolher;1998910,08;Loja Sul
2025;Set;Impostos a Recuperar;877557,39;Loja Centro
2025;Set;Impostos a Recuperar;567383,92;Loja Norte
2025;Set;Impostos a Recuperar;691524,03;Loja Sul
2025;Set;Lucros Acumulados;23812151,38;(Todas as filiais)
2025;Set;Reservas;17950692,73;(Todas as filiais)
2025;Set;Resultado Exercício;0;(Todas as filiais)
2025;Set;Salários e Encargos;2073218,34;Loja Centro
2025;Set;Salários e Encargos;1392535,88;Loja Norte
2025;Set;Salários e Encargos;1636876,45;Loja Sul
2026;Abr;Aplicações Financeiras;19541001,73;(Todas as filiais)
2026;Abr;Caixa e Bancos;11567075,17;Loja Centro
2026;Abr;Caixa e Bancos;7589048,88;Loja Norte
2026;Abr;Caixa e Bancos;9119549,19;Loja Sul
2026;Abr;Capital Social;57473499,06;(Todas as filiais)
2026;Abr;Clientes;19389289,92;Loja Centro
2026;Abr;Clientes;12784992,33;Loja Norte
2026;Abr;Clientes;15339142,25;Loja Sul
2026;Abr;Empréstimos CP;17242058,99;(Todas as filiais)
2026;Abr;Empréstimos LP;50576694;(Todas as filiais)
2026;Abr;Estoques;9068558,6;Loja Centro
2026;Abr;Estoques;5920091,67;Loja Norte
2026;Abr;Estoques;7175606,16;Loja Sul
2026;Abr;Fornecedores;13724358,32;Loja Centro
2026;Abr;Fornecedores;9165349,07;Loja Norte
2026;Abr;Fornecedores;10361253,6;Loja Sul
2026;Abr;Imobilizado;96555502,52;(Todas as filiais)
2026;Abr;Impostos a Recolher;3179742,14;Loja Centro
2026;Abr;Impostos a Recolher;2076773,23;Loja Norte
2026;Abr;Impostos a Recolher;2551848,77;Loja Sul
2026;Abr;Impostos a Recuperar;1102450,82;Loja Centro
2026;Abr;Impostos a Recuperar;736266,64;Loja Norte
2026;Abr;Impostos a Recuperar;877785,74;Loja Sul
2026;Abr;Lucros Acumulados;29886232,49;(Todas as filiais)
2026;Abr;Reservas;22529606,44;(Todas as filiais)
2026;Abr;Resultado Exercício;0;(Todas as filiais)
2026;Abr;Salários e Encargos;2634241,59;Loja Centro
2026;Abr;Salários e Encargos;1714118,51;Loja Norte
2026;Abr;Salários e Encargos;2080508,32;Loja Sul
2026;Fev;Aplicações Financeiras;19148012,55;(Todas as filiais)
2026;Fev;Caixa e Bancos;11411970,42;Loja Centro
2026;Fev;Caixa e Bancos;7400460,43;Loja Norte
2026;Fev;Caixa e Bancos;8992135,18;Loja Sul
2026;Fev;Capital Social;56317689,4;(Todas as filiais)
2026;Fev;Clientes;19175456,68;Loja Centro
2026;Fev;Clientes;12505109,22;Loja Norte
2026;Fev;Clientes;15040332,18;Loja Sul
2026;Fev;Empréstimos CP;16895316,05;(Todas as filiais)
2026;Fev;Empréstimos LP;49559576,82;(Todas as filiais)
2026;Fev;Estoques;8950128,62;Loja Centro
2026;Fev;Estoques;5780993,65;Loja Norte
2026;Fev;Estoques;7064479,32;Loja Sul
2026;Fev;Fornecedores;13800809,48;Loja Centro
2026;Fev;Fornecedores;9258635,17;Loja Norte
2026;Fev;Fornecedores;10547270,21;Loja Sul
2026;Fev;Imobilizado;94613737,57;(Todas as filiais)
2026;Fev;Impostos a Recolher;3191126,94;Loja Centro
2026;Fev;Impostos a Recolher;2097399,71;Loja Norte
2026;Fev;Impostos a Recolher;2509390,58;Loja Sul
2026;Fev;Impostos a Recuperar;1103906,57;Loja Centro
2026;Fev;Impostos a Recuperar;713153,65;Loja Norte
2026;Fev;Impostos a Recuperar;851504,15;Loja Sul
2026;Fev;Lucros Acumulados;29285192,95;(Todas as filiais)
2026;Fev;Reservas;22076536,46;(Todas as filiais)
2026;Fev;Resultado Exercício;0;(Todas as filiais)
2026;Fev;Salários e Encargos;2631857,03;Loja Centro
2026;Fev;Salários e Encargos;1735919;Loja Norte
2026;Fev;Salários e Encargos;2054730,69;Loja Sul
2026;Jan;Aplicações Financeiras;18485960,51;(Todas as filiais)
2026;Jan;Caixa e Bancos;11250010,7;Loja Centro
2026;Jan;Caixa e Bancos;7219595,69;Loja Norte
2026;Jan;Caixa e Bancos;8865734,35;Loja Sul
2026;Jan;Capital Social;54370445,68;(Todas as filiais)
2026;Jan;Clientes;18995057,68;Loja Centro
2026;Jan;Clientes;12168243,57;Loja Norte
2026;Jan;Clientes;14753155,87;Loja Sul
2026;Jan;Empréstimos CP;16311133,71;(Todas as filiais)
2026;Jan;Empréstimos LP;47846010,16;(Todas as filiais)
2026;Jan;Estoques;8799242,44;Loja Centro
2026;Jan;Estoques;5669736,49;Loja Norte
2026;Jan;Estoques;6965630,03;Loja Sul
2026;Jan;Fornecedores;13216076,83;Loja Centro
2026;Jan;Fornecedores;9150586,89;Loja Norte
2026;Jan;Fornecedores;10319847,71;Loja Sul
2026;Jan;Imobilizado;91342366,71;(Todas as filiais)
2026;Jan;Impostos a Recolher;3077996,87;Loja Centro
2026;Jan;Impostos a Recolher;1966718,45;Loja Norte
2026;Jan;Impostos a Recolher;2437037,11;Loja Sul
2026;Jan;Impostos a Recuperar;1081919,64;Loja Centro
2026;Jan;Impostos a Recuperar;686555,75;Loja Norte
2026;Jan;Impostos a Recuperar;854706,07;Loja Sul
2026;Jan;Lucros Acumulados;28272636,25;(Todas as filiais)
2026;Jan;Reservas;21313212,91;(Todas as filiais)
2026;Jan;Resultado Exercício;0;(Todas as filiais)
2026;Jan;Salários e Encargos;2538297,14;Loja Centro
2026;Jan;Salários e Encargos;1635289,79;Loja Norte
2026;Jan;Salários e Encargos;1989311,81;Loja Sul
2026;Jul;Aplicações Financeiras;17866154,7;(Todas as filiais)
2026;Jul;Caixa e Bancos;11115398,48;Loja Centro
2026;Jul;Caixa e Bancos;6988166,55;Loja Norte
2026;Jul;Caixa e Bancos;8550883,99;Loja Sul
2026;Jul;Capital Social;52547543,02;(Todas as filiais)
2026;Jul;Clientes;18509701,67;Loja Centro
2026;Jul;Clientes;11965478,54;Loja Norte
2026;Jul;Clientes;14349569,38;Loja Sul
2026;Jul;Empréstimos CP;15764250,49;(Todas as filiais)
2026;Jul;Empréstimos LP;46241830,41;(Todas as filiais)
2026;Jul;Estoques;8688278,48;Loja Centro
2026;Jul;Estoques;5539869,86;Loja Norte
2026;Jul;Estoques;6679250,11;Loja Sul
2026;Jul;Fornecedores;12936271,94;Loja Centro
2026;Jul;Fornecedores;8784704,07;Loja Norte
2026;Jul;Fornecedores;9709183,05;Loja Sul
2026;Jul;Imobilizado;88279852,41;(Todas as filiais)
2026;Jul;Impostos a Recolher;2967160,38;Loja Centro
2026;Jul;Impostos a Recolher;1841154,82;Loja Norte
2026;Jul;Impostos a Recolher;2288395,47;Loja Sul
2026;Jul;Impostos a Recuperar;1064490,73;Loja Centro
2026;Jul;Impostos a Recuperar;687991,59;Loja Norte
2026;Jul;Impostos a Recuperar;808713,8;Loja Sul
2026;Jul;Lucros Acumulados;27324713,27;(Todas as filiais)
2026;Jul;Reservas;20598632,23;(Todas as filiais)
2026;Jul;Resultado Exercício;0;(Todas as filiais)
2026;Jul;Salários e Encargos;2440975,68;Loja Centro
2026;Jul;Salários e Encargos;1525027,63;Loja Norte
2026;Jul;Salários e Encargos;1879694,75;Loja Sul
2026;Jun;Aplicações Financeiras;18583847,49;(Todas as filiais)
2026;Jun;Caixa e Bancos;11333226,76;Loja Centro
2026;Jun;Caixa e Bancos;7167549,34;Loja Norte
2026;Jun;Caixa e Bancos;8654439,66;Loja Sul
2026;Jun;Capital Social;54658380,07;(Todas as filiais)
2026;Jun;Clientes;19145957,69;Loja Centro
2026;Jun;Clientes;11829445,91;Loja Norte
2026;Jun;Clientes;14607910,56;Loja Sul
2026;Jun;Empréstimos CP;16397522,7;(Todas as filiais)
2026;Jun;Empréstimos LP;48099384;(Todas as filiais)
2026;Jun;Estoques;8904805,16;Loja Centro
2026;Jun;Estoques;5573685,55;Loja Norte
2026;Jun;Estoques;6803462,04;Loja Sul
2026;Jun;Fornecedores;13171435,56;Loja Centro
2026;Jun;Fornecedores;8663389,63;Loja Norte
2026;Jun;Fornecedores;10083898,42;Loja Sul
2026;Jun;Imobilizado;91826096,73;(Todas as filiais)
2026;Jun;Impostos a Recolher;3138326,16;Loja Centro
2026;Jun;Impostos a Recolher;1979719,93;Loja Norte
2026;Jun;Impostos a Recolher;2368126,61;Loja Sul
2026;Jun;Impostos a Recuperar;1089918,04;Loja Centro
2026;Jun;Impostos a Recuperar;682537,25;Loja Norte
2026;Jun;Impostos a Recuperar;833552,76;Loja Sul
2026;Jun;Lucros Acumulados;28422352,43;(Todas as filiais)
2026;Jun;Reservas;21426095,74;(Todas as filiais)
2026;Jun;Resultado Exercício;0;(Todas as filiais)
2026;Jun;Salários e Encargos;2591249,86;Loja Centro
2026;Jun;Salários e Encargos;1607376,36;Loja Norte
2026;Jun;Salários e Encargos;1962854,94;Loja Sul
2026;Mai;Aplicações Financeiras;19315452,14;(Todas as filiais)
2026;Mai;Caixa e Bancos;11173000,52;Loja Centro
2026;Mai;Caixa e Bancos;7426014,2;Loja Norte
2026;Mai;Caixa e Bancos;8704118;Loja Sul
2026;Mai;Capital Social;56810181,44;(Todas as filiais)
2026;Mai;Clientes;18907609,29;Loja Centro
2026;Mai;Clientes;12213143,09;Loja Norte
2026;Mai;Clientes;14697173,9;Loja Sul
2026;Mai;Empréstimos CP;17043056,7;(Todas as filiais)
2026;Mai;Empréstimos LP;49992949,67;(Todas as filiais)
2026;Mai;Estoques;8813002,35;Loja Centro
2026;Mai;Estoques;5664990,02;Loja Norte
2026;Mai;Estoques;6900464,42;Loja Sul
2026;Mai;Fornecedores;13282045,84;Loja Centro
2026;Mai;Fornecedores;8801768,2;Loja Norte
2026;Mai;Fornecedores;9901483,2;Loja Sul
2026;Mai;Imobilizado;95441108,45;(Todas as filiais)
2026;Mai;Impostos a Recolher;3160975,8;Loja Centro
2026;Mai;Impostos a Recolher;2030094,76;Loja Norte
2026;Mai;Impostos a Recolher;2435702,5;Loja Sul
2026;Mai;Impostos a Recuperar;1071505,13;Loja Centro
2026;Mai;Impostos a Recuperar;699384,57;Loja Norte
2026;Mai;Impostos a Recuperar;848572,67;Loja Sul
2026;Mai;Lucros Acumulados;29541299,8;(Todas as filiais)
2026;Mai;Reservas;22269593,49;(Todas as filiais)
2026;Mai;Resultado Exercício;0;(Todas as filiais)
2026;Mai;Salários e Encargos;2598868,9;Loja Centro
2026;Mai;Salários e Encargos;1682191,72;Loja Norte
2026;Mai;Salários e Encargos;2001696,53;Loja Sul
2026;Mar;Aplicações Financeiras;19622168,68;(Todas as filiais)
2026;Mar;Caixa e Bancos;11757975,39;Loja Centro
2026;Mar;Caixa e Bancos;7447516,23;Loja Norte
2026;Mar;Caixa e Bancos;8978123,42;Loja Sul
2026;Mar;Capital Social;57712278,77;(Todas as filiais)
2026;Mar;Clientes;19575177,18;Loja Centro
2026;Mar;Clientes;12431981,48;Loja Norte
2026;Mar;Clientes;15348699,44;Loja Sul
2026;Mar;Empréstimos CP;17313690,67;(Todas as filiais)
2026;Mar;Empréstimos LP;50786821,27;(Todas as filiais)
2026;Mar;Estoques;9207109,04;Loja Centro
2026;Mar;Estoques;5836420,17;Loja Norte
2026;Mar;Estoques;7053225,27;Loja Sul
2026;Mar;Fornecedores;14080374,15;Loja Centro
2026;Mar;Fornecedores;9584957,63;Loja Norte
2026;Mar;Fornecedores;10846808,85;Loja Sul
2026;Mar;Imobilizado;96956639,6;(Todas as filiais)
2026;Mar;Impostos a Recolher;3370750,17;Loja Centro
2026;Mar;Impostos a Recolher;2139507,74;Loja Norte
2026;Mar;Impostos a Recolher;2589209,16;Loja Sul
2026;Mar;Impostos a Recuperar;1132728,94;Loja Centro
2026;Mar;Impostos a Recuperar;712978,67;Loja Norte
2026;Mar;Impostos a Recuperar;859269,3;Loja Sul
2026;Mar;Lucros Acumulados;30010378,39;(Todas as filiais)
2026;Mar;Reservas;22623225,29;(Todas as filiais)
2026;Mar;Resultado Exercício;0;(Todas as filiais)
2026;Mar;Salários e Encargos;2762831,6;Loja Centro
2026;Mar;Salários e Encargos;1778706,29;Loja Norte
2026;Mar;Salários e Encargos;2132124,79;Loja Sul
