Produto;n_periodos;modelo_escolhido;ultimo_real;previsao;var_pct_proximo_mes;status;rank;_ProdutoUnico
PC000587;13;Média Móvel;25493,33;[22924.23];-10,1;ok;"{""ARIMA"": Infinity, ""ExponentialSmoothing"": Infinity, ""SARIMAX"": Infinity, ""Holt"": Infinity, ""Prophet"": Infinity, ""Croston"": Infinity, ""TSB"": Infinity}";PC000587
PC000833;14;Holt;5860,73;[5877.97];0,3;ok;"{""ARIMA"": 235469.8525145358, ""ExponentialSmoothing"": 2076436.251385047, ""SARIMAX"": Infinity, ""Holt"": 130025.88627031173, ""Prophet"": 883310509.4258356, ""Croston"": 621043.6206539095, ""TSB"": 621043.6206539095, ""SARIMAX (c/ sazonalidade+promo\u00e7\u00e3o)"": 249738.22493439904}";PC000833
PC000755;16;ARIMA;3226,08;[3341.06];3,6;ok;"{""ARIMA"": 92573.96446013277, ""ExponentialSmoothing"": 963637.9395095925, ""SARIMAX"": Infinity, ""Holt"": 666782.9234541877, ""Prophet"": 3482405625.9363747, ""Croston"": 143946.15070205127, ""TSB"": 143946.15070205127, ""SARIMAX (c/ sazonalidade+promo\u00e7\u00e3o)"": 97627.3662618512}";PC000755
PC000080;4;Média Móvel;11154,39;;;falhou ao treinar;"{""ARIMA"": Infinity, ""ExponentialSmoothing"": Infinity, ""SARIMAX"": Infinity, ""Holt"": Infinity, ""Prophet"": Infinity, ""Croston"": Infinity, ""TSB"": Infinity}";PC000080
PC000771;13;Média Móvel;2282,15;[2567.41];12,5;ok;"{""ARIMA"": Infinity, ""ExponentialSmoothing"": Infinity, ""SARIMAX"": Infinity, ""Holt"": Infinity, ""Prophet"": Infinity, ""Croston"": Infinity, ""TSB"": Infinity}";PC000771
PC000903;6;Média Móvel;5430,27;[5430.27];0,0;ok;"{""ARIMA"": Infinity, ""ExponentialSmoothing"": Infinity, ""SARIMAX"": Infinity, ""Holt"": Infinity, ""Prophet"": Infinity, ""Croston"": Infinity, ""TSB"": Infinity}";PC000903
PC000318;5;Média Móvel;5996,88;;;falhou ao treinar;"{""ARIMA"": Infinity, ""ExponentialSmoothing"": Infinity, ""SARIMAX"": Infinity, ""Holt"": Infinity, ""Prophet"": Infinity, ""Croston"": Infinity, ""TSB"": Infinity}";PC000318
PC000022;14;ARIMA;2102,53;[2116.09];0,6;ok;"{""ARIMA"": 80449.84838638762, ""ExponentialSmoothing"": 265022.6626470588, ""SARIMAX"": Infinity, ""Holt"": 94959.3044680131, ""Prophet"": 12862727933.730469, ""Croston"": 84632.8532008544, ""TSB"": 84632.8532008544, ""Ensemble"": 83078.05016612887, ""SARIMAX (c/ sazonalidade+promo\u00e7\u00e3o)"": 87621.68544265894}";PC000022
PC000883;4;Média Móvel;7434,71;;;falhou ao treinar;"{""ARIMA"": Infinity, ""ExponentialSmoothing"": Infinity, ""SARIMAX"": Infinity, ""Holt"": Infinity, ""Prophet"": Infinity, ""Croston"": Infinity, ""TSB"": Infinity}";PC000883
PC000939;8;Média Móvel;3401,74;[3968.7];16,7;ok;"{""ARIMA"": Infinity, ""ExponentialSmoothing"": Infinity, ""SARIMAX"": Infinity, ""Holt"": Infinity, ""Prophet"": Infinity, ""Croston"": Infinity, ""TSB"": Infinity}";PC000939
PC000705;10;Média Móvel;2249,81;[2437.29];8,3;ok;"{""ARIMA"": Infinity, ""ExponentialSmoothing"": Infinity, ""SARIMAX"": Infinity, ""Holt"": Infinity, ""Prophet"": Infinity, ""Croston"": Infinity, ""TSB"": Infinity}";PC000705
PC000983;11;Média Móvel;2540,1;[2298.19];-9,5;ok;"{""ARIMA"": Infinity, ""ExponentialSmoothing"": Infinity, ""SARIMAX"": Infinity, ""Holt"": Infinity, ""Prophet"": Infinity, ""Croston"": Infinity, ""TSB"": Infinity}";PC000983
PC000091;6;Média Móvel;3084,18;[3906.63];26,7;ok;"{""ARIMA"": Infinity, ""ExponentialSmoothing"": Infinity, ""SARIMAX"": Infinity, ""Holt"": Infinity, ""Prophet"": Infinity, ""Croston"": Infinity, ""TSB"": Infinity}";PC000091
PC000372;8;Média Móvel;3022,73;[2704.55];-10,5;ok;"{""ARIMA"": Infinity, ""ExponentialSmoothing"": Infinity, ""SARIMAX"": Infinity, ""Holt"": Infinity, ""Prophet"": Infinity, ""Croston"": Infinity, ""TSB"": Infinity}";PC000372
PC000958;10;Média Móvel;2056,93;[1958.98];-4,8;ok;"{""ARIMA"": Infinity, ""ExponentialSmoothing"": Infinity, ""SARIMAX"": Infinity, ""Holt"": Infinity, ""Prophet"": Infinity, ""Croston"": Infinity, ""TSB"": Infinity}";PC000958
PC000847;10;Média Móvel;1450,39;[1676.0];15,6;ok;"{""ARIMA"": Infinity, ""ExponentialSmoothing"": Infinity, ""SARIMAX"": Infinity, ""Holt"": Infinity, ""Prophet"": Infinity, ""Croston"": Infinity, ""TSB"": Infinity}";PC000847
PC000843;5;Média Móvel;3451,18;;;falhou ao treinar;"{""ARIMA"": Infinity, ""ExponentialSmoothing"": Infinity, ""SARIMAX"": Infinity, ""Holt"": Infinity, ""Prophet"": Infinity, ""Croston"": Infinity, ""TSB"": Infinity}";PC000843
PC000084;9;Média Móvel;1912,14;[1912.14];0,0;ok;"{""ARIMA"": Infinity, ""ExponentialSmoothing"": Infinity, ""SARIMAX"": Infinity, ""Holt"": Infinity, ""Prophet"": Infinity, ""Croston"": Infinity, ""TSB"": Infinity}";PC000084
PC000435;9;Média Móvel;1578,46;[1490.77];-5,6;ok;"{""ARIMA"": Infinity, ""ExponentialSmoothing"": Infinity, ""SARIMAX"": Infinity, ""Holt"": Infinity, ""Prophet"": Infinity, ""Croston"": Infinity, ""TSB"": Infinity}";PC000435
PC000369;7;Média Móvel;1841,92;[1893.08];2,8;ok;"{""ARIMA"": Infinity, ""ExponentialSmoothing"": Infinity, ""SARIMAX"": Infinity, ""Holt"": Infinity, ""Prophet"": Infinity, ""Croston"": Infinity, ""TSB"": Infinity}";PC000369
PC000590;4;Média Móvel;3089,92;;;falhou ao treinar;"{""ARIMA"": Infinity, ""ExponentialSmoothing"": Infinity, ""SARIMAX"": Infinity, ""Holt"": Infinity, ""Prophet"": Infinity, ""Croston"": Infinity, ""TSB"": Infinity}";PC000590
PC000506;13;Média Móvel;985,34;[875.86];-11,1;ok;"{""ARIMA"": Infinity, ""ExponentialSmoothing"": Infinity, ""SARIMAX"": Infinity, ""Holt"": Infinity, ""Prophet"": Infinity, ""Croston"": Infinity, ""TSB"": Infinity}";PC000506
PC000357;6;Média Móvel;1726,7;[1726.7];0,0;ok;"{""ARIMA"": Infinity, ""ExponentialSmoothing"": Infinity, ""SARIMAX"": Infinity, ""Holt"": Infinity, ""Prophet"": Infinity, ""Croston"": Infinity, ""TSB"": Infinity}";PC000357
PC000459;13;Média Móvel;555,16;[555.16];0,0;ok;"{""ARIMA"": Infinity, ""ExponentialSmoothing"": Infinity, ""SARIMAX"": Infinity, ""Holt"": Infinity, ""Prophet"": Infinity, ""Croston"": Infinity, ""TSB"": Infinity}";PC000459
PC000961;9;Média Móvel;549,28;[659.13];20,0;ok;"{""ARIMA"": Infinity, ""ExponentialSmoothing"": Infinity, ""SARIMAX"": Infinity, ""Holt"": Infinity, ""Prophet"": Infinity, ""Croston"": Infinity, ""TSB"": Infinity}";PC000961
PC000203;11;Média Móvel;505,3;[574.66];13,7;ok;"{""ARIMA"": Infinity, ""ExponentialSmoothing"": Infinity, ""SARIMAX"": Infinity, ""Holt"": Infinity, ""Prophet"": Infinity, ""Croston"": Infinity, ""TSB"": Infinity}";PC000203
PC000558;5;Média Móvel;1237,5;;;falhou ao treinar;"{""ARIMA"": Infinity, ""ExponentialSmoothing"": Infinity, ""SARIMAX"": Infinity, ""Holt"": Infinity, ""Prophet"": Infinity, ""Croston"": Infinity, ""TSB"": Infinity}";PC000558
PC000340;11;Média Móvel;451,63;[440.88];-2,4;ok;"{""ARIMA"": Infinity, ""ExponentialSmoothing"": Infinity, ""SARIMAX"": Infinity, ""Holt"": Infinity, ""Prophet"": Infinity, ""Croston"": Infinity, ""TSB"": Infinity}";PC000340
PC000810;6;Média Móvel;501,21;[529.06];5,6;ok;"{""ARIMA"": Infinity, ""ExponentialSmoothing"": Infinity, ""SARIMAX"": Infinity, ""Holt"": Infinity, ""Prophet"": Infinity, ""Croston"": Infinity, ""TSB"": Infinity}";PC000810
PC000577;15;Holt;67,26;[100.89];50,0;ok;"{""ARIMA"": 313.3890163788903, ""ExponentialSmoothing"": 984.5325515251094, ""SARIMAX"": Infinity, ""Holt"": 188.49616123190597, ""Prophet"": 16141647.493758352, ""Croston"": 284.69518761784593, ""TSB"": 284.69518761784593, ""SARIMAX (c/ sazonalidade+promo\u00e7\u00e3o)"": 253.36975810921865}";PC000577
PC000335;48;Holt;21861,7;[21763.93, 21763.97, 21764.01, 21764.04, 21764.06, 21764.08];-0,4;ok;"{""ARIMA"": 1746582.9364193028, ""ExponentialSmoothing"": 2120799.682459313, ""SARIMAX"": 3959172.428064581, ""Holt"": 1516837.0569011269, ""Prophet"": 2862963.5302950446, ""SARIMAX (c/ sazonalidade+promo\u00e7\u00e3o)"": 4532135.042544432}";PC000335
PC000118;48;Ensemble;18382,76;[18516.84, 18514.97, 18514.15, 18513.79, 18513.63, 18513.56];0,7;ok;"{""ARIMA"": 6865543.494515366, ""ExponentialSmoothing"": 7054057.305307253, ""SARIMAX"": 13184698.882776445, ""Holt"": 14315918.56781826, ""Prophet"": 8908001.436567131, ""Ensemble"": 6664548.7898489805, ""SARIMAX (c/ sazonalidade+promo\u00e7\u00e3o)"": 12144380.117616529}";PC000118
PC000699;48;Ensemble;17640,46;[17904.38, 17904.39, 17904.4, 17904.4, 17904.41, 17904.41];1,5;ok;"{""ARIMA"": 4141417.310001426, ""ExponentialSmoothing"": 4546408.184892167, ""SARIMAX"": 4815126.3379370505, ""Holt"": 3676018.8116678274, ""Prophet"": 4343745.140385239, ""Ensemble"": 3118778.463433508, ""SARIMAX (c/ sazonalidade+promo\u00e7\u00e3o)"": 6350703.128690656}";PC000699
PC000235;48;ARIMA;15349,21;[15730.58, 15876.28, 15931.95, 15953.22, 15961.34, 15964.45];2,5;ok;"{""ARIMA"": 1351799.2612751964, ""ExponentialSmoothing"": 4203537.418890736, ""SARIMAX"": 2716665.943609066, ""Holt"": 1581967.5765150806, ""Prophet"": 3958197.6001705234, ""SARIMAX (c/ sazonalidade+promo\u00e7\u00e3o)"": 4761149.997231452}";PC000235
PC000313;48;Holt;11605,18;[14078.82, 14078.84, 14078.85, 14078.86, 14078.86, 14078.87];21,3;ok;"{""ARIMA"": 2604129.799148919, ""ExponentialSmoothing"": 4248287.915855399, ""SARIMAX"": 6698193.003912367, ""Holt"": 1972494.345507132, ""Prophet"": 3037899.75539393, ""SARIMAX (c/ sazonalidade+promo\u00e7\u00e3o)"": 4603756.297904415}";PC000313
PC000996;48;SARIMAX (c/ sazonalidade+promoção);10653,22;[15760.45, 14149.95, 19163.44, 20210.89, 15646.38, 15193.69];47,9;ok;"{""ARIMA"": 3380057.3927412853, ""ExponentialSmoothing"": 2695333.318074482, ""SARIMAX"": 2875171.846285771, ""Holt"": 3544306.1617883644, ""Prophet"": 3120372.7549577523, ""Ensemble"": 2788586.9200549894, ""SARIMAX (c/ sazonalidade+promo\u00e7\u00e3o)"": 2032972.610966947}";PC000996
PC000591;48;Holt;14799,47;[13857.4, 13857.42, 13857.43, 13857.44, 13857.45, 13857.46];-6,4;ok;"{""ARIMA"": 1425740.5644652366, ""ExponentialSmoothing"": 6424383.274307615, ""SARIMAX"": 9592162.046308784, ""Holt"": 895124.2177877864, ""Prophet"": 2728851.9203726803, ""SARIMAX (c/ sazonalidade+promo\u00e7\u00e3o)"": 11711549.486820156}";PC000591
PC000673;48;Ensemble;11637,88;[11522.74, 11904.02, 16633.33, 19550.14, 13750.93, 14754.88];-1,0;ok;"{""ARIMA"": 4412087.66462358, ""ExponentialSmoothing"": 3537837.992055288, ""SARIMAX"": 3416680.3270915695, ""Holt"": 8178327.052808183, ""Prophet"": 3176865.974361029, ""Ensemble"": 3148531.854744244, ""SARIMAX (c/ sazonalidade+promo\u00e7\u00e3o)"": 3766459.575201612}";PC000673
PC000656;48;SARIMAX;11678,32;[11054.08, 13397.51, 16045.55, 17494.05, 14391.66, 15129.73];-5,3;ok;"{""ARIMA"": 1947333.3753406166, ""ExponentialSmoothing"": 1927871.9779831376, ""SARIMAX"": 1376838.5588063232, ""Holt"": 2036357.6408099355, ""Prophet"": 2383094.208994785, ""SARIMAX (c/ sazonalidade+promo\u00e7\u00e3o)"": 2617737.928414367}";PC000656
PC000149;48;Prophet;10716,66;[11284.75, 10737.17, 15309.08, 17884.92, 13230.34, 12877.34];5,3;ok;"{""ARIMA"": 4731035.237301726, ""ExponentialSmoothing"": 4737195.118286861, ""SARIMAX"": 4829308.546596876, ""Holt"": 5068546.206945281, ""Prophet"": 4159705.3443776057, ""Ensemble"": 4369637.527986085, ""SARIMAX (c/ sazonalidade+promo\u00e7\u00e3o)"": 9825316.621819116}";PC000149
PC000751;48;SARIMAX (c/ sazonalidade+promoção);11221,05;[12883.87, 12031.35, 15663.24, 18298.94, 12984.44, 13987.64];14,8;ok;"{""ARIMA"": 1610372.7249696546, ""ExponentialSmoothing"": 1723278.6541958235, ""SARIMAX"": 1739122.8867634581, ""Holt"": 3880993.344582357, ""Prophet"": 2190843.67211969, ""Ensemble"": 1459836.414690488, ""SARIMAX (c/ sazonalidade+promo\u00e7\u00e3o)"": 1379312.9944662647}";PC000751
PC000668;48;ExponentialSmoothing;9597,56;[11349.49, 10142.13, 14570.31, 16779.3, 12041.04, 12480.89];18,3;ok;"{""ARIMA"": 2929578.166383285, ""ExponentialSmoothing"": 1411223.7547273932, ""SARIMAX"": 4125700.429300228, ""Holt"": 5771478.870077427, ""Prophet"": 1500682.8285875095, ""SARIMAX (c/ sazonalidade+promo\u00e7\u00e3o)"": 1952472.8001798745}";PC000668
PC000855;48;ExponentialSmoothing;11598,23;[11105.07, 10939.34, 14483.18, 15613.07, 11741.75, 12870.51];-4,3;ok;"{""ARIMA"": 2157902.774957518, ""ExponentialSmoothing"": 1440801.4684237663, ""SARIMAX"": 2162065.951768077, ""Holt"": 3804857.586690814, ""Prophet"": 1472450.7955208204, ""SARIMAX (c/ sazonalidade+promo\u00e7\u00e3o)"": 1578855.646491236}";PC000855
PC000635;48;Holt;11570,33;[11771.23, 11771.22, 11771.21, 11771.2, 11771.2, 11771.19];1,7;ok;"{""ARIMA"": 1633983.1821124807, ""ExponentialSmoothing"": 2270694.316179998, ""SARIMAX"": 2367850.2446378116, ""Holt"": 1563741.510514737, ""Prophet"": 2151539.6132754046, ""SARIMAX (c/ sazonalidade+promo\u00e7\u00e3o)"": 2483066.346258475}";PC000635
PC000168;48;Ensemble;11270,58;[10778.57, 10753.04, 12842.22, 15597.22, 11804.04, 11511.07];-4,4;ok;"{""ARIMA"": 1742600.1787779552, ""ExponentialSmoothing"": 1825353.0534348479, ""SARIMAX"": 3309149.671649622, ""Holt"": 2919819.086110096, ""Prophet"": 1845590.0701134496, ""Ensemble"": 1716486.4650302809, ""SARIMAX (c/ sazonalidade+promo\u00e7\u00e3o)"": 3098160.9665406942}";PC000168
PC000875;48;ARIMA;11175,54;[11137.62, 11124.68, 11120.27, 11118.77, 11118.25, 11118.08];-0,3;ok;"{""ARIMA"": 964905.3946390505, ""ExponentialSmoothing"": 1856123.1487723447, ""SARIMAX"": 2575824.682398111, ""Holt"": 1091272.836543842, ""Prophet"": 1978540.7443663876, ""SARIMAX (c/ sazonalidade+promo\u00e7\u00e3o)"": 1754140.0863720116}";PC000875
PC000099;48;ARIMA;10021,31;[10271.09, 10396.44, 10459.34, 10490.91, 10506.75, 10514.7];2,5;ok;"{""ARIMA"": 592635.9244476428, ""ExponentialSmoothing"": 1165654.1906382113, ""SARIMAX"": 729007.4317058463, ""Holt"": 2554051.7735216394, ""Prophet"": 1888829.0771417134, ""SARIMAX (c/ sazonalidade+promo\u00e7\u00e3o)"": 947200.217483123}";PC000099
PC000665;48;Prophet;8707,39;[9870.41, 9987.03, 14602.72, 15646.54, 11464.53, 11671.3];13,4;ok;"{""ARIMA"": 4787250.289354975, ""ExponentialSmoothing"": 3403912.5127046644, ""SARIMAX"": 5320758.811668583, ""Holt"": 4103780.126385639, ""Prophet"": 3357570.3777719554, ""Ensemble"": 3454160.129126307, ""SARIMAX (c/ sazonalidade+promo\u00e7\u00e3o)"": 4844338.133894716}";PC000665
PC000300;48;ARIMA;10815,43;[10132.62, 9815.78, 9668.77, 9600.55, 9568.89, 9554.2];-6,3;ok;"{""ARIMA"": 1204542.545852589, ""ExponentialSmoothing"": 2010327.9999499917, ""SARIMAX"": 1815082.709506614, ""Holt"": 1401600.1652182608, ""Prophet"": 2271158.3224316672, ""SARIMAX (c/ sazonalidade+promo\u00e7\u00e3o)"": 1980033.3096421713}";PC000300
PC000440;48;Ensemble;7845,83;[8694.55, 9602.18, 12457.66, 16298.15, 10259.81, 11296.02];10,8;ok;"{""ARIMA"": 1843787.2773258376, ""ExponentialSmoothing"": 839486.7150867019, ""SARIMAX"": 876662.8117483653, ""Holt"": 1550364.4720440197, ""Prophet"": 810312.1895605521, ""Ensemble"": 750623.5191862775, ""SARIMAX (c/ sazonalidade+promo\u00e7\u00e3o)"": 900651.198828146}";PC000440
PC000773;48;ExponentialSmoothing;8321,7;[8432.14, 8429.03, 11887.58, 13979.3, 9455.23, 10510.44];1,3;ok;"{""ARIMA"": 1419873.8398399216, ""ExponentialSmoothing"": 1036263.2963832858, ""SARIMAX"": 1354082.8241929451, ""Holt"": 2831354.0567814745, ""Prophet"": 1432995.3389154796, ""SARIMAX (c/ sazonalidade+promo\u00e7\u00e3o)"": 1178047.1262813772}";PC000773
PC000153;48;SARIMAX;8450,57;[9436.3, 9120.82, 11994.61, 14619.65, 9742.02, 10447.34];11,7;ok;"{""ARIMA"": 1775754.3965955463, ""ExponentialSmoothing"": 1684595.3098997828, ""SARIMAX"": 1223315.887236193, ""Holt"": 1666448.2311805533, ""Prophet"": 1392692.9833574179, ""SARIMAX (c/ sazonalidade+promo\u00e7\u00e3o)"": 1326368.7014705162}";PC000153
PC000312;48;Ensemble;7376,3;[8181.32, 8291.8, 8345.03, 8370.67, 8383.03, 8388.98];10,9;ok;"{""ARIMA"": 454413.8634904249, ""ExponentialSmoothing"": 583843.8873745131, ""SARIMAX"": 2469841.8816786553, ""Holt"": 551708.937153214, ""Prophet"": 639340.488648476, ""Ensemble"": 259184.1620478594, ""SARIMAX (c/ sazonalidade+promo\u00e7\u00e3o)"": 2368972.65820879}";PC000312
PC000621;48;Prophet;8363,47;[7660.55, 8917.94, 11290.11, 14014.51, 9375.58, 9841.54];-8,4;ok;"{""ARIMA"": 2005306.2525436794, ""ExponentialSmoothing"": 755185.295956598, ""SARIMAX"": 1052481.2356764732, ""Holt"": 1855596.1360123346, ""Prophet"": 632638.2436536058, ""SARIMAX (c/ sazonalidade+promo\u00e7\u00e3o)"": 1152953.7257497816}";PC000621
PC000876;48;Ensemble;7870,77;[8196.94, 8380.1, 9962.11, 11994.08, 9052.92, 9389.44];4,1;ok;"{""ARIMA"": 1088108.0316851127, ""ExponentialSmoothing"": 1041826.064197285, ""SARIMAX"": 1268251.5301891319, ""Holt"": 2047510.5575740084, ""Prophet"": 1155301.5176011084, ""Ensemble"": 1034071.4084391937, ""SARIMAX (c/ sazonalidade+promo\u00e7\u00e3o)"": 1373836.4004124536}";PC000876
PC000600;48;Ensemble;7573,7;[7422.84, 8084.01, 10215.59, 11731.72, 8667.46, 8740.21];-2,0;ok;"{""ARIMA"": 842103.8023496374, ""ExponentialSmoothing"": 813707.7520064465, ""SARIMAX"": 1707266.3693473432, ""Holt"": 2626805.9162247893, ""Prophet"": 904318.8729213703, ""Ensemble"": 809248.2370527136, ""SARIMAX (c/ sazonalidade+promo\u00e7\u00e3o)"": 2462095.410548882}";PC000600
PC000210;48;ARIMA;7280,42;[7955.08, 8241.98, 8363.99, 8415.87, 8437.94, 8447.32];9,3;ok;"{""ARIMA"": 650286.5791978751, ""ExponentialSmoothing"": 1407054.5449118689, ""SARIMAX"": 1137720.872251416, ""Holt"": 1014472.2735219523, ""Prophet"": 1451385.1922813936, ""SARIMAX (c/ sazonalidade+promo\u00e7\u00e3o)"": 1238702.6960119854}";PC000210
PC000295;48;ExponentialSmoothing;7165,23;[8114.89, 7580.7, 10241.83, 13334.56, 9693.86, 9402.58];13,3;ok;"{""ARIMA"": 1725735.2977413062, ""ExponentialSmoothing"": 470748.9852407761, ""SARIMAX"": 2066406.4073545097, ""Holt"": 1307267.6751369722, ""Prophet"": 775499.7887372192, ""SARIMAX (c/ sazonalidade+promo\u00e7\u00e3o)"": 1759043.1840232026}";PC000295
PC000896;48;ARIMA;7687,26;[8048.25, 8239.98, 8341.82, 8395.91, 8424.64, 8439.9];4,7;ok;"{""ARIMA"": 406568.90535877337, ""ExponentialSmoothing"": 918079.4258205659, ""SARIMAX"": 898714.4563910047, ""Holt"": 1357437.4323779673, ""Prophet"": 1293363.205166972, ""SARIMAX (c/ sazonalidade+promo\u00e7\u00e3o)"": 1145018.8251657519}";PC000896
PC000853;48;SARIMAX;6518,41;[7042.34, 7456.32, 9514.41, 11507.23, 7787.9, 9023.03];8,0;ok;"{""ARIMA"": 553061.2080623783, ""ExponentialSmoothing"": 622930.8583833486, ""SARIMAX"": 338332.39160317095, ""Holt"": 1897086.9272987146, ""Prophet"": 564266.2066754227, ""SARIMAX (c/ sazonalidade+promo\u00e7\u00e3o)"": 1163224.869890344}";PC000853
PC000802;48;SARIMAX;6530,01;[6745.08, 7608.02, 10409.89, 11408.48, 8230.29, 7850.73];3,3;ok;"{""ARIMA"": 434667.03712148685, ""ExponentialSmoothing"": 327504.8249349029, ""SARIMAX"": 225951.44936302208, ""Holt"": 754718.7951589996, ""Prophet"": 307727.1199871293, ""SARIMAX (c/ sazonalidade+promo\u00e7\u00e3o)"": 266549.2985193312}";PC000802
PC000007;48;ExponentialSmoothing;7676,86;[7688.44, 7983.71, 10064.53, 11958.48, 8895.29, 8097.23];0,2;ok;"{""ARIMA"": 1122951.2247914604, ""ExponentialSmoothing"": 791626.6899703696, ""SARIMAX"": 1176086.773434194, ""Holt"": 1022965.221431868, ""Prophet"": 1162128.414099381, ""SARIMAX (c/ sazonalidade+promo\u00e7\u00e3o)"": 1734488.2637933567}";PC000007
PC000425;48;SARIMAX;5129,65;[6136.15, 6325.39, 9262.22, 10150.24, 7436.82, 8053.48];19,6;ok;"{""ARIMA"": 1435108.969759925, ""ExponentialSmoothing"": 1131378.2721432399, ""SARIMAX"": 1057270.67254031, ""Holt"": 2769782.1216854937, ""Prophet"": 1206592.2033389432, ""Ensemble"": 1110333.430185155, ""SARIMAX (c/ sazonalidade+promo\u00e7\u00e3o)"": 1067555.042891114}";PC000425
PC000207;48;ARIMA;6790,84;[7096.66, 7228.03, 7284.46, 7308.7, 7319.11, 7323.58];4,5;ok;"{""ARIMA"": 358233.54052850464, ""ExponentialSmoothing"": 406213.55633933673, ""SARIMAX"": 694196.9849455607, ""Holt"": 627591.350884283, ""Prophet"": 732241.121824664, ""SARIMAX (c/ sazonalidade+promo\u00e7\u00e3o)"": 691273.8544267855}";PC000207
PC000683;48;Ensemble;6515,47;[6614.42, 7192.77, 8842.52, 10047.64, 7788.86, 7592.04];1,5;ok;"{""ARIMA"": 555118.350928517, ""ExponentialSmoothing"": 547787.4795331658, ""SARIMAX"": 539589.3231031984, ""Holt"": 1678060.4599887663, ""Prophet"": 814682.1775141861, ""Ensemble"": 372532.7571654106, ""SARIMAX (c/ sazonalidade+promo\u00e7\u00e3o)"": 1017853.0001945408}";PC000683
PC000255;48;ExponentialSmoothing;6587,31;[6256.44, 6631.92, 8886.93, 10901.57, 7733.44, 8098.3];-5,0;ok;"{""ARIMA"": 1385695.0999885094, ""ExponentialSmoothing"": 270466.8606351165, ""SARIMAX"": 563771.5959812192, ""Holt"": 4150382.0457420326, ""Prophet"": 365949.62328474224, ""SARIMAX (c/ sazonalidade+promo\u00e7\u00e3o)"": 372515.47103020415}";PC000255
PC000176;48;Ensemble;5712,04;[6543.77, 6849.62, 9424.64, 11628.27, 7313.68, 8022.67];14,6;ok;"{""ARIMA"": 1045652.4886849892, ""ExponentialSmoothing"": 769183.0820025845, ""SARIMAX"": 966738.0256265076, ""Holt"": 1759384.1086376242, ""Prophet"": 929157.9866275922, ""Ensemble"": 745060.0982900398, ""SARIMAX (c/ sazonalidade+promo\u00e7\u00e3o)"": 1963182.916845657}";PC000176
PC000043;48;Ensemble;6295,94;[6277.41, 6619.28, 7333.96, 7697.53, 6790.28, 6901.93];-0,3;ok;"{""ARIMA"": 205982.11365016285, ""ExponentialSmoothing"": 241529.0493545473, ""SARIMAX"": 395541.1093330171, ""Holt"": 232215.75826647575, ""Prophet"": 271816.4260756427, ""Ensemble"": 73775.27071412229, ""SARIMAX (c/ sazonalidade+promo\u00e7\u00e3o)"": 250955.4325536194}";PC000043
PC000016;48;Prophet;6084,13;[6202.14, 6841.61, 9629.95, 11674.35, 8193.73, 8246.28];1,9;ok;"{""ARIMA"": 807981.8812802875, ""ExponentialSmoothing"": 613416.3659046482, ""SARIMAX"": 829088.296552549, ""Holt"": 745123.9813040392, ""Prophet"": 511707.1634074748, ""SARIMAX (c/ sazonalidade+promo\u00e7\u00e3o)"": 807570.1868302744}";PC000016
PC000334;48;Holt;6806,89;[6850.82, 6850.84, 6850.85, 6850.85, 6850.86, 6850.86];0,6;ok;"{""ARIMA"": 882614.7064078805, ""ExponentialSmoothing"": 1253509.8830634558, ""SARIMAX"": 1555524.9963572642, ""Holt"": 643555.8737691595, ""Prophet"": 1201479.4417372842, ""SARIMAX (c/ sazonalidade+promo\u00e7\u00e3o)"": 1631966.7472667012}";PC000334
PC000059;48;ARIMA;7040,15;[6754.27, 6674.51, 6652.27, 6646.06, 6644.33, 6643.84];-4,1;ok;"{""ARIMA"": 325766.5268909726, ""ExponentialSmoothing"": 981786.9151266064, ""SARIMAX"": 994162.1414056638, ""Holt"": 449321.03689415293, ""Prophet"": 862320.2594037531, ""SARIMAX (c/ sazonalidade+promo\u00e7\u00e3o)"": 1114091.5478904478}";PC000059
PC000886;48;SARIMAX (c/ sazonalidade+promoção);5587,22;[6169.81, 6067.61, 8131.14, 9601.24, 6892.44, 6514.15];10,4;ok;"{""ARIMA"": 292287.9108879699, ""ExponentialSmoothing"": 209704.815521725, ""SARIMAX"": 190850.33074478342, ""Holt"": 514251.48206889426, ""Prophet"": 324376.1235221459, ""SARIMAX (c/ sazonalidade+promo\u00e7\u00e3o)"": 159552.58000108504}";PC000886
PC000860;48;Prophet;5554,96;[5635.47, 5769.16, 7937.19, 9853.36, 6337.07, 6542.93];1,4;ok;"{""ARIMA"": 884664.7538248958, ""ExponentialSmoothing"": 529417.5004633884, ""SARIMAX"": 721217.3829003234, ""Holt"": 858559.4431091122, ""Prophet"": 511268.31208083243, ""SARIMAX (c/ sazonalidade+promo\u00e7\u00e3o)"": 2309185.4541228693}";PC000860
PC000473;48;ARIMA;6359,67;[6409.1, 6430.25, 6439.3, 6443.17, 6444.83, 6445.54];0,8;ok;"{""ARIMA"": 254920.46305236823, ""ExponentialSmoothing"": 449135.4429406889, ""SARIMAX"": 348824.4449326265, ""Holt"": 296646.8337603373, ""Prophet"": 441918.024307801, ""SARIMAX (c/ sazonalidade+promo\u00e7\u00e3o)"": 354346.3277018308}";PC000473
PC000015;48;ExponentialSmoothing;5310,45;[5357.81, 5755.2, 7480.52, 9471.14, 6152.27, 5884.68];0,9;ok;"{""ARIMA"": 453922.7992068454, ""ExponentialSmoothing"": 267230.4054753035, ""SARIMAX"": 411886.8628078383, ""Holt"": 663316.4106992831, ""Prophet"": 287391.22897302604, ""SARIMAX (c/ sazonalidade+promo\u00e7\u00e3o)"": 1200658.7841681144}";PC000015
PC000477;48;ARIMA;5098,75;[5628.25, 5872.24, 5984.67, 6036.48, 6060.36, 6071.36];10,4;ok;"{""ARIMA"": 343458.7196431014, ""ExponentialSmoothing"": 495459.2238569151, ""SARIMAX"": 479135.8086706411, ""Holt"": 391939.34634882986, ""Prophet"": 625663.7041973793, ""SARIMAX (c/ sazonalidade+promo\u00e7\u00e3o)"": 578127.5826045487}";PC000477
PC000564;48;SARIMAX;5335,26;[4779.46, 5734.71, 7567.52, 8264.08, 6048.98, 5938.3];-10,4;ok;"{""ARIMA"": 138172.23853069253, ""ExponentialSmoothing"": 189784.2853155715, ""SARIMAX"": 123568.38404081558, ""Holt"": 593720.2740101885, ""Prophet"": 237814.61792801015, ""SARIMAX (c/ sazonalidade+promo\u00e7\u00e3o)"": 158660.32256526538}";PC000564
PC000441;48;SARIMAX (c/ sazonalidade+promoção);4717,14;[4639.02, 4685.12, 6374.14, 7752.81, 5832.11, 5988.7];-1,7;ok;"{""ARIMA"": 655134.9903576324, ""ExponentialSmoothing"": 346910.33002476156, ""SARIMAX"": 262897.70709646615, ""Holt"": 801109.612100191, ""Prophet"": 381477.20492269803, ""SARIMAX (c/ sazonalidade+promo\u00e7\u00e3o)"": 232647.5149435867}";PC000441
PC000845;48;SARIMAX (c/ sazonalidade+promoção);5033,42;[5966.4, 5461.65, 8200.38, 8891.19, 6384.16, 5723.77];18,5;ok;"{""ARIMA"": 452885.77339973184, ""ExponentialSmoothing"": 166189.2536640912, ""SARIMAX"": 216466.37435910277, ""Holt"": 479217.00615323853, ""Prophet"": 261242.4901564919, ""SARIMAX (c/ sazonalidade+promo\u00e7\u00e3o)"": 161367.5502667241}";PC000845
PC000410;48;ARIMA;5650,18;[5749.96, 5793.7, 5812.87, 5821.27, 5824.96, 5826.57];1,8;ok;"{""ARIMA"": 45355.49988725548, ""ExponentialSmoothing"": 178387.78793722892, ""SARIMAX"": 683042.7231307853, ""Holt"": 137261.04282671725, ""Prophet"": 205470.25534356746, ""SARIMAX (c/ sazonalidade+promo\u00e7\u00e3o)"": 1060235.8386358998}";PC000410
PC000857;48;Prophet;4041,37;[4742.71, 5413.65, 6073.87, 8473.0, 4935.78, 5206.39];17,4;ok;"{""ARIMA"": 581005.8124312593, ""ExponentialSmoothing"": 332506.52633953874, ""SARIMAX"": 258180.21133610306, ""Holt"": 571578.4991430119, ""Prophet"": 252464.23778822352, ""SARIMAX (c/ sazonalidade+promo\u00e7\u00e3o)"": 1718350.9500680128}";PC000857
PC000959;48;Ensemble;5516,26;[5135.04, 5156.64, 6621.66, 7718.24, 5446.54, 5769.7];-6,9;ok;"{""ARIMA"": 637531.2881499532, ""ExponentialSmoothing"": 657489.3660756258, ""SARIMAX"": 815311.1361349584, ""Holt"": 1142078.9807890893, ""Prophet"": 631185.4752271647, ""Ensemble"": 571673.2379891316, ""SARIMAX (c/ sazonalidade+promo\u00e7\u00e3o)"": 1048841.6090714808}";PC000959
PC000557;48;ARIMA;5888,23;[5697.16, 5604.32, 5559.21, 5537.29, 5526.64, 5521.46];-3,2;ok;"{""ARIMA"": 295456.0796277258, ""ExponentialSmoothing"": 330638.0524652856, ""SARIMAX"": 414071.09393491223, ""Holt"": 714518.1328252665, ""Prophet"": 481906.5861817073, ""SARIMAX (c/ sazonalidade+promo\u00e7\u00e3o)"": 383999.7007331403}";PC000557
PC000069;48;ExponentialSmoothing;5180,03;[5389.59, 5153.54, 7051.1, 8513.83, 6095.34, 5973.53];4,0;ok;"{""ARIMA"": 263572.374061137, ""ExponentialSmoothing"": 161760.9785132654, ""SARIMAX"": 221229.42724405692, ""Holt"": 262734.0690101573, ""Prophet"": 168284.28203271923, ""SARIMAX (c/ sazonalidade+promo\u00e7\u00e3o)"": 547800.7184411674}";PC000069
PC000245;48;SARIMAX;5713,96;[4717.56, 4664.06, 6110.39, 8385.1, 5746.27, 4681.71];-17,4;ok;"{""ARIMA"": 595921.1269157879, ""ExponentialSmoothing"": 561671.4692532016, ""SARIMAX"": 238917.0772397034, ""Holt"": 386994.83884867263, ""Prophet"": 604144.032699235, ""SARIMAX (c/ sazonalidade+promo\u00e7\u00e3o)"": 265296.48105030484}";PC000245
PC000430;48;SARIMAX (c/ sazonalidade+promoção);5123,15;[5206.88, 5258.52, 7679.71, 7224.86, 4992.57, 5685.86];1,6;ok;"{""ARIMA"": 242151.59189683353, ""ExponentialSmoothing"": 90683.1781011176, ""SARIMAX"": 183942.84905274372, ""Holt"": 469922.65948194655, ""Prophet"": 210855.24119654822, ""SARIMAX (c/ sazonalidade+promo\u00e7\u00e3o)"": 67575.79134238254}";PC000430
PC000901;48;Ensemble;4638,02;[5177.2, 5229.19, 5248.79, 5256.18, 5258.96, 5260.02];11,6;ok;"{""ARIMA"": 462157.203686242, ""ExponentialSmoothing"": 636629.4126472168, ""SARIMAX"": 580106.0966899866, ""Holt"": 584058.0060874502, ""Prophet"": 529816.5402364557, ""Ensemble"": 426332.8409605646, ""SARIMAX (c/ sazonalidade+promo\u00e7\u00e3o)"": 601691.5445421311}";PC000901
PC000666;48;Prophet;5853,73;[4971.26, 5080.84, 6262.72, 8166.51, 5627.5, 5246.17];-15,1;ok;"{""ARIMA"": 180957.73801278943, ""ExponentialSmoothing"": 167187.01853564053, ""SARIMAX"": 136231.01792386232, ""Holt"": 159744.633476288, ""Prophet"": 79476.05277862206, ""SARIMAX (c/ sazonalidade+promo\u00e7\u00e3o)"": 428148.01775754493}";PC000666
PC000373;48;ARIMA;4929,54;[5069.97, 5116.73, 5132.3, 5137.48, 5139.21, 5139.78];2,8;ok;"{""ARIMA"": 211964.70201498698, ""ExponentialSmoothing"": 345033.5820243231, ""SARIMAX"": 386982.83520750137, ""Holt"": 537584.3949041851, ""Prophet"": 317090.38054750074, ""SARIMAX (c/ sazonalidade+promo\u00e7\u00e3o)"": 364999.4564060001}";PC000373
PC000819;48;ARIMA;5392,61;[5287.28, 5254.33, 5244.03, 5240.8, 5239.79, 5239.48];-2,0;ok;"{""ARIMA"": 259133.03175674364, ""ExponentialSmoothing"": 289380.9727045263, ""SARIMAX"": 331324.6251308676, ""Holt"": 690768.9271979892, ""Prophet"": 400349.3704827754, ""Ensemble"": 261314.6453397822, ""SARIMAX (c/ sazonalidade+promo\u00e7\u00e3o)"": 795429.8421526259}";PC000819
PC000984;48;SARIMAX;3720,36;[5107.81, 5022.69, 6050.34, 7502.0, 5490.77, 5587.44];37,3;ok;"{""ARIMA"": 416522.0766185075, ""ExponentialSmoothing"": 267742.6906108505, ""SARIMAX"": 166942.67621450312, ""Holt"": 436690.62109705125, ""Prophet"": 192474.89629453412, ""SARIMAX (c/ sazonalidade+promo\u00e7\u00e3o)"": 244304.30755955688}";PC000984
PC000006;48;Prophet;3709,44;[4856.08, 4660.74, 6197.48, 7876.11, 5419.57, 5823.45];30,9;ok;"{""ARIMA"": 575786.774201583, ""ExponentialSmoothing"": 503969.37296330713, ""SARIMAX"": 594114.6913947412, ""Holt"": 1137488.052441256, ""Prophet"": 503405.48935877933, ""Ensemble"": 515483.672586123, ""SARIMAX (c/ sazonalidade+promo\u00e7\u00e3o)"": 893584.0415567114}";PC000006
PC000889;48;ExponentialSmoothing;4802,56;[4765.9, 4728.91, 5786.84, 7914.76, 5292.96, 5463.9];-0,8;ok;"{""ARIMA"": 346949.8651744341, ""ExponentialSmoothing"": 203815.24462901577, ""SARIMAX"": 916098.3579194505, ""Holt"": 434216.3320257859, ""Prophet"": 213968.637649347, ""SARIMAX (c/ sazonalidade+promo\u00e7\u00e3o)"": 4656865.222565982}";PC000889
PC000695;48;ARIMA;4785,47;[4777.79, 4774.13, 4772.39, 4771.56, 4771.17, 4770.98];-0,2;ok;"{""ARIMA"": 405257.46158353885, ""ExponentialSmoothing"": 598787.4189511628, ""SARIMAX"": 532995.5579463688, ""Holt"": 454484.6302937682, ""Prophet"": 588413.5632403006, ""SARIMAX (c/ sazonalidade+promo\u00e7\u00e3o)"": 602291.0334073413}";PC000695
PC000515;48;SARIMAX;4143,63;[4702.9, 4722.94, 6118.93, 7254.33, 5628.84, 5446.58];13,5;ok;"{""ARIMA"": 329781.6285963782, ""ExponentialSmoothing"": 276903.7335692917, ""SARIMAX"": 271840.4114127013, ""Holt"": 582345.1844273641, ""Prophet"": 307958.8357914867, ""Ensemble"": 272888.66899653553, ""SARIMAX (c/ sazonalidade+promo\u00e7\u00e3o)"": 529872.4655339009}";PC000515
PC000378;48;SARIMAX;3997,87;[4161.23, 4753.63, 6055.5, 6917.3, 4909.56, 4536.81];4,1;ok;"{""ARIMA"": 185737.7459732854, ""ExponentialSmoothing"": 132804.59768431113, ""SARIMAX"": 74532.13838184565, ""Holt"": 311464.5791029417, ""Prophet"": 179881.32686274443, ""SARIMAX (c/ sazonalidade+promo\u00e7\u00e3o)"": 611604.9514929246}";PC000378
PC000336;48;Holt;4112,08;[4666.94, 4666.95, 4666.96, 4666.96, 4666.97, 4666.97];13,5;ok;"{""ARIMA"": 247534.7385833805, ""ExponentialSmoothing"": 202352.09965295182, ""SARIMAX"": 305310.2383968913, ""Holt"": 147734.8438591859, ""Prophet"": 284364.33119301504, ""SARIMAX (c/ sazonalidade+promo\u00e7\u00e3o)"": 288983.00718925096}";PC000336
PC000041;48;Ensemble;3797,74;[4422.17, 4596.03, 5536.1, 6078.73, 4458.1, 4864.2];16,4;ok;"{""ARIMA"": 289528.62923579867, ""ExponentialSmoothing"": 192850.35805059073, ""SARIMAX"": 415881.81957375724, ""Holt"": 237411.59222200653, ""Prophet"": 218459.30626818296, ""Ensemble"": 152798.20892022274, ""SARIMAX (c/ sazonalidade+promo\u00e7\u00e3o)"": 387943.1890416844}";PC000041
PC000529;48;ARIMA;3639,66;[4469.68, 4560.45, 4570.37, 4571.46, 4571.57, 4571.59];22,8;ok;"{""ARIMA"": 247603.0554145715, ""ExponentialSmoothing"": 277829.3848953803, ""SARIMAX"": 321072.8600967094, ""Holt"": 353261.6638183501, ""Prophet"": 249531.11555602492, ""Ensemble"": 248167.0436246701, ""SARIMAX (c/ sazonalidade+promo\u00e7\u00e3o)"": 288744.6559646483}";PC000529
PC000671;48;ExponentialSmoothing;3684,7;[3841.53, 4071.53, 5759.8, 6757.46, 4530.93, 4607.33];4,3;ok;"{""ARIMA"": 376227.00074515934, ""ExponentialSmoothing"": 241430.3851756649, ""SARIMAX"": 306019.45443087677, ""Holt"": 1239070.1747374393, ""Prophet"": 272691.8791748562, ""Ensemble"": 267292.1635777336, ""SARIMAX (c/ sazonalidade+promo\u00e7\u00e3o)"": 404721.6709897876}";PC000671
PC000072;48;ExponentialSmoothing;3312,39;[3689.59, 3941.07, 5370.06, 6791.21, 4483.43, 4390.21];11,4;ok;"{""ARIMA"": 359304.5521688376, ""ExponentialSmoothing"": 223004.94001013887, ""SARIMAX"": 422984.5399444877, ""Holt"": 587991.6084145593, ""Prophet"": 275322.5125630086, ""SARIMAX (c/ sazonalidade+promo\u00e7\u00e3o)"": 317614.90615309187}";PC000072
PC000057;48;SARIMAX;4159,39;[4019.96, 3766.86, 5749.31, 6622.46, 5128.32, 4757.28];-3,4;ok;"{""ARIMA"": 76088.56377361466, ""ExponentialSmoothing"": 104667.42101607971, ""SARIMAX"": 73895.60405675501, ""Holt"": 308884.1100696679, ""Prophet"": 117576.9515048163, ""SARIMAX (c/ sazonalidade+promo\u00e7\u00e3o)"": 382985.3259914028}";PC000057
PC000947;48;Holt;4010,21;[4344.39, 4344.39, 4344.39, 4344.39, 4344.39, 4344.39];8,3;ok;"{""ARIMA"": 337834.47015957464, ""ExponentialSmoothing"": 477534.3521665153, ""SARIMAX"": 523672.05740738154, ""Holt"": 316422.80209654587, ""Prophet"": 585525.8424478204, ""SARIMAX (c/ sazonalidade+promo\u00e7\u00e3o)"": 572119.477590887}";PC000947
PC000146;48;ARIMA;3538,13;[4201.06, 4297.52, 4311.56, 4313.6, 4313.9, 4313.94];18,7;ok;"{""ARIMA"": 679768.2863732992, ""ExponentialSmoothing"": 758159.8975058809, ""SARIMAX"": 735526.4525769996, ""Holt"": 704534.3983334509, ""Prophet"": 733587.1352532977, ""Ensemble"": 680045.0126004488, ""SARIMAX (c/ sazonalidade+promo\u00e7\u00e3o)"": 758401.672277966}";PC000146
PC000899;48;ExponentialSmoothing;3853,22;[4053.1, 4186.17, 5690.52, 6784.65, 4512.74, 4643.3];5,2;ok;"{""ARIMA"": 185135.19187927234, ""ExponentialSmoothing"": 59931.542694178024, ""SARIMAX"": 129441.20071761745, ""Holt"": 593785.0013772671, ""Prophet"": 143296.6579520988, ""SARIMAX (c/ sazonalidade+promo\u00e7\u00e3o)"": 76154.36791513373}";PC000899
PC000460;48;SARIMAX;3717,55;[3798.18, 3115.7, 5920.51, 7723.31, 4105.08, 4082.42];2,2;ok;"{""ARIMA"": 229097.64708215, ""ExponentialSmoothing"": 71078.30662483817, ""SARIMAX"": 40445.107550275694, ""Holt"": 497359.71729455626, ""Prophet"": 90070.37464683864, ""SARIMAX (c/ sazonalidade+promo\u00e7\u00e3o)"": 48066.88022890397}";PC000460
PC000617;48;Prophet;3906,74;[3677.66, 3813.32, 5003.6, 6264.81, 4664.94, 4496.76];-5,9;ok;"{""ARIMA"": 374163.0043695285, ""ExponentialSmoothing"": 280621.1435751327, ""SARIMAX"": 572772.5625183078, ""Holt"": 826953.072570498, ""Prophet"": 270458.3886007405, ""SARIMAX (c/ sazonalidade+promo\u00e7\u00e3o)"": 760768.161418836}";PC000617
PC000822;48;ARIMA;4103,07;[4133.2, 4144.09, 4148.02, 4149.44, 4149.95, 4150.14];0,7;ok;"{""ARIMA"": 55639.23378906853, ""ExponentialSmoothing"": 127873.06577687098, ""SARIMAX"": 289113.18945996446, ""Holt"": 74905.3486015902, ""Prophet"": 202647.9590243301, ""SARIMAX (c/ sazonalidade+promo\u00e7\u00e3o)"": 285070.4083461667}";PC000822
PC000702;48;SARIMAX;3723,63;[4004.13, 3409.98, 6035.91, 6679.58, 4597.31, 3831.55];7,5;ok;"{""ARIMA"": 576340.073678396, ""ExponentialSmoothing"": 672987.9878912414, ""SARIMAX"": 317465.1129976816, ""Holt"": 707521.4315976679, ""Prophet"": 646276.9337156803, ""SARIMAX (c/ sazonalidade+promo\u00e7\u00e3o)"": 484507.0304826873}";PC000702
PC000005;48;SARIMAX (c/ sazonalidade+promoção);3186,31;[3611.95, 3124.94, 4694.61, 5768.05, 3644.71, 3095.58];13,4;ok;"{""ARIMA"": 743090.0760476604, ""ExponentialSmoothing"": 476497.4880033145, ""SARIMAX"": 443813.6738926535, ""Holt"": 1004754.5712518092, ""Prophet"": 621318.8452724677, ""SARIMAX (c/ sazonalidade+promo\u00e7\u00e3o)"": 440042.1247308527}";PC000005
PC000206;48;ExponentialSmoothing;3554,74;[3703.87, 3806.51, 4986.07, 5964.45, 4395.02, 4454.1];4,2;ok;"{""ARIMA"": 455969.44195491844, ""ExponentialSmoothing"": 296133.63151199266, ""SARIMAX"": 365307.0302754634, ""Holt"": 1161959.7912400488, ""Prophet"": 349155.0027764927, ""Ensemble"": 330920.1087197065, ""SARIMAX (c/ sazonalidade+promo\u00e7\u00e3o)"": 360280.19636963884}";PC000206
PC000931;48;Prophet;3727,29;[3222.93, 3649.07, 5156.34, 5618.57, 3833.18, 4246.9];-13,5;ok;"{""ARIMA"": 116631.53875724535, ""ExponentialSmoothing"": 67712.11499356409, ""SARIMAX"": 187567.1024793156, ""Holt"": 281956.6847132359, ""Prophet"": 45684.57907739477, ""SARIMAX (c/ sazonalidade+promo\u00e7\u00e3o)"": 280634.6840913316}";PC000931
PC000027;48;Ensemble;3643,28;[3545.03, 3815.78, 4194.31, 5022.42, 4197.44, 4065.46];-2,7;ok;"{""ARIMA"": 244893.07424492366, ""ExponentialSmoothing"": 240214.40402685525, ""SARIMAX"": 226503.8042995061, ""Holt"": 311769.9120469454, ""Prophet"": 295391.75954589364, ""Ensemble"": 213374.9893755926, ""SARIMAX (c/ sazonalidade+promo\u00e7\u00e3o)"": 232391.02532080223}";PC000027
PC000946;48;Ensemble;4146,93;[3698.69, 3742.33, 4489.68, 5013.15, 3964.62, 3898.89];-10,8;ok;"{""ARIMA"": 117014.83446838778, ""ExponentialSmoothing"": 144477.90736063186, ""SARIMAX"": 139874.09833434163, ""Holt"": 193894.63216731462, ""Prophet"": 134222.91989756748, ""Ensemble"": 116003.5474735474, ""SARIMAX (c/ sazonalidade+promo\u00e7\u00e3o)"": 154865.9947798398}";PC000946
PC000520;48;Prophet;3252,68;[2784.53, 3251.8, 4309.23, 5300.74, 3692.64, 3708.11];-14,4;ok;"{""ARIMA"": 185146.94196856255, ""ExponentialSmoothing"": 69188.09678301851, ""SARIMAX"": 65728.83358644693, ""Holt"": 336592.80665145564, ""Prophet"": 43661.02255747694, ""SARIMAX (c/ sazonalidade+promo\u00e7\u00e3o)"": 77857.65137493901}";PC000520
PC000879;48;Ensemble;3112,43;[3400.01, 3459.84, 3924.37, 4253.77, 3612.19, 3704.71];9,2;ok;"{""ARIMA"": 185349.15436590463, ""ExponentialSmoothing"": 161409.1730180997, ""SARIMAX"": 195832.79507006166, ""Holt"": 212980.56762300734, ""Prophet"": 223851.48949652046, ""Ensemble"": 130714.54606464018, ""SARIMAX (c/ sazonalidade+promo\u00e7\u00e3o)"": 245884.22102350276}";PC000879
PC000730;48;ARIMA;3140,97;[3467.4, 3550.91, 3572.27, 3577.74, 3579.14, 3579.49];10,4;ok;"{""ARIMA"": 79883.65516710705, ""ExponentialSmoothing"": 160282.62661579848, ""SARIMAX"": 128985.98646261562, ""Holt"": 421808.2178456644, ""Prophet"": 178402.28917076802, ""SARIMAX (c/ sazonalidade+promo\u00e7\u00e3o)"": 145740.15652133978}";PC000730
PC000900;48;SARIMAX;2943,23;[3280.71, 3317.84, 4599.94, 5044.84, 3950.52, 3674.37];11,5;ok;"{""ARIMA"": 197547.23253844737, ""ExponentialSmoothing"": 167028.90704307109, ""SARIMAX"": 157161.66681882067, ""Holt"": 360021.49776646245, ""Prophet"": 193606.06315177106, ""Ensemble"": 168563.14436454434, ""SARIMAX (c/ sazonalidade+promo\u00e7\u00e3o)"": 166119.1829120875}";PC000900
PC000343;48;ExponentialSmoothing;2718,64;[3140.85, 2949.02, 4299.52, 5162.52, 3107.51, 3273.92];15,5;ok;"{""ARIMA"": 182200.47409231626, ""ExponentialSmoothing"": 123700.67416728957, ""SARIMAX"": 183971.5618505402, ""Holt"": 372194.60152922914, ""Prophet"": 245166.25901293883, ""SARIMAX (c/ sazonalidade+promo\u00e7\u00e3o)"": 134985.33386432906}";PC000343
PC000434;48;Ensemble;3251,33;[3236.77, 3104.7, 3743.54, 4396.11, 3472.83, 3629.86];-0,4;ok;"{""ARIMA"": 104679.62883012468, ""ExponentialSmoothing"": 114156.09583673267, ""SARIMAX"": 99347.79905469203, ""Holt"": 273472.2972569939, ""Prophet"": 81107.55580903227, ""Ensemble"": 72302.6317302755, ""SARIMAX (c/ sazonalidade+promo\u00e7\u00e3o)"": 120354.30746383138}";PC000434
PC000834;48;Ensemble;3150,45;[3242.07, 3242.07, 3242.07, 3242.07, 3242.07, 3242.07];2,9;ok;"{""ARIMA"": 44191.31516122417, ""ExponentialSmoothing"": 154721.59032715324, ""SARIMAX"": 146934.3821780747, ""Holt"": 39798.732772852425, ""Prophet"": 44585.3865108809, ""Ensemble"": 32161.180696533407, ""SARIMAX (c/ sazonalidade+promo\u00e7\u00e3o)"": 178246.27748710779}";PC000834
PC000165;48;ARIMA;2760,1;[3055.23, 3148.0, 3177.17, 3186.34, 3189.22, 3190.12];10,7;ok;"{""ARIMA"": 126681.31019980223, ""ExponentialSmoothing"": 153548.39297419242, ""SARIMAX"": 204322.54913864276, ""Holt"": 200868.26212806604, ""Prophet"": 131252.45647806663, ""Ensemble"": 131127.140428733, ""SARIMAX (c/ sazonalidade+promo\u00e7\u00e3o)"": 195740.98117098387}";PC000165
PC000719;48;ARIMA;3012,4;[3149.87, 3179.76, 3186.25, 3187.67, 3187.97, 3188.04];4,6;ok;"{""ARIMA"": 79274.5598962762, ""ExponentialSmoothing"": 81115.13811689641, ""SARIMAX"": 95330.41279409983, ""Holt"": 242681.57031110278, ""Prophet"": 90752.53875762863, ""Ensemble"": 82403.71947405078, ""SARIMAX (c/ sazonalidade+promo\u00e7\u00e3o)"": 93334.82464792224}";PC000719
PC000761;48;ARIMA;3439,32;[3237.09, 3179.49, 3163.08, 3158.41, 3157.07, 3156.7];-5,9;ok;"{""ARIMA"": 137813.15348471043, ""ExponentialSmoothing"": 165399.1562192727, ""SARIMAX"": 230744.51477355746, ""Holt"": 398953.6578820436, ""Prophet"": 148238.68433694195, ""Ensemble"": 139768.2029276952, ""SARIMAX (c/ sazonalidade+promo\u00e7\u00e3o)"": 726106.4791038237}";PC000761
PC000974;48;Prophet;2742,71;[2800.12, 2995.78, 3725.61, 4728.68, 3181.52, 3554.54];2,1;ok;"{""ARIMA"": 104693.3251790226, ""ExponentialSmoothing"": 93986.41559570642, ""SARIMAX"": 137691.28413359023, ""Holt"": 148322.51874214422, ""Prophet"": 64288.842086625664, ""SARIMAX (c/ sazonalidade+promo\u00e7\u00e3o)"": 76909.84334372614}";PC000974
PC000471;48;SARIMAX (c/ sazonalidade+promoção);2794,09;[3036.7, 3007.76, 3155.81, 4129.6, 3795.38, 3250.37];8,7;ok;"{""ARIMA"": 225964.46953237685, ""ExponentialSmoothing"": 152662.14243902048, ""SARIMAX"": 130398.37571620707, ""Holt"": 411318.37642729265, ""Prophet"": 147262.0232561335, ""Ensemble"": 135336.6088681138, ""SARIMAX (c/ sazonalidade+promo\u00e7\u00e3o)"": 128208.50549105201}";PC000471
PC000180;48;ExponentialSmoothing;2703,12;[2739.75, 2509.83, 3519.41, 4416.9, 3062.22, 3059.53];1,4;ok;"{""ARIMA"": 216217.23244250895, ""ExponentialSmoothing"": 118331.62543459695, ""SARIMAX"": 289035.82962123386, ""Holt"": 283961.91776583326, ""Prophet"": 131306.9627751532, ""SARIMAX (c/ sazonalidade+promo\u00e7\u00e3o)"": 244002.6622232487}";PC000180
PC000641;48;Prophet;2826,6;[2513.06, 2636.25, 3653.57, 4284.78, 3070.56, 2876.79];-11,1;ok;"{""ARIMA"": 74908.83791731694, ""ExponentialSmoothing"": 32511.5208132211, ""SARIMAX"": 236081.1219374689, ""Holt"": 61911.453695271404, ""Prophet"": 31665.612854349394, ""SARIMAX (c/ sazonalidade+promo\u00e7\u00e3o)"": 293443.17823597277}";PC000641
PC000461;48;ExponentialSmoothing;2581,41;[2402.28, 3000.59, 3610.58, 4645.85, 3015.2, 3108.4];-6,9;ok;"{""ARIMA"": 82919.16992074733, ""ExponentialSmoothing"": 35854.23761951722, ""SARIMAX"": 119475.9410087597, ""Holt"": 103685.00730510244, ""Prophet"": 38587.67762946946, ""SARIMAX (c/ sazonalidade+promo\u00e7\u00e3o)"": 42022.05117332117}";PC000461
PC000813;48;Ensemble;2720,93;[2957.0, 2976.47, 2984.52, 2988.34, 2990.57, 2992.21];8,7;ok;"{""ARIMA"": 185645.7967626629, ""ExponentialSmoothing"": 234247.75612097656, ""SARIMAX"": 229865.1714018115, ""Holt"": 183781.02492139934, ""Prophet"": 236398.1135718069, ""Ensemble"": 173209.64586214934, ""SARIMAX (c/ sazonalidade+promo\u00e7\u00e3o)"": 217511.43071591062}";PC000813
PC000935;48;ARIMA;2822,52;[2885.06, 2894.86, 2896.39, 2896.63, 2896.67, 2896.68];2,2;ok;"{""ARIMA"": 95955.9358438237, ""ExponentialSmoothing"": 139178.9495943029, ""SARIMAX"": 147970.43544590173, ""Holt"": 181445.81234630072, ""Prophet"": 145885.40544452652, ""SARIMAX (c/ sazonalidade+promo\u00e7\u00e3o)"": 136277.9064129933}";PC000935
PC000978;48;Holt;2844,09;[2844.57, 2844.58, 2844.58, 2844.59, 2844.59, 2844.59];0,0;ok;"{""ARIMA"": 59731.78651546036, ""ExponentialSmoothing"": 114687.25357319084, ""SARIMAX"": 151166.90550229943, ""Holt"": 25651.265852804183, ""Prophet"": 134180.90576896173, ""SARIMAX (c/ sazonalidade+promo\u00e7\u00e3o)"": 233795.30171450126}";PC000978
PC000209;48;Ensemble;2506,76;[2530.22, 2500.41, 3185.97, 3624.78, 2775.08, 2734.58];0,9;ok;"{""ARIMA"": 44029.52584803546, ""ExponentialSmoothing"": 42241.78051630826, ""SARIMAX"": 47715.53633504553, ""Holt"": 110947.61825470529, ""Prophet"": 68999.84193361067, ""Ensemble"": 28871.465545994975, ""SARIMAX (c/ sazonalidade+promo\u00e7\u00e3o)"": 52214.11341622126}";PC000209
PC000723;48;Prophet;2495,58;[2383.92, 2551.3, 3423.91, 3773.07, 2538.34, 3108.54];-4,5;ok;"{""ARIMA"": 27689.263256540205, ""ExponentialSmoothing"": 12048.643078552863, ""SARIMAX"": 20150.495036657918, ""Holt"": 59721.06505420667, ""Prophet"": 11816.449022381707, ""SARIMAX (c/ sazonalidade+promo\u00e7\u00e3o)"": 35056.313066477036}";PC000723
PC000937;48;ARIMA;2527,12;[2602.2, 2620.22, 2624.54, 2625.58, 2625.82, 2625.88];3,0;ok;"{""ARIMA"": 60095.14202928972, ""ExponentialSmoothing"": 158008.11706263782, ""SARIMAX"": 229249.48169869374, ""Holt"": 132113.48175655768, ""Prophet"": 172259.9971781616, ""SARIMAX (c/ sazonalidade+promo\u00e7\u00e3o)"": 222761.20318664858}";PC000937
PC000333;48;SARIMAX;1949,7;[2132.96, 2199.95, 3308.57, 3472.19, 2528.09, 2549.6];9,4;ok;"{""ARIMA"": 129056.00363835214, ""ExponentialSmoothing"": 79343.74474253239, ""SARIMAX"": 75458.70467415127, ""Holt"": 167924.74196880296, ""Prophet"": 85153.64819761364, ""Ensemble"": 79275.26110145015, ""SARIMAX (c/ sazonalidade+promo\u00e7\u00e3o)"": 85544.39054537403}";PC000333
PC000078;48;Prophet;2180,14;[2361.04, 2477.55, 2872.25, 4139.91, 2791.42, 2797.3];8,3;ok;"{""ARIMA"": 137778.71754930713, ""ExponentialSmoothing"": 64057.968251493476, ""SARIMAX"": 87574.7752936594, ""Holt"": 201253.60379139465, ""Prophet"": 57747.813753671806, ""SARIMAX (c/ sazonalidade+promo\u00e7\u00e3o)"": 112117.21771272105}";PC000078
PC000643;48;Prophet;2095,1;[2165.59, 2129.08, 3435.86, 3733.29, 2562.21, 2440.59];3,4;ok;"{""ARIMA"": 93595.29745427945, ""ExponentialSmoothing"": 78038.9745352269, ""SARIMAX"": 144285.02290111143, ""Holt"": 197184.73558801852, ""Prophet"": 71457.82719991475, ""SARIMAX (c/ sazonalidade+promo\u00e7\u00e3o)"": 198274.355592037}";PC000643
PC000841;48;Prophet;1904,62;[2117.26, 2388.2, 3279.07, 3115.66, 2374.41, 2563.28];11,2;ok;"{""ARIMA"": 149294.00004791448, ""ExponentialSmoothing"": 47651.62788684614, ""SARIMAX"": 92737.3122637443, ""Holt"": 228394.77298002073, ""Prophet"": 39504.00675193573, ""SARIMAX (c/ sazonalidade+promo\u00e7\u00e3o)"": 205062.03144364385}";PC000841
PC000785;48;SARIMAX;2503,08;[2247.83, 2260.2, 3124.24, 4050.1, 2536.43, 2530.69];-10,2;ok;"{""ARIMA"": 81361.77868627537, ""ExponentialSmoothing"": 41688.64133979275, ""SARIMAX"": 33504.64392434313, ""Holt"": 126265.9812595476, ""Prophet"": 49674.77167849753, ""SARIMAX (c/ sazonalidade+promo\u00e7\u00e3o)"": 44691.009027021464}";PC000785
PC000355;48;ARIMA;2053,11;[2338.45, 2399.21, 2412.14, 2414.9, 2415.48, 2415.61];13,9;ok;"{""ARIMA"": 23854.711889413637, ""ExponentialSmoothing"": 58580.04258605174, ""SARIMAX"": 111881.06098651006, ""Holt"": 29629.90475768341, ""Prophet"": 56631.626682585695, ""SARIMAX (c/ sazonalidade+promo\u00e7\u00e3o)"": 122384.31925150007}";PC000355
PC000291;48;SARIMAX;2248,05;[2123.85, 1970.03, 3268.06, 3329.27, 2499.94, 2623.03];-5,5;ok;"{""ARIMA"": 65006.653996147186, ""ExponentialSmoothing"": 83186.87907380883, ""SARIMAX"": 48239.739915478036, ""Holt"": 125809.75156975882, ""Prophet"": 100131.98528297113, ""SARIMAX (c/ sazonalidade+promo\u00e7\u00e3o)"": 55003.78532028538}";PC000291
PC000611;48;ExponentialSmoothing;1871,87;[2131.75, 1974.12, 3064.52, 3529.87, 2281.35, 2435.36];13,9;ok;"{""ARIMA"": 126392.58376380384, ""ExponentialSmoothing"": 87626.14535483898, ""SARIMAX"": 93824.5262749945, ""Holt"": 299990.51145153673, ""Prophet"": 90520.12893411294, ""Ensemble"": 89838.11201222299, ""SARIMAX (c/ sazonalidade+promo\u00e7\u00e3o)"": 141165.36529689535}";PC000611
PC000354;48;Holt;2090,97;[2309.26, 2312.43, 2315.58, 2318.71, 2321.83, 2324.93];10,4;ok;"{""ARIMA"": 107329.78205357061, ""ExponentialSmoothing"": 152079.60060355882, ""SARIMAX"": 225708.67552456135, ""Holt"": 98101.7657612782, ""Prophet"": 183582.37922788807, ""SARIMAX (c/ sazonalidade+promo\u00e7\u00e3o)"": 178757.10580544104}";PC000354
PC000856;48;ExponentialSmoothing;2076,98;[2117.87, 2174.17, 2595.15, 2974.29, 2019.12, 2209.45];2,0;ok;"{""ARIMA"": 42740.98880497386, ""ExponentialSmoothing"": 18670.926997415376, ""SARIMAX"": 60327.22458519199, ""Holt"": 155295.08942023132, ""Prophet"": 40232.936583322975, ""SARIMAX (c/ sazonalidade+promo\u00e7\u00e3o)"": 20805.213502269657}";PC000856
PC000945;48;ARIMA;2201,48;[2191.85, 2188.57, 2187.46, 2187.08, 2186.95, 2186.91];-0,4;ok;"{""ARIMA"": 277.9134362442633, ""ExponentialSmoothing"": 32659.068194102583, ""SARIMAX"": 42815.98257164352, ""Holt"": 33028.099027921075, ""Prophet"": 34649.380618670744, ""SARIMAX (c/ sazonalidade+promo\u00e7\u00e3o)"": 58281.25068575178}";PC000945
PC000851;48;ARIMA;2075,37;[2174.89, 2190.32, 2192.72, 2193.09, 2193.15, 2193.15];4,8;ok;"{""ARIMA"": 65866.92772942591, ""ExponentialSmoothing"": 86831.96883865404, ""SARIMAX"": 100820.78956308083, ""Holt"": 112461.15167278628, ""Prophet"": 130763.39689119147, ""SARIMAX (c/ sazonalidade+promo\u00e7\u00e3o)"": 108149.15236122625}";PC000851
PC000729;48;ARIMA;2092,2;[2147.87, 2157.23, 2158.8, 2159.07, 2159.11, 2159.12];2,7;ok;"{""ARIMA"": 71059.88663875131, ""ExponentialSmoothing"": 119126.47208309901, ""SARIMAX"": 102626.18557064206, ""Holt"": 74142.55281957651, ""Prophet"": 109487.30800558052, ""SARIMAX (c/ sazonalidade+promo\u00e7\u00e3o)"": 92979.40138557565}";PC000729
PC000603;48;Prophet;2038,97;[1838.24, 1751.08, 2761.48, 3342.09, 2163.61, 2335.88];-9,8;ok;"{""ARIMA"": 60704.301789131365, ""ExponentialSmoothing"": 83512.93765015808, ""SARIMAX"": 86872.84914729053, ""Holt"": 346407.7583993177, ""Prophet"": 46812.33923306045, ""SARIMAX (c/ sazonalidade+promo\u00e7\u00e3o)"": 71222.03388291394}";PC000603
PC000953;48;Prophet;1505,79;[1735.67, 1543.03, 2304.52, 2710.77, 1806.14, 2009.19];15,3;ok;"{""ARIMA"": 136145.15032560565, ""ExponentialSmoothing"": 63191.11246248931, ""SARIMAX"": 144409.31383419698, ""Holt"": 128748.21872501267, ""Prophet"": 42115.33620325162, ""SARIMAX (c/ sazonalidade+promo\u00e7\u00e3o)"": 140306.9807680207}";PC000953
PC000563;48;Ensemble;2092,33;[1936.65, 1940.09, 2431.07, 2914.82, 2079.18, 2055.23];-7,4;ok;"{""ARIMA"": 130306.4446080221, ""ExponentialSmoothing"": 129795.35317733948, ""SARIMAX"": 120287.72084866046, ""Holt"": 197207.98299083603, ""Prophet"": 142396.27706066598, ""Ensemble"": 113899.71353409968, ""SARIMAX (c/ sazonalidade+promo\u00e7\u00e3o)"": 117481.40762491396}";PC000563
PC000375;48;ARIMA;1672,07;[1935.27, 1990.72, 2002.4, 2004.86, 2005.38, 2005.49];15,7;ok;"{""ARIMA"": 42410.8327731539, ""ExponentialSmoothing"": 59097.97685515248, ""SARIMAX"": 56415.974666882736, ""Holt"": 65664.97740812456, ""Prophet"": 56165.034694153124, ""SARIMAX (c/ sazonalidade+promo\u00e7\u00e3o)"": 59389.36359318793}";PC000375
PC000884;48;Ensemble;2073,93;[2071.22, 2070.13, 2069.99, 2069.97, 2069.97, 2069.96];-0,1;ok;"{""ARIMA"": 100511.88942663466, ""ExponentialSmoothing"": 113701.74693881208, ""SARIMAX"": 126998.41845589585, ""Holt"": 117027.93311540352, ""Prophet"": 118147.51513594318, ""Ensemble"": 92601.1125234841, ""SARIMAX (c/ sazonalidade+promo\u00e7\u00e3o)"": 126246.92631716945}";PC000884
PC000240;48;Ensemble;1962,67;[1801.09, 1839.78, 2090.03, 2274.35, 1903.83, 1890.2];-8,2;ok;"{""ARIMA"": 48476.91170355341, ""ExponentialSmoothing"": 36205.55868897989, ""SARIMAX"": 64207.53806200647, ""Holt"": 39620.297891388225, ""Prophet"": 39212.74517737241, ""Ensemble"": 31192.860925691668, ""SARIMAX (c/ sazonalidade+promo\u00e7\u00e3o)"": 72252.63333422101}";PC000240
PC000223;48;Ensemble;1808,71;[1952.16, 1952.16, 1952.16, 1952.16, 1952.16, 1952.16];7,9;ok;"{""ARIMA"": 84027.90420096862, ""ExponentialSmoothing"": 82533.10563046468, ""SARIMAX"": 79576.37490868349, ""Holt"": 78713.39148921419, ""Prophet"": 86364.12071174858, ""Ensemble"": 67867.00294514144, ""SARIMAX (c/ sazonalidade+promo\u00e7\u00e3o)"": 107615.6952701893}";PC000223
PC000011;48;SARIMAX (c/ sazonalidade+promoção);1637,75;[1861.37, 1881.63, 2128.56, 2935.82, 1932.33, 2195.02];13,7;ok;"{""ARIMA"": 46470.2962665976, ""ExponentialSmoothing"": 27149.7429313117, ""SARIMAX"": 23252.162094312956, ""Holt"": 65873.10758856492, ""Prophet"": 21662.814923730184, ""Ensemble"": 21140.55385426119, ""SARIMAX (c/ sazonalidade+promo\u00e7\u00e3o)"": 20701.72677915373}";PC000011
PC000286;48;ExponentialSmoothing;1669,0;[1589.39, 1586.02, 2102.61, 2726.0, 1886.23, 1989.66];-4,8;ok;"{""ARIMA"": 41090.436460929086, ""ExponentialSmoothing"": 35129.94218996696, ""SARIMAX"": 40158.041113393476, ""Holt"": 123679.1025040662, ""Prophet"": 38068.94313499639, ""Ensemble"": 36446.169891892954, ""SARIMAX (c/ sazonalidade+promo\u00e7\u00e3o)"": 120596.71053787194}";PC000286
PC000868;48;ARIMA;1536,03;[1774.39, 1831.02, 1844.48, 1847.67, 1848.43, 1848.61];15,5;ok;"{""ARIMA"": 49040.353265771526, ""ExponentialSmoothing"": 63238.96363061465, ""SARIMAX"": 67349.24325864948, ""Holt"": 50534.94335676293, ""Prophet"": 55566.24159551631, ""Ensemble"": 50060.11849369613, ""SARIMAX (c/ sazonalidade+promo\u00e7\u00e3o)"": 72890.64566631518}";PC000868
PC000238;48;Ensemble;1552,09;[1553.29, 1772.58, 1956.8, 2042.78, 1772.12, 1805.03];0,1;ok;"{""ARIMA"": 32114.545817378064, ""ExponentialSmoothing"": 35735.57024775623, ""SARIMAX"": 38628.8243410537, ""Holt"": 32133.22201138735, ""Prophet"": 27930.290811750867, ""Ensemble"": 27166.73435011591, ""SARIMAX (c/ sazonalidade+promo\u00e7\u00e3o)"": 44236.39765401127}";PC000238
PC000172;48;ARIMA;1915,1;[1847.71, 1842.64, 1842.26, 1842.23, 1842.23, 1842.23];-3,5;ok;"{""ARIMA"": 6880.41610818257, ""ExponentialSmoothing"": 43190.757947805825, ""SARIMAX"": 53210.5520694367, ""Holt"": 34445.778827208946, ""Prophet"": 47404.51864529031, ""SARIMAX (c/ sazonalidade+promo\u00e7\u00e3o)"": 57929.66677908021}";PC000172
PC000601;48;SARIMAX (c/ sazonalidade+promoção);1753,2;[1709.47, 1822.17, 2293.98, 2776.19, 1905.51, 2076.52];-2,5;ok;"{""ARIMA"": 39420.221536564866, ""ExponentialSmoothing"": 53024.98325277541, ""SARIMAX"": 42127.29172681723, ""Holt"": 25490.475526099657, ""Prophet"": 38226.350374551745, ""SARIMAX (c/ sazonalidade+promo\u00e7\u00e3o)"": 17207.370592996765}";PC000601
PC000457;48;ARIMA;1850,09;[1810.29, 1799.58, 1796.71, 1795.93, 1795.72, 1795.67];-2,2;ok;"{""ARIMA"": 3530.203241172503, ""ExponentialSmoothing"": 32118.924204928684, ""SARIMAX"": 27691.125527990764, ""Holt"": 14435.452044323307, ""Prophet"": 34879.325616160466, ""SARIMAX (c/ sazonalidade+promo\u00e7\u00e3o)"": 29060.123785881544}";PC000457
PC000348;48;ARIMA;1389,87;[1697.24, 1752.83, 1762.88, 1764.7, 1765.03, 1765.08];22,1;ok;"{""ARIMA"": 45181.88309794222, ""ExponentialSmoothing"": 61220.99217947838, ""SARIMAX"": 65212.266914814594, ""Holt"": 46045.45873778651, ""Prophet"": 82885.7875132952, ""SARIMAX (c/ sazonalidade+promo\u00e7\u00e3o)"": 74187.28062473114}";PC000348
PC000614;48;SARIMAX;1440,9;[1843.75, 1782.86, 2382.31, 3105.17, 1596.05, 1958.98];28,0;ok;"{""ARIMA"": 73304.45780737321, ""ExponentialSmoothing"": 62506.94961943491, ""SARIMAX"": 50524.916213285636, ""Holt"": 167190.54715465443, ""Prophet"": 77116.38972515095, ""SARIMAX (c/ sazonalidade+promo\u00e7\u00e3o)"": 55048.6874381155}";PC000614
PC000388;48;Ensemble;1672,23;[1723.76, 1723.76, 1723.76, 1723.76, 1723.76, 1723.76];3,1;ok;"{""ARIMA"": 60017.24837650783, ""ExponentialSmoothing"": 56857.468112892595, ""SARIMAX"": 62967.96799273323, ""Holt"": 55276.38643801003, ""Prophet"": 57373.462260299064, ""Ensemble"": 43408.25007008363, ""SARIMAX (c/ sazonalidade+promo\u00e7\u00e3o)"": 75481.04678638153}";PC000388
PC000450;48;ARIMA;1829,9;[1746.76, 1726.24, 1721.17, 1719.92, 1719.62, 1719.54];-4,5;ok;"{""ARIMA"": 30436.433230794428, ""ExponentialSmoothing"": 67363.12982386613, ""SARIMAX"": 63601.3718029318, ""Holt"": 37314.282692190136, ""Prophet"": 43695.36217711304, ""SARIMAX (c/ sazonalidade+promo\u00e7\u00e3o)"": 86011.30807815316}";PC000450
PC000260;48;Holt;1829,1;[1858.69, 1865.98, 1873.23, 1880.45, 1887.63, 1894.78];1,6;ok;"{""ARIMA"": 69131.69229034048, ""ExponentialSmoothing"": 64130.82649508645, ""SARIMAX"": 82151.76374815097, ""Holt"": 26166.47072880522, ""Prophet"": 70034.78338814595, ""SARIMAX (c/ sazonalidade+promo\u00e7\u00e3o)"": 97894.63495706185}";PC000260
PC000437;48;Prophet;1823,31;[1531.53, 1598.22, 2189.73, 2796.45, 1798.31, 1810.58];-16,0;ok;"{""ARIMA"": 55519.36988675615, ""ExponentialSmoothing"": 41170.552853018606, ""SARIMAX"": 54921.22342477354, ""Holt"": 48530.844499380975, ""Prophet"": 31516.81810922442, ""SARIMAX (c/ sazonalidade+promo\u00e7\u00e3o)"": 99904.68013960909}";PC000437
PC000731;48;Prophet;1600,75;[1527.97, 1707.97, 2219.25, 2503.32, 1759.23, 1844.57];-4,5;ok;"{""ARIMA"": 95192.31310072799, ""ExponentialSmoothing"": 92112.61292933703, ""SARIMAX"": 100292.79109542893, ""Holt"": 108135.69017227458, ""Prophet"": 80435.44781007596, ""Ensemble"": 87443.91987483582, ""SARIMAX (c/ sazonalidade+promo\u00e7\u00e3o)"": 105999.28236619488}";PC000731
PC000607;48;ARIMA;1672,2;[1673.2, 1673.55, 1673.66, 1673.71, 1673.72, 1673.72];0,1;ok;"{""ARIMA"": 10589.586600043831, ""ExponentialSmoothing"": 19860.5271928482, ""SARIMAX"": 23154.404181061054, ""Holt"": 58635.378025841026, ""Prophet"": 29897.051433033037, ""SARIMAX (c/ sazonalidade+promo\u00e7\u00e3o)"": 18081.849199086722}";PC000607
PC000593;48;SARIMAX (c/ sazonalidade+promoção);1391,72;[1460.12, 1409.54, 1961.53, 2158.03, 1606.44, 1618.59];4,9;ok;"{""ARIMA"": 44487.71753990376, ""ExponentialSmoothing"": 39940.66203568491, ""SARIMAX"": 25282.80242470404, ""Holt"": 80946.12068354266, ""Prophet"": 53512.55899982897, ""SARIMAX (c/ sazonalidade+promo\u00e7\u00e3o)"": 19810.595790866035}";PC000593
PC000030;48;ARIMA;1406,33;[1542.24, 1583.91, 1596.69, 1600.61, 1601.81, 1602.17];9,7;ok;"{""ARIMA"": 88086.58216751792, ""ExponentialSmoothing"": 157897.8007322462, ""SARIMAX"": 290642.31168114796, ""Holt"": 170745.43511958918, ""Prophet"": 157931.40517824818, ""SARIMAX (c/ sazonalidade+promo\u00e7\u00e3o)"": 399481.82038574124}";PC000030
PC000112;48;ExponentialSmoothing;1273,15;[1292.6, 1336.33, 1879.95, 2105.71, 1559.37, 1558.0];1,5;ok;"{""ARIMA"": 23726.050842134293, ""ExponentialSmoothing"": 7632.200069015908, ""SARIMAX"": 14172.349876833288, ""Holt"": 50848.65814128434, ""Prophet"": 11000.764323900281, ""SARIMAX (c/ sazonalidade+promo\u00e7\u00e3o)"": 10781.91752905134}";PC000112
PC000765;48;ExponentialSmoothing;1076,94;[1104.45, 1171.96, 1643.32, 2081.03, 1307.18, 1475.64];2,6;ok;"{""ARIMA"": 51292.872935784515, ""ExponentialSmoothing"": 17948.01536908984, ""SARIMAX"": 43986.48982837683, ""Holt"": 77423.17026819417, ""Prophet"": 23365.63201713722, ""SARIMAX (c/ sazonalidade+promo\u00e7\u00e3o)"": 32349.71457161088}";PC000765
PC000263;48;SARIMAX (c/ sazonalidade+promoção);1302,28;[1296.67, 1268.12, 1770.58, 2010.04, 1585.82, 1550.92];-0,4;ok;"{""ARIMA"": 15858.632109271557, ""ExponentialSmoothing"": 10091.915759822425, ""SARIMAX"": 34660.963096531195, ""Holt"": 35004.68294920703, ""Prophet"": 13496.052644316136, ""SARIMAX (c/ sazonalidade+promo\u00e7\u00e3o)"": 9995.2885251994}";PC000263
PC000370;48;ExponentialSmoothing;1062,96;[1222.12, 1222.2, 1647.42, 1966.35, 1222.29, 1434.9];15,0;ok;"{""ARIMA"": 46208.72645502358, ""ExponentialSmoothing"": 40174.343094728356, ""SARIMAX"": 60620.417671233045, ""Holt"": 94703.70339163505, ""Prophet"": 53209.00842651902, ""SARIMAX (c/ sazonalidade+promo\u00e7\u00e3o)"": 61410.43230834213}";PC000370
PC000292;48;ARIMA;1172,79;[1342.96, 1370.88, 1375.46, 1376.21, 1376.33, 1376.35];14,5;ok;"{""ARIMA"": 24090.54181864965, ""ExponentialSmoothing"": 42007.11483706727, ""SARIMAX"": 32888.093455527305, ""Holt"": 29650.65994071461, ""Prophet"": 38751.53482665645, ""SARIMAX (c/ sazonalidade+promo\u00e7\u00e3o)"": 38079.55136360446}";PC000292
PC000727;48;ARIMA;1083,85;[1304.24, 1351.48, 1361.6, 1363.77, 1364.24, 1364.34];20,3;ok;"{""ARIMA"": 41093.76528253474, ""ExponentialSmoothing"": 66751.8165645057, ""SARIMAX"": 93378.7840267843, ""Holt"": 92735.80942579552, ""Prophet"": 81475.2176939976, ""SARIMAX (c/ sazonalidade+promo\u00e7\u00e3o)"": 70357.49670657632}";PC000727
PC000371;48;ARIMA;1417,71;[1346.04, 1341.4, 1341.1, 1341.08, 1341.08, 1341.08];-5,1;ok;"{""ARIMA"": 71870.57676080648, ""ExponentialSmoothing"": 130200.46384984988, ""SARIMAX"": 245898.1785004367, ""Holt"": 87330.36267184556, ""Prophet"": 140527.5098666479, ""SARIMAX (c/ sazonalidade+promo\u00e7\u00e3o)"": 275287.6777990217}";PC000371
PC000588;48;ExponentialSmoothing;1054,14;[1227.46, 1224.46, 1660.31, 2098.29, 1215.9, 1387.69];16,4;ok;"{""ARIMA"": 33557.16361434589, ""ExponentialSmoothing"": 21018.382635459697, ""SARIMAX"": 72260.17420665531, ""Holt"": 72999.64663126979, ""Prophet"": 25291.140861032607, ""SARIMAX (c/ sazonalidade+promo\u00e7\u00e3o)"": 74986.86932175561}";PC000588
PC000722;48;SARIMAX (c/ sazonalidade+promoção);1134,03;[908.73, 1013.27, 1733.59, 1647.97, 1170.63, 1327.82];-19,9;ok;"{""ARIMA"": 17524.022488664294, ""ExponentialSmoothing"": 22499.64889339497, ""SARIMAX"": 27704.616254471795, ""Holt"": 39045.86672162562, ""Prophet"": 26960.40804749569, ""SARIMAX (c/ sazonalidade+promo\u00e7\u00e3o)"": 15980.99561677448}";PC000722
PC000920;48;Ensemble;1050,84;[1227.82, 1196.8, 1522.96, 1787.93, 1279.11, 1423.98];16,8;ok;"{""ARIMA"": 31688.656782039823, ""ExponentialSmoothing"": 25080.464238808363, ""SARIMAX"": 38071.8212101036, ""Holt"": 55024.693078043114, ""Prophet"": 26931.840708561915, ""Ensemble"": 24889.891200045065, ""SARIMAX (c/ sazonalidade+promo\u00e7\u00e3o)"": 30597.025134518448}";PC000920
PC000494;48;ExponentialSmoothing;1065,81;[1087.93, 1038.11, 1568.78, 1894.6, 1267.01, 1359.66];2,1;ok;"{""ARIMA"": 30374.905433181684, ""ExponentialSmoothing"": 23814.76927170934, ""SARIMAX"": 26578.398820710325, ""Holt"": 69722.05947462814, ""Prophet"": 24371.143177423135, ""Ensemble"": 24474.116857212914, ""SARIMAX (c/ sazonalidade+promo\u00e7\u00e3o)"": 34593.870847884085}";PC000494
PC000547;48;SARIMAX (c/ sazonalidade+promoção);1187,79;[1187.77, 1187.79, 1781.66, 1781.68, 1187.78, 1187.79];-0,0;ok;"{""ARIMA"": 5590.3737098165175, ""ExponentialSmoothing"": 2476.727833739243, ""SARIMAX"": 3575.781657922116, ""Holt"": 13507.509259565455, ""Prophet"": 1987.138957614353, ""SARIMAX (c/ sazonalidade+promo\u00e7\u00e3o)"": 2.2295944645725155e-07}";PC000547
PC000408;48;SARIMAX (c/ sazonalidade+promoção);1168,32;[1151.43, 1152.06, 1033.14, 1736.17, 1152.04, 1152.03];-1,4;ok;"{""ARIMA"": 7391.311191258671, ""ExponentialSmoothing"": 1516.5691380431226, ""SARIMAX"": 1506.9892606543162, ""Holt"": 8726.425923281662, ""Prophet"": 1899.0949304694593, ""Ensemble"": 1616.942256371244, ""SARIMAX (c/ sazonalidade+promo\u00e7\u00e3o)"": 418.33443855429454}";PC000408
PC000562;48;Prophet;962,39;[1109.09, 1222.96, 1545.78, 1965.75, 1194.8, 1156.23];15,2;ok;"{""ARIMA"": 19898.994233441186, ""ExponentialSmoothing"": 7055.088751139171, ""SARIMAX"": 37049.377169607986, ""Holt"": 23589.88907485235, ""Prophet"": 6729.859220515009, ""SARIMAX (c/ sazonalidade+promo\u00e7\u00e3o)"": 38656.14941660303}";PC000562
PC000690;48;SARIMAX (c/ sazonalidade+promoção);1126,25;[1156.67, 1156.88, 1865.68, 1837.73, 1153.58, 1156.27];2,7;ok;"{""ARIMA"": 10099.437466318594, ""ExponentialSmoothing"": 3836.516444186675, ""SARIMAX"": 837.6514784846686, ""Holt"": 24471.872452831038, ""Prophet"": 6297.581756417952, ""SARIMAX (c/ sazonalidade+promo\u00e7\u00e3o)"": 648.7743193004789}";PC000690
PC000100;48;ARIMA;1043,08;[1112.46, 1127.43, 1130.66, 1131.35, 1131.5, 1131.54];6,7;ok;"{""ARIMA"": 19866.724710866856, ""ExponentialSmoothing"": 32147.919285383672, ""SARIMAX"": 29369.97202049296, ""Holt"": 41825.92890394397, ""Prophet"": 30274.250013133063, ""SARIMAX (c/ sazonalidade+promo\u00e7\u00e3o)"": 46597.097006286}";PC000100
PC000791;48;ARIMA;1032,08;[1095.15, 1114.76, 1120.85, 1122.75, 1123.33, 1123.52];6,1;ok;"{""ARIMA"": 11583.778370050559, ""ExponentialSmoothing"": 18051.770418172222, ""SARIMAX"": 13191.619607152234, ""Holt"": 24254.4836674133, ""Prophet"": 20215.594915447065, ""SARIMAX (c/ sazonalidade+promo\u00e7\u00e3o)"": 11637.724001415843}";PC000791
PC000014;48;Holt;1148,19;[1120.26, 1120.25, 1120.25, 1120.25, 1120.25, 1120.25];-2,4;ok;"{""ARIMA"": 16462.25166995326, ""ExponentialSmoothing"": 15789.804236306873, ""SARIMAX"": 31989.166291401136, ""Holt"": 11810.88146464168, ""Prophet"": 19712.142798948917, ""SARIMAX (c/ sazonalidade+promo\u00e7\u00e3o)"": 12515.267050753066}";PC000014
PC000431;48;SARIMAX;951,49;[971.72, 1263.43, 1290.49, 1875.8, 974.31, 977.14];2,1;ok;"{""ARIMA"": 19696.139745426754, ""ExponentialSmoothing"": 31467.55271139489, ""SARIMAX"": 16081.367519177149, ""Holt"": 33893.12851929115, ""Prophet"": 36920.220001223184, ""SARIMAX (c/ sazonalidade+promo\u00e7\u00e3o)"": 16597.001377897574}";PC000431
PC000067;48;ARIMA;976,73;[1042.24, 1061.74, 1067.55, 1069.27, 1069.79, 1069.94];6,7;ok;"{""ARIMA"": 11716.008193467851, ""ExponentialSmoothing"": 16219.601652262705, ""SARIMAX"": 41131.461275757145, ""Holt"": 49472.03690650064, ""Prophet"": 21967.437442424398, ""SARIMAX (c/ sazonalidade+promo\u00e7\u00e3o)"": 44613.63850318849}";PC000067
PC000975;48;Ensemble;1163,09;[1029.86, 1014.03, 1093.2, 1226.5, 1057.11, 1088.6];-11,5;ok;"{""ARIMA"": 12716.556944795419, ""ExponentialSmoothing"": 15921.74730444214, ""SARIMAX"": 19781.01895429596, ""Holt"": 25843.571509673788, ""Prophet"": 14958.911391605572, ""Ensemble"": 11725.760693122234, ""SARIMAX (c/ sazonalidade+promo\u00e7\u00e3o)"": 18014.62537192362}";PC000975
PC000704;48;ARIMA;1122,68;[1049.84, 1021.17, 1009.89, 1005.45, 1003.7, 1003.01];-6,5;ok;"{""ARIMA"": 20657.75375902696, ""ExponentialSmoothing"": 29777.077587726137, ""SARIMAX"": 29517.96190980395, ""Holt"": 32220.14149455122, ""Prophet"": 29805.833662981673, ""SARIMAX (c/ sazonalidade+promo\u00e7\u00e3o)"": 35164.90115903239}";PC000704
PC000401;48;ARIMA;781,91;[883.4, 921.09, 935.09, 940.29, 942.22, 942.93];13,0;ok;"{""ARIMA"": 11349.066646335015, ""ExponentialSmoothing"": 17406.874339101523, ""SARIMAX"": 23863.962823736492, ""Holt"": 26774.34830034559, ""Prophet"": 26775.265104500166, ""SARIMAX (c/ sazonalidade+promo\u00e7\u00e3o)"": 14972.400085432513}";PC000401
PC000604;48;ExponentialSmoothing;726,49;[779.53, 954.7, 1132.29, 1430.4, 944.25, 940.72];7,3;ok;"{""ARIMA"": 16085.208968333289, ""ExponentialSmoothing"": 10250.16309448408, ""SARIMAX"": 13249.363419901272, ""Holt"": 41171.564038435834, ""Prophet"": 18106.287521081347, ""SARIMAX (c/ sazonalidade+promo\u00e7\u00e3o)"": 13676.891866471293}";PC000604
PC000133;48;ARIMA;683,4;[855.13, 888.57, 895.08, 896.35, 896.6, 896.65];25,1;ok;"{""ARIMA"": 29177.6356247549, ""ExponentialSmoothing"": 35278.68188129275, ""SARIMAX"": 40504.21491587101, ""Holt"": 42601.24863981901, ""Prophet"": 35324.400226728896, ""Ensemble"": 32173.263221994304, ""SARIMAX (c/ sazonalidade+promo\u00e7\u00e3o)"": 38730.15270845047}";PC000133
PC000319;48;ARIMA;778,69;[870.39, 889.36, 893.29, 894.1, 894.27, 894.3];11,8;ok;"{""ARIMA"": 4892.38146845437, ""ExponentialSmoothing"": 5733.565101957713, ""SARIMAX"": 10621.587103183476, ""Holt"": 10158.80518172079, ""Prophet"": 6639.595640549538, ""SARIMAX (c/ sazonalidade+promo\u00e7\u00e3o)"": 12908.143683895325}";PC000319
PC000487;48;Ensemble;763,88;[826.24, 826.24, 826.25, 826.25, 826.25, 826.25];8,2;ok;"{""ARIMA"": 15602.897928872031, ""ExponentialSmoothing"": 18779.043083469234, ""SARIMAX"": 34803.278837080004, ""Holt"": 14442.054736670916, ""Prophet"": 15798.65076425054, ""Ensemble"": 13503.2539204462, ""SARIMAX (c/ sazonalidade+promo\u00e7\u00e3o)"": 29746.710883777356}";PC000487
PC000129;48;ARIMA;817,6;[807.99, 804.73, 803.62, 803.25, 803.12, 803.08];-1,2;ok;"{""ARIMA"": 203.32123801998634, ""ExponentialSmoothing"": 5396.322194951955, ""SARIMAX"": 5062.019970472993, ""Holt"": 6895.446067897509, ""Prophet"": 4847.803955144499, ""SARIMAX (c/ sazonalidade+promo\u00e7\u00e3o)"": 7731.814581456386}";PC000129
PC000191;48;SARIMAX;796,89;[653.74, 670.8, 967.32, 1255.21, 768.05, 851.84];-18,0;ok;"{""ARIMA"": 4477.064866218106, ""ExponentialSmoothing"": 4517.712792600639, ""SARIMAX"": 3155.648489223188, ""Holt"": 4815.682957686412, ""Prophet"": 5824.021473598611, ""SARIMAX (c/ sazonalidade+promo\u00e7\u00e3o)"": 3265.655077674339}";PC000191
PC000589;48;SARIMAX (c/ sazonalidade+promoção);586,67;[794.19, 613.29, 935.09, 1199.85, 891.94, 891.83];35,4;ok;"{""ARIMA"": 22717.09982903687, ""ExponentialSmoothing"": 16389.937707415247, ""SARIMAX"": 16823.019467487855, ""Holt"": 35239.63133843476, ""Prophet"": 16236.25253569952, ""Ensemble"": 15948.436730345331, ""SARIMAX (c/ sazonalidade+promo\u00e7\u00e3o)"": 14514.05455342441}";PC000589
PC000677;48;ExponentialSmoothing;733,72;[620.46, 640.54, 925.19, 1108.28, 781.71, 781.2];-15,4;ok;"{""ARIMA"": 4128.819890068061, ""ExponentialSmoothing"": 2610.271860481504, ""SARIMAX"": 9392.438346498819, ""Holt"": 17700.119334083396, ""Prophet"": 2996.4466227453813, ""SARIMAX (c/ sazonalidade+promo\u00e7\u00e3o)"": 9827.911825183472}";PC000677
PC000998;48;ARIMA;696,79;[716.02, 721.82, 723.56, 724.09, 724.25, 724.29];2,8;ok;"{""ARIMA"": 4324.2617652665085, ""ExponentialSmoothing"": 4895.497603419554, ""SARIMAX"": 7241.1659106222205, ""Holt"": 7082.99862264698, ""Prophet"": 5918.847281757105, ""SARIMAX (c/ sazonalidade+promo\u00e7\u00e3o)"": 26765.61288964724}";PC000998
PC000605;48;Holt;666,98;[730.68, 730.68, 730.68, 730.68, 730.68, 730.68];9,6;ok;"{""ARIMA"": 2690.939096719458, ""ExponentialSmoothing"": 6656.946208063404, ""SARIMAX"": 10655.591240581418, ""Holt"": 2263.4290904252452, ""Prophet"": 4873.858054069017, ""SARIMAX (c/ sazonalidade+promo\u00e7\u00e3o)"": 8820.473457466878}";PC000605
PC000058;48;SARIMAX (c/ sazonalidade+promoção);669,69;[461.21, 658.54, 847.31, 991.49, 652.78, 655.77];-31,1;ok;"{""ARIMA"": 936.8334366953059, ""ExponentialSmoothing"": 213.3361640093141, ""SARIMAX"": 2175.1126621117714, ""Holt"": 1022.6388482625108, ""Prophet"": 240.34116039861166, ""SARIMAX (c/ sazonalidade+promo\u00e7\u00e3o)"": 24.247005895815203}";PC000058
PC000540;48;Ensemble;791,98;[695.21, 645.92, 776.17, 863.43, 774.05, 771.43];-12,2;ok;"{""ARIMA"": 21542.666897308205, ""ExponentialSmoothing"": 21521.131761685636, ""SARIMAX"": 24223.28456133747, ""Holt"": 30343.8397010312, ""Prophet"": 30228.472888006963, ""Ensemble"": 16669.375563115656, ""SARIMAX (c/ sazonalidade+promo\u00e7\u00e3o)"": 32651.028134694952}";PC000540
PC000669;48;ARIMA;522,33;[642.98, 668.44, 673.8, 674.94, 675.18, 675.23];23,1;ok;"{""ARIMA"": 9975.63739831198, ""ExponentialSmoothing"": 13978.82603050901, ""SARIMAX"": 13887.198116457055, ""Holt"": 18303.174823686528, ""Prophet"": 14873.926856919583, ""SARIMAX (c/ sazonalidade+promo\u00e7\u00e3o)"": 15828.304756779542}";PC000669
PC000776;48;Prophet;511,94;[611.96, 561.47, 837.92, 981.53, 765.4, 778.29];19,5;ok;"{""ARIMA"": 16751.899284613537, ""ExponentialSmoothing"": 11806.412050823763, ""SARIMAX"": 11836.859615756095, ""Holt"": 23626.128239209105, ""Prophet"": 5536.673712630361, ""SARIMAX (c/ sazonalidade+promo\u00e7\u00e3o)"": 21444.528842428565}";PC000776
PC000381;48;Ensemble;600,97;[602.49, 606.75, 677.55, 727.36, 635.42, 626.52];0,3;ok;"{""ARIMA"": 3698.33524953756, ""ExponentialSmoothing"": 4268.830206570925, ""SARIMAX"": 3578.114796114151, ""Holt"": 3212.875359626807, ""Prophet"": 3028.9590780819603, ""Ensemble"": 2197.5850941316694, ""SARIMAX (c/ sazonalidade+promo\u00e7\u00e3o)"": 9477.983289670668}";PC000381
PC000298;48;ARIMA;559,93;[597.66, 607.43, 609.96, 610.61, 610.78, 610.82];6,7;ok;"{""ARIMA"": 2119.8569359170665, ""ExponentialSmoothing"": 3777.1738841629663, ""SARIMAX"": 4479.58291560379, ""Holt"": 7807.40038548726, ""Prophet"": 5309.916451991824, ""SARIMAX (c/ sazonalidade+promo\u00e7\u00e3o)"": 4718.068126944686}";PC000298
PC000645;48;ARIMA;560,28;[595.59, 605.93, 608.95, 609.84, 610.1, 610.17];6,3;ok;"{""ARIMA"": 3809.0581226794898, ""ExponentialSmoothing"": 7169.767908886315, ""SARIMAX"": 9645.147611283342, ""Holt"": 5524.6078845015045, ""Prophet"": 6822.831006032874, ""SARIMAX (c/ sazonalidade+promo\u00e7\u00e3o)"": 14548.785672762764}";PC000645
PC000038;47;ARIMA;619,49;[619.49, 619.49, 619.49, 619.49, 619.49, 619.49];0,0;ok;"{""ARIMA"": 0.0, ""ExponentialSmoothing"": 8.616464714094038e-27, ""SARIMAX"": 0.0, ""Holt"": 0.0, ""Prophet"": 0.0, ""SARIMAX (c/ sazonalidade+promo\u00e7\u00e3o)"": 0.0}";PC000038
PC000033;48;Holt;696,35;[572.07, 572.07, 572.07, 572.07, 572.07, 572.07];-17,8;ok;"{""ARIMA"": 6194.51023122263, ""ExponentialSmoothing"": 9823.522405213065, ""SARIMAX"": 9873.009527647182, ""Holt"": 5146.752819109632, ""Prophet"": 11724.300323487938, ""SARIMAX (c/ sazonalidade+promo\u00e7\u00e3o)"": 9898.026601179952}";PC000033
PC000110;48;ARIMA;563,98;[584.49, 586.61, 586.83, 586.85, 586.86, 586.86];3,6;ok;"{""ARIMA"": 2754.706818985213, ""ExponentialSmoothing"": 5101.898464449367, ""SARIMAX"": 6427.6368259290675, ""Holt"": 5695.894434163231, ""Prophet"": 4300.4377847912, ""SARIMAX (c/ sazonalidade+promo\u00e7\u00e3o)"": 8349.536132907679}";PC000110
PC000032;48;ExponentialSmoothing;369,91;[450.81, 450.37, 819.85, 1004.36, 726.6, 726.23];21,9;ok;"{""ARIMA"": 29182.121236239927, ""ExponentialSmoothing"": 10016.004192774664, ""SARIMAX"": 42364.4033673165, ""Holt"": 31864.68661312983, ""Prophet"": 13632.782173240756, ""SARIMAX (c/ sazonalidade+promo\u00e7\u00e3o)"": 21886.07000562699}";PC000032
PC000073;48;SARIMAX (c/ sazonalidade+promoção);416,05;[492.6, 547.01, 743.09, 891.57, 652.63, 529.61];18,4;ok;"{""ARIMA"": 4473.342096168075, ""ExponentialSmoothing"": 3631.1554238724116, ""SARIMAX"": 4088.1638431117494, ""Holt"": 10543.996704746125, ""Prophet"": 5272.030101623484, ""Ensemble"": 3792.0888303912348, ""SARIMAX (c/ sazonalidade+promo\u00e7\u00e3o)"": 3503.862221240445}";PC000073
PC000598;48;ExponentialSmoothing;426,05;[449.3, 434.12, 586.32, 753.73, 449.44, 525.56];5,5;ok;"{""ARIMA"": 3121.1236344235626, ""ExponentialSmoothing"": 1853.4746707149418, ""SARIMAX"": 2409.7722519170397, ""Holt"": 3706.3484440021307, ""Prophet"": 3194.582829571997, ""SARIMAX (c/ sazonalidade+promo\u00e7\u00e3o)"": 1867.7868004797263}";PC000598
PC000926;48;SARIMAX (c/ sazonalidade+promoção);403,91;[485.32, 417.18, 686.44, 687.68, 551.78, 551.78];20,2;ok;"{""ARIMA"": 4596.760153173441, ""ExponentialSmoothing"": 2046.893959515534, ""SARIMAX"": 1856.1693347031344, ""Holt"": 10693.196699863955, ""Prophet"": 2559.268753017152, ""SARIMAX (c/ sazonalidade+promo\u00e7\u00e3o)"": 1829.5337164749442}";PC000926
PC000867;48;Ensemble;389,75;[404.93, 419.71, 540.24, 603.21, 446.22, 479.29];3,9;ok;"{""ARIMA"": 2770.034415070437, ""ExponentialSmoothing"": 2627.9139017554144, ""SARIMAX"": 3838.466233891346, ""Holt"": 14415.459934231105, ""Prophet"": 2662.4653309764685, ""Ensemble"": 2594.3632380123813, ""SARIMAX (c/ sazonalidade+promo\u00e7\u00e3o)"": 4808.238423538279}";PC000867
PC000498;48;ExponentialSmoothing;377,11;[371.77, 372.39, 467.21, 750.52, 373.84, 468.5];-1,4;ok;"{""ARIMA"": 2821.6486155434927, ""ExponentialSmoothing"": 7.421516819228732, ""SARIMAX"": 1053.3257017509827, ""Holt"": 3827.40300218178, ""Prophet"": 80.75810474440125, ""SARIMAX (c/ sazonalidade+promo\u00e7\u00e3o)"": 604.4384598585489}";PC000498
PC000423;48;Prophet;393,92;[359.83, 384.93, 499.02, 697.32, 423.09, 414.62];-8,7;ok;"{""ARIMA"": 1807.170861678097, ""ExponentialSmoothing"": 1603.1386885709587, ""SARIMAX"": 4620.6630281197, ""Holt"": 1242.4576589059818, ""Prophet"": 1002.9222736612047, ""SARIMAX (c/ sazonalidade+promo\u00e7\u00e3o)"": 4548.9306839091105}";PC000423
PC000455;48;ExponentialSmoothing;384,06;[383.83, 366.37, 532.28, 610.42, 400.96, 444.61];-0,1;ok;"{""ARIMA"": 2001.8508690026836, ""ExponentialSmoothing"": 1483.733785301545, ""SARIMAX"": 1980.363273675793, ""Holt"": 3917.22853611527, ""Prophet"": 1508.467013790497, ""SARIMAX (c/ sazonalidade+promo\u00e7\u00e3o)"": 2305.284772277693}";PC000455
PC000599;48;Holt;356,84;[395.32, 395.59, 395.87, 396.14, 396.41, 396.68];10,8;ok;"{""ARIMA"": 1664.592772108466, ""ExponentialSmoothing"": 3143.8926853861394, ""SARIMAX"": 2853.542019961748, ""Holt"": 1635.461826227144, ""Prophet"": 2552.947392298302, ""SARIMAX (c/ sazonalidade+promo\u00e7\u00e3o)"": 5689.089235312495}";PC000599
PC000202;48;SARIMAX (c/ sazonalidade+promoção);274,31;[311.96, 282.77, 399.34, 444.54, 325.14, 309.29];13,7;ok;"{""ARIMA"": 1549.2165604923691, ""ExponentialSmoothing"": 1098.403566542567, ""SARIMAX"": 2764.0628517304044, ""Holt"": 2142.612933915958, ""Prophet"": 1166.4660324894114, ""SARIMAX (c/ sazonalidade+promo\u00e7\u00e3o)"": 1073.4856351266992}";PC000202
PC000182;48;SARIMAX (c/ sazonalidade+promoção);286,01;[302.33, 298.43, 525.24, 512.13, 299.43, 299.35];5,7;ok;"{""ARIMA"": 1094.6140043283501, ""ExponentialSmoothing"": 364.438299632922, ""SARIMAX"": 306.21978863771795, ""Holt"": 2050.3410608697222, ""Prophet"": 426.24446276865973, ""SARIMAX (c/ sazonalidade+promo\u00e7\u00e3o)"": 305.8629666364405}";PC000182
PC000101;48;SARIMAX;341,26;[263.85, 291.29, 430.16, 456.79, 315.89, 301.27];-22,7;ok;"{""ARIMA"": 2530.757119741445, ""ExponentialSmoothing"": 1363.3502923429169, ""SARIMAX"": 1053.847893653621, ""Holt"": 1858.2792535123965, ""Prophet"": 1418.1188775848702, ""SARIMAX (c/ sazonalidade+promo\u00e7\u00e3o)"": 1618.2311335180718}";PC000101
PC000301;48;ARIMA;253,0;[262.72, 264.84, 265.3, 265.4, 265.42, 265.43];3,8;ok;"{""ARIMA"": 269.6213712400933, ""ExponentialSmoothing"": 421.6479579094475, ""SARIMAX"": 474.0964640963145, ""Holt"": 786.5852527256566, ""Prophet"": 414.5907938034327, ""SARIMAX (c/ sazonalidade+promo\u00e7\u00e3o)"": 605.9212637701484}";PC000301
PC000622;48;Holt;147,62;[183.78, 183.72, 183.67, 183.63, 183.58, 183.54];24,5;ok;"{""ARIMA"": 598.2619537366381, ""ExponentialSmoothing"": 1238.7710743431721, ""SARIMAX"": 1221.033381048021, ""Holt"": 595.6627793286044, ""Prophet"": 1348.8081428977673, ""SARIMAX (c/ sazonalidade+promo\u00e7\u00e3o)"": 1262.431147639764}";PC000622
PC000284;48;Prophet;138,68;[150.86, 148.76, 216.74, 243.54, 157.88, 185.38];8,8;ok;"{""ARIMA"": 528.2872544776449, ""ExponentialSmoothing"": 337.0766556804145, ""SARIMAX"": 328.90836985195114, ""Holt"": 515.9044250959593, ""Prophet"": 261.22087068741416, ""Ensemble"": 272.30649071920993, ""SARIMAX (c/ sazonalidade+promo\u00e7\u00e3o)"": 388.4925339816104}";PC000284
PC000902;48;ARIMA;170,06;[163.82, 162.35, 162.0, 161.92, 161.9, 161.89];-3,7;ok;"{""ARIMA"": 285.8712653983458, ""ExponentialSmoothing"": 662.5199307344297, ""SARIMAX"": 575.6359165874725, ""Holt"": 330.8979387322748, ""Prophet"": 776.4701487886747, ""SARIMAX (c/ sazonalidade+promo\u00e7\u00e3o)"": 449.3404199450777}";PC000902
PC000050;48;Ensemble;120,0;[135.73, 136.52, 172.51, 220.94, 142.78, 144.61];13,1;ok;"{""ARIMA"": 323.54460036173447, ""ExponentialSmoothing"": 195.93411590503652, ""SARIMAX"": 180.3675650854033, ""Holt"": 327.82106769888463, ""Prophet"": 178.55216777638555, ""Ensemble"": 173.40875886724527, ""SARIMAX (c/ sazonalidade+promo\u00e7\u00e3o)"": 377.9785454345372}";PC000050
PC000795;48;ARIMA;147,71;[149.6, 150.16, 150.33, 150.38, 150.4, 150.4];1,3;ok;"{""ARIMA"": 284.5028996554533, ""ExponentialSmoothing"": 344.3760802058703, ""SARIMAX"": 405.8456900999813, ""Holt"": 734.7065588440796, ""Prophet"": 447.84561097673304, ""SARIMAX (c/ sazonalidade+promo\u00e7\u00e3o)"": 419.6271720542575}";PC000795
PC000651;48;ARIMA;140,08;[137.88, 136.86, 136.37, 136.15, 136.04, 135.99];-1,6;ok;"{""ARIMA"": 175.21457261314114, ""ExponentialSmoothing"": 443.1216838767682, ""SARIMAX"": 739.3211377243024, ""Holt"": 206.21311167032502, ""Prophet"": 408.54596221654606, ""SARIMAX (c/ sazonalidade+promo\u00e7\u00e3o)"": 500.9466655773181}";PC000651
PC000516;48;ARIMA;138,89;[136.26, 135.58, 135.41, 135.36, 135.35, 135.35];-1,9;ok;"{""ARIMA"": 173.49903230421197, ""ExponentialSmoothing"": 330.3444918225426, ""SARIMAX"": 356.3752521368802, ""Holt"": 496.9795092307677, ""Prophet"": 389.9085994744225, ""SARIMAX (c/ sazonalidade+promo\u00e7\u00e3o)"": 353.1184368231832}";PC000516
PC000629;48;SARIMAX (c/ sazonalidade+promoção);87,34;[103.91, 99.44, 188.5, 187.9, 133.38, 175.17];19,0;ok;"{""ARIMA"": 1616.4482651563314, ""ExponentialSmoothing"": 778.9593159186884, ""SARIMAX"": 947.2235105379618, ""Holt"": 1823.3648410994956, ""Prophet"": 1349.310502221639, ""SARIMAX (c/ sazonalidade+promo\u00e7\u00e3o)"": 161.4757118657625}";PC000629
PC000169;48;Prophet;98,96;[84.9, 93.45, 123.17, 167.53, 104.41, 107.14];-14,2;ok;"{""ARIMA"": 87.58000289157316, ""ExponentialSmoothing"": 138.97215600402765, ""SARIMAX"": 111.96104147777514, ""Holt"": 145.19319372180055, ""Prophet"": 67.66937658578506, ""SARIMAX (c/ sazonalidade+promo\u00e7\u00e3o)"": 148.74313439072543}";PC000169
