Produto;n_periodos;modelo_escolhido;ultimo_real;previsao;var_pct_proximo_mes;status;rank
PC000563;48;Prophet;47497,240000000005;[40781.49, 42565.64, 50141.03, 50490.71, 61948.64, 62397.59];-14,1;ok;"{""ARIMA"": 91419742.63093297, ""ExponentialSmoothing"": 53656661.23537464, ""SARIMAX"": 92477559.87856776, ""Holt"": 92510831.89268808, ""Prophet"": 44641593.96953682, ""Croston"": 123008095.66876481, ""TSB"": 123008095.66876481}"
PC000656;48;Prophet;28805,89;[38650.62, 40178.17, 49532.14, 50894.93, 62446.07, 65460.19];34,2;ok;"{""ARIMA"": 146901073.47467354, ""ExponentialSmoothing"": 102468409.52366282, ""SARIMAX"": 189612031.66069266, ""Holt"": 138808750.6608906, ""Prophet"": 66192167.69418481, ""Croston"": 144811762.88274172, ""TSB"": 144811762.88274172}"
PC000334;48;Holt;46811,99;[46615.01, 46615.12, 46615.21, 46615.28, 46615.33, 46615.38];-0,4;ok;"{""ARIMA"": 120316030.63838775, ""ExponentialSmoothing"": 142314840.16195834, ""SARIMAX"": 113616484.97125436, ""Holt"": 90479996.2797059, ""Prophet"": 147577027.81413367, ""Croston"": 114806087.92878173, ""TSB"": 114806087.92878173, ""Ensemble"": 90713133.43256277}"
PC000084;48;SARIMAX;46568,240000000005;[41062.88, 48804.29, 40199.67, 53146.53, 61836.3, 66235.83];-11,8;ok;"{""ARIMA"": 174513953.36303887, ""ExponentialSmoothing"": 42485814.54531985, ""SARIMAX"": 38285135.4208921, ""Holt"": 152288070.19970515, ""Prophet"": 84487654.27869593, ""Croston"": 56284454.513040476, ""TSB"": 56284454.513040476}"
PC000611;48;SARIMAX;38945,08;[42379.7, 42168.64, 47596.83, 51204.58, 49362.08, 65408.24];8,8;ok;"{""ARIMA"": 144908243.55142578, ""ExponentialSmoothing"": 83252683.65615298, ""SARIMAX"": 64678080.7923043, ""Holt"": 118596939.61194031, ""Prophet"": 88784193.32255392, ""Croston"": 100924813.77155562, ""TSB"": 100924813.77155562}"
PC000600;48;SARIMAX;31895,300000000003;[26210.06, 23196.51, 29448.01, 38209.19, 38579.86, 51055.99];-17,8;ok;"{""ARIMA"": 236599205.38347897, ""ExponentialSmoothing"": 42807450.891482085, ""SARIMAX"": 19944190.537912592, ""Holt"": 223926478.65950215, ""Prophet"": 52413408.16882106, ""Croston"": 56062082.14115801, ""TSB"": 56062082.14115801}"
PC000690;48;Ensemble;31657,23;[34146.87, 35249.23, 37182.39, 37697.18, 37605.6, 39296.98];7,9;ok;"{""ARIMA"": 31119531.773799226, ""ExponentialSmoothing"": 49903462.09172395, ""SARIMAX"": 17822929.27478772, ""Holt"": 27809080.736430418, ""Prophet"": 54793109.54763932, ""Croston"": 20389782.867386024, ""TSB"": 20389782.867386024, ""Ensemble"": 11835575.285877863}"
PC000425;48;SARIMAX;30918,38;[36200.26, 33884.29, 39857.69, 38645.61, 48080.25, 48928.34];17,1;ok;"{""ARIMA"": 142527288.89624795, ""ExponentialSmoothing"": 40271671.52275596, ""SARIMAX"": 19554647.709923, ""Holt"": 131881216.69057219, ""Prophet"": 21208744.23859682, ""Croston"": 107675047.57985151, ""TSB"": 107675047.57985151}"
PC000668;48;Prophet;22925,79;[25062.98, 22012.17, 24642.98, 36547.42, 43920.48, 33731.02];9,3;ok;"{""ARIMA"": 104123539.70117448, ""ExponentialSmoothing"": 56887509.2406252, ""SARIMAX"": 66850617.72878463, ""Holt"": 103188155.58821617, ""Prophet"": 31684196.211103458, ""Croston"": 73697242.87403946, ""TSB"": 73697242.87403946}"
PC000945;48;SARIMAX;30745,329999999998;[31104.09, 37418.07, 35623.75, 41641.27, 43870.99, 53464.28];1,2;ok;"{""ARIMA"": 121465335.72068147, ""ExponentialSmoothing"": 88061791.97335751, ""SARIMAX"": 49228448.31148213, ""Holt"": 88065550.83950764, ""Prophet"": 93767934.58003111, ""Croston"": 90674533.45901942, ""TSB"": 90674533.45901942}"
PC000547;48;SARIMAX;25171,43;[28383.85, 26585.76, 29793.24, 36401.72, 38903.33, 38202.35];12,8;ok;"{""ARIMA"": 44067305.301853925, ""ExponentialSmoothing"": 26211748.58374007, ""SARIMAX"": 10116365.420663845, ""Holt"": 43475756.48148703, ""Prophet"": 31311132.556104407, ""Croston"": 22290513.76474013, ""TSB"": 22290513.76474013}"
PC000410;48;Ensemble;29287,97;[28214.58, 31891.76, 30586.37, 32953.59, 36068.01, 34706.36];-3,7;ok;"{""ARIMA"": 52575571.612756096, ""ExponentialSmoothing"": 34842495.2947649, ""SARIMAX"": 51160370.53961141, ""Holt"": 52677692.85679712, ""Prophet"": 53933515.8012122, ""Croston"": 44928953.133886576, ""TSB"": 44928953.133886576, ""Ensemble"": 30015823.016412538}"
PC000755;48;Ensemble;34783,35;[33127.33, 33127.34, 33127.35, 33127.36, 33127.37, 33127.37];-4,8;ok;"{""ARIMA"": 19402558.347362597, ""ExponentialSmoothing"": 40960291.67009895, ""SARIMAX"": 34586083.88189814, ""Holt"": 19031133.154733893, ""Prophet"": 54642922.86552546, ""Croston"": 19185402.445070814, ""TSB"": 19185402.445070814, ""Ensemble"": 18967082.975507595}"
PC000295;48;Prophet;16852,190000000002;[20473.92, 24824.92, 21512.18, 29870.89, 27967.69, 38077.83];21,5;ok;"{""ARIMA"": 74248408.25691949, ""ExponentialSmoothing"": 37365504.48472815, ""SARIMAX"": 28767951.112719268, ""Holt"": 69151206.37391783, ""Prophet"": 28344115.342509046, ""Croston"": 37917402.81795464, ""TSB"": 37917402.81795464}"
PC000666;48;Prophet;26116,339999999997;[25307.45, 23472.18, 26817.62, 31963.72, 39199.33, 31515.05];-3,1;ok;"{""ARIMA"": 29195886.139997657, ""ExponentialSmoothing"": 22381780.509828478, ""SARIMAX"": 18495335.146902073, ""Holt"": 28827369.60015737, ""Prophet"": 16399966.726349607, ""Croston"": 40367702.00052685, ""TSB"": 40367702.00052685}"
PC000773;48;Ensemble;23178,89;[28525.09, 28002.64, 28447.37, 28068.8, 28391.06, 28116.73];23,1;ok;"{""ARIMA"": 29227922.068281572, ""ExponentialSmoothing"": 64704679.87446027, ""SARIMAX"": 82465359.33469103, ""Holt"": 29580790.90307812, ""Prophet"": 71070670.49585342, ""Croston"": 27394831.485262513, ""TSB"": 27394831.485262513, ""Ensemble"": 22015045.700323153}"
PC000007;48;Ensemble;23278,53;[25302.28, 25185.4, 26524.5, 27514.86, 29148.52, 28805.42];8,7;ok;"{""ARIMA"": 27215030.5292749, ""ExponentialSmoothing"": 18922012.87891027, ""SARIMAX"": 22868799.277456228, ""Holt"": 26814130.235389266, ""Prophet"": 22279589.64652899, ""Croston"": 20938434.4090265, ""TSB"": 20938434.4090265, ""Ensemble"": 9962005.130341334}"
PC000477;48;ExponentialSmoothing;23075,489999999998;[23605.71, 19699.68, 25346.34, 27017.87, 30390.98, 36274.9];2,3;ok;"{""ARIMA"": 38374500.12003687, ""ExponentialSmoothing"": 6292081.270160288, ""SARIMAX"": 8011259.350834012, ""Holt"": 72173555.09758686, ""Prophet"": 23816614.643425748, ""Croston"": 69265663.99308819, ""TSB"": 69265663.99308819}"
PC000255;48;Ensemble;29210,32;[25041.33, 25539.58, 28008.38, 27754.54, 30190.59, 29441.24];-14,3;ok;"{""ARIMA"": 24839741.877207685, ""ExponentialSmoothing"": 30425502.21562438, ""SARIMAX"": 22033793.521267597, ""Holt"": 23162555.921970647, ""Prophet"": 44212590.485650785, ""Croston"": 20568985.316315312, ""TSB"": 20568985.316315312, ""Ensemble"": 16903865.8798081}"
PC000587;48;Ensemble;21126,23;[24382.84, 24652.63, 25882.25, 26874.68, 28308.39, 28325.05];15,4;ok;"{""ARIMA"": 54036110.90867093, ""ExponentialSmoothing"": 15255360.733795173, ""SARIMAX"": 26857254.070963684, ""Holt"": 49879583.26001012, ""Prophet"": 20690370.270028543, ""Croston"": 14817834.970699986, ""TSB"": 14817834.970699986, ""Ensemble"": 9906738.577991987}"
PC000312;48;Prophet;17449,74;[21207.53, 23506.99, 21965.78, 30802.46, 27581.65, 31017.44];21,5;ok;"{""ARIMA"": 72523921.60555069, ""ExponentialSmoothing"": 23283090.25282083, ""SARIMAX"": 20526496.74091347, ""Holt"": 69593593.78721543, ""Prophet"": 18015874.10725909, ""Croston"": 76801527.00038551, ""TSB"": 76801527.00038551, ""Ensemble"": 18287491.9176887}"
PC000896;48;Prophet;21336,74;[20118.27, 22799.94, 25165.36, 28995.91, 26695.78, 32712.53];-5,7;ok;"{""ARIMA"": 63215265.79980731, ""ExponentialSmoothing"": 3548000.030090218, ""SARIMAX"": 7692795.918190158, ""Holt"": 51261210.201659106, ""Prophet"": 3255485.4108537063, ""Croston"": 30724051.371585447, ""TSB"": 30724051.371585447}"
PC000665;48;ExponentialSmoothing;20753,66;[18736.04, 18585.55, 23764.39, 26503.84, 29427.86, 26258.65];-9,7;ok;"{""ARIMA"": 35125704.809112005, ""ExponentialSmoothing"": 7050537.153759097, ""SARIMAX"": 16839324.900183793, ""Holt"": 32330297.776796747, ""Prophet"": 8497617.645400489, ""Croston"": 25971113.83284242, ""TSB"": 25971113.83284242}"
PC000357;48;ExponentialSmoothing;16951,88;[20430.66, 20168.35, 21649.32, 24085.22, 29138.04, 27689.92];20,5;ok;"{""ARIMA"": 66687179.52561349, ""ExponentialSmoothing"": 21622426.677245058, ""SARIMAX"": 31095808.23775552, ""Holt"": 69130197.42337142, ""Prophet"": 30661155.047271594, ""Croston"": 73801218.54120475, ""TSB"": 73801218.54120475}"
PC000343;48;SARIMAX;22451,97;[31293.86, 30019.69, 35987.07, 34975.34, 45632.8, 46852.39];39,4;ok;"{""ARIMA"": 167580590.48894247, ""ExponentialSmoothing"": 128909513.10638578, ""SARIMAX"": 84066338.20448999, ""Holt"": 165268792.2538749, ""Prophet"": 160842797.75185892, ""Croston"": 161082466.26921168, ""TSB"": 161082466.26921168}"
PC000355;48;Ensemble;21798,77;[24566.78, 21936.37, 24547.85, 26248.05, 27132.93, 32011.49];12,7;ok;"{""ARIMA"": 60419128.26854479, ""ExponentialSmoothing"": 43647832.48897054, ""SARIMAX"": 36608029.67775413, ""Holt"": 50941236.206406526, ""Prophet"": 31113674.10207145, ""Croston"": 37666313.45027008, ""TSB"": 37666313.45027008, ""Ensemble"": 30602170.57034795}"
PC000471;48;ARIMA;23749,96;[23740.05, 23733.22, 23728.53, 23725.3, 23723.08, 23721.55];-0,0;ok;"{""ARIMA"": 15117993.886414789, ""ExponentialSmoothing"": 24097267.171795234, ""SARIMAX"": 18885416.304641347, ""Holt"": 72180275.82621618, ""Prophet"": 24468209.065742508, ""Croston"": 31639095.961073577, ""TSB"": 31639095.961073577}"
PC000371;48;Croston;20832,85;[23175.32, 23175.32, 23175.32, 23175.32, 23175.32, 23175.32];11,2;ok;"{""ARIMA"": 7719437.27591901, ""ExponentialSmoothing"": 14067333.373304194, ""SARIMAX"": 7419457.048217417, ""Holt"": 6097050.134512671, ""Prophet"": 7991360.406410843, ""Croston"": 5706785.120008473, ""TSB"": 5706785.120008473, ""Ensemble"": 5754614.252538496}"
PC000335;48;Croston;21184,239999999998;[23593.58, 23593.58, 23593.58, 23593.58, 23593.58, 23593.58];11,4;ok;"{""ARIMA"": 28273046.9264334, ""ExponentialSmoothing"": 32357855.779022183, ""SARIMAX"": 22273215.34495568, ""Holt"": 28197004.418368008, ""Prophet"": 22991675.61120465, ""Croston"": 7664165.981980317, ""TSB"": 7664165.981980317}"
PC000673;48;Ensemble;21928,7;[23369.39, 23259.01, 23466.87, 24536.35, 25628.17, 25426.14];6,6;ok;"{""ARIMA"": 63970016.2910372, ""ExponentialSmoothing"": 42881764.65692668, ""SARIMAX"": 76010450.35726546, ""Holt"": 43187498.99827483, ""Prophet"": 38123276.14879959, ""Croston"": 32060345.030858163, ""TSB"": 32060345.030858163, ""Ensemble"": 29229237.337}"
PC000172;48;ExponentialSmoothing;19645,22;[16711.77, 21604.64, 25548.08, 23896.1, 30325.11, 32394.14];-14,9;ok;"{""ARIMA"": 65025749.291285716, ""ExponentialSmoothing"": 9199868.14940184, ""SARIMAX"": 14408487.108888261, ""Holt"": 46801617.84449271, ""Prophet"": 9682262.264439875, ""Croston"": 21756982.844885614, ""TSB"": 21756982.844885614}"
PC000729;48;SARIMAX;18485,55;[21979.93, 25574.88, 20932.76, 37158.14, 30657.12, 29648.49];18,9;ok;"{""ARIMA"": 25800866.477166813, ""ExponentialSmoothing"": 28569075.339909926, ""SARIMAX"": 14889786.802715307, ""Holt"": 25675820.990143716, ""Prophet"": 26409514.536412742, ""Croston"": 26892702.038943276, ""TSB"": 26892702.038943276}"
PC000100;48;Ensemble;24082,48;[20962.5, 21319.83, 21752.21, 24086.12, 25367.84, 25010.96];-13,0;ok;"{""ARIMA"": 16693108.489151567, ""ExponentialSmoothing"": 13994750.879485255, ""SARIMAX"": 41627122.19009964, ""Holt"": 16215323.554801553, ""Prophet"": 18847497.648507986, ""Croston"": 21479718.70989951, ""TSB"": 21479718.70989951, ""Ensemble"": 11828356.945030952}"
PC000354;48;Ensemble;16581,08;[21144.67, 23312.73, 21324.96, 26685.91, 27485.89, 27957.12];27,5;ok;"{""ARIMA"": 20948023.096473917, ""ExponentialSmoothing"": 8058360.676247574, ""SARIMAX"": 8348424.643785447, ""Holt"": 20980377.452036977, ""Prophet"": 6851574.227691487, ""Croston"": 24600020.209765743, ""TSB"": 24600020.209765743, ""Ensemble"": 6291668.083986501}"
PC000834;48;SARIMAX;22676,64;[23828.28, 25681.84, 28183.35, 31720.72, 34377.0, 32702.05];5,1;ok;"{""ARIMA"": 100003682.79767044, ""ExponentialSmoothing"": 112377865.50678128, ""SARIMAX"": 88049113.73302583, ""Holt"": 94667061.35764937, ""Prophet"": 121221284.82066213, ""Croston"": 178218441.16880724, ""TSB"": 178218441.16880724, ""Ensemble"": 91955509.00794345}"
PC000889;48;Prophet;14939,59;[19781.79, 20548.18, 23177.49, 27936.98, 25539.44, 25673.38];32,4;ok;"{""ARIMA"": 38246528.58626481, ""ExponentialSmoothing"": 24293700.10551161, ""SARIMAX"": 37840200.13526105, ""Holt"": 51900237.54011264, ""Prophet"": 18147072.984702226, ""Croston"": 44625668.22967979, ""TSB"": 44625668.22967979}"
PC000450;48;SARIMAX;18365,73;[19615.05, 18107.17, 23152.54, 25144.28, 27644.49, 30317.43];6,8;ok;"{""ARIMA"": 65705420.90168015, ""ExponentialSmoothing"": 9239356.831265941, ""SARIMAX"": 4604244.99680337, ""Holt"": 54267914.70262431, ""Prophet"": 16021788.13044518, ""Croston"": 27211206.606860507, ""TSB"": 27211206.606860507}"
PC000771;48;ExponentialSmoothing;19083,62;[18662.91, 15809.75, 20114.69, 23091.3, 24723.54, 25805.06];-2,2;ok;"{""ARIMA"": 67801141.00166774, ""ExponentialSmoothing"": 11215227.679231703, ""SARIMAX"": 34786001.631111525, ""Holt"": 52346384.99185293, ""Prophet"": 11238999.533351362, ""Croston"": 30230387.75851604, ""TSB"": 30230387.75851604}"
PC000005;48;SARIMAX;27293,23;[29326.18, 30543.94, 33468.08, 36655.66, 36548.46, 35419.29];7,4;ok;"{""ARIMA"": 47295588.39089811, ""ExponentialSmoothing"": 19999145.973463584, ""SARIMAX"": 17177544.00836379, ""Holt"": 24752318.209796224, ""Prophet"": 62400295.92939999, ""Croston"": 63825193.71245078, ""TSB"": 63825193.71245078}"
PC000408;48;Prophet;14844,81;[17921.81, 17641.84, 19869.35, 24517.22, 22982.46, 26642.67];20,7;ok;"{""ARIMA"": 32182898.268015277, ""ExponentialSmoothing"": 34532034.11646407, ""SARIMAX"": 29743196.683376145, ""Holt"": 58641604.266703606, ""Prophet"": 21816175.660933204, ""Croston"": 47656560.0003135, ""TSB"": 47656560.0003135}"
PC000860;48;Ensemble;17428,37;[18552.22, 18153.77, 19411.32, 22267.27, 24888.45, 26521.29];6,4;ok;"{""ARIMA"": 31372440.1509535, ""ExponentialSmoothing"": 7548819.346605524, ""SARIMAX"": 6196430.653975901, ""Holt"": 25098512.030432124, ""Prophet"": 6378186.646752998, ""Croston"": 11627069.60143848, ""TSB"": 11627069.60143848, ""Ensemble"": 4188195.4857955165}"
PC000457;48;ExponentialSmoothing;16512,18;[14947.13, 17390.49, 17745.66, 20782.04, 22023.7, 26362.6];-9,5;ok;"{""ARIMA"": 54565812.262862325, ""ExponentialSmoothing"": 5021494.038574946, ""SARIMAX"": 9302541.692684857, ""Holt"": 43434146.131869994, ""Prophet"": 8704532.404008243, ""Croston"": 25038377.46176526, ""TSB"": 25038377.46176526}"
PC000027;48;ExponentialSmoothing;11384,970000000001;[16565.62, 15482.72, 19350.62, 18363.38, 25025.95, 22934.83];45,5;ok;"{""ARIMA"": 37486511.682511516, ""ExponentialSmoothing"": 6044243.614587682, ""SARIMAX"": 11867694.076501185, ""Holt"": 37516723.04341651, ""Prophet"": 6507598.531827095, ""Croston"": 35901503.05706719, ""TSB"": 35901503.05706719}"
PC000210;48;Ensemble;14912,28;[18144.67, 17767.9, 18290.8, 18682.07, 21322.33, 21091.55];21,7;ok;"{""ARIMA"": 31625873.265711978, ""ExponentialSmoothing"": 23829195.82379594, ""SARIMAX"": 11789561.16610422, ""Holt"": 30857103.482228357, ""Prophet"": 26703678.500342246, ""Croston"": 15057378.509118048, ""TSB"": 15057378.509118048, ""Ensemble"": 9620318.725591816}"
PC000091;48;ExponentialSmoothing;11866,55;[16874.18, 15193.9, 17374.34, 15152.93, 23037.29, 24742.29];42,2;ok;"{""ARIMA"": 23220677.17372848, ""ExponentialSmoothing"": 7529150.542311761, ""SARIMAX"": 16539618.829404147, ""Holt"": 45311111.648274474, ""Prophet"": 8928544.459114568, ""Croston"": 25322669.80831189, ""TSB"": 25322669.80831189}"
PC000318;48;Prophet;11605,02;[10617.41, 15455.16, 15669.04, 15327.12, 16536.63, 24183.23];-8,5;ok;"{""ARIMA"": 59846756.12925467, ""ExponentialSmoothing"": 28455623.4591344, ""SARIMAX"": 60341009.59888188, ""Holt"": 61414601.603179246, ""Prophet"": 24457633.999265254, ""Croston"": 51317396.342590414, ""TSB"": 51317396.342590414}"
PC000245;48;Croston;17690,06;[19641.19, 19641.19, 19641.19, 19641.19, 19641.19, 19641.19];11,0;ok;"{""ARIMA"": 11403590.508442016, ""ExponentialSmoothing"": 18334090.84483988, ""SARIMAX"": 13517772.027839966, ""Holt"": 13081667.59008118, ""Prophet"": 22752307.16953422, ""Croston"": 5506350.9228139445, ""TSB"": 5506350.9228139445}"
PC000900;48;ExponentialSmoothing;12809,35;[14794.42, 15396.63, 19653.45, 18886.93, 20007.29, 22945.13];15,5;ok;"{""ARIMA"": 15610318.639173264, ""ExponentialSmoothing"": 11323204.378547879, ""SARIMAX"": 14834452.22917953, ""Holt"": 32718613.969485715, ""Prophet"": 14487870.711074552, ""Croston"": 17941386.45403178, ""TSB"": 17941386.45403178}"
PC000845;48;ExponentialSmoothing;15220,06;[14035.23, 14811.37, 16393.66, 20478.5, 21572.52, 21615.38];-7,8;ok;"{""ARIMA"": 25583175.58638956, ""ExponentialSmoothing"": 6646809.526854745, ""SARIMAX"": 18520224.078091018, ""Holt"": 20484289.288677838, ""Prophet"": 9453135.451914946, ""Croston"": 11557341.511330187, ""TSB"": 11557341.511330187}"
PC000903;48;ExponentialSmoothing;15823,949999999999;[13722.55, 15155.6, 16732.28, 16454.91, 20556.72, 26351.71];-13,3;ok;"{""ARIMA"": 29928878.14419495, ""ExponentialSmoothing"": 7744298.263911798, ""SARIMAX"": 8772134.336031301, ""Holt"": 26342556.94346233, ""Prophet"": 10199321.925896956, ""Croston"": 26700531.400223866, ""TSB"": 26700531.400223866}"
PC000460;48;Prophet;12246,04;[15196.07, 15426.58, 15849.92, 20103.38, 24033.66, 22463.02];24,1;ok;"{""ARIMA"": 69956323.56661613, ""ExponentialSmoothing"": 11128340.809548851, ""SARIMAX"": 27749800.374234963, ""Holt"": 56647492.262570076, ""Prophet"": 10318289.343202073, ""Croston"": 38469999.34902861, ""TSB"": 38469999.34902861}"
PC000059;48;SARIMAX;13919,36;[16704.07, 19451.75, 18074.02, 21707.92, 23540.3, 28161.45];20,0;ok;"{""ARIMA"": 31418542.406576615, ""ExponentialSmoothing"": 34256103.31257871, ""SARIMAX"": 23210715.289863657, ""Holt"": 31659058.070109066, ""Prophet"": 39851664.87441504, ""Croston"": 53420674.488983296, ""TSB"": 53420674.488983296}"
PC000540;48;ExponentialSmoothing;11116,1;[14793.85, 15717.8, 16681.99, 17180.18, 21330.27, 24711.53];33,1;ok;"{""ARIMA"": 110067580.54974394, ""ExponentialSmoothing"": 17110959.22266132, ""SARIMAX"": 39196254.821745716, ""Holt"": 81946855.57554103, ""Prophet"": 21580136.431243856, ""Croston"": 40319831.079188585, ""TSB"": 40319831.079188585}"
PC000434;48;ExponentialSmoothing;16583,190000000002;[12076.64, 15752.43, 18085.03, 19047.28, 20491.81, 24037.57];-27,2;ok;"{""ARIMA"": 93653463.31220506, ""ExponentialSmoothing"": 2632713.81819568, ""SARIMAX"": 7868253.251977499, ""Holt"": 88010199.44206588, ""Prophet"": 3572703.2734716455, ""Croston"": 11288818.393735303, ""TSB"": 11288818.393735303}"
PC000884;48;Croston;17666,39;[18545.99, 18545.99, 18545.99, 18545.99, 18545.99, 18545.99];5,0;ok;"{""ARIMA"": 83114561.5956177, ""ExponentialSmoothing"": 15808260.024964293, ""SARIMAX"": 37477919.7936967, ""Holt"": 80886874.31208842, ""Prophet"": 12433043.51091178, ""Croston"": 7310810.735009491, ""TSB"": 7310810.735009491}"
PC000857;48;ExponentialSmoothing;13179,22;[13694.47, 16744.3, 15576.11, 16503.87, 21075.84, 21760.41];3,9;ok;"{""ARIMA"": 31512957.586587872, ""ExponentialSmoothing"": 14900133.951961039, ""SARIMAX"": 20068761.591763098, ""Holt"": 27938768.23727156, ""Prophet"": 20021690.719438735, ""Croston"": 24172954.263202567, ""TSB"": 24172954.263202567}"
PC000719;48;SARIMAX;12981,79;[16294.82, 16750.89, 17014.93, 23441.15, 25674.51, 26547.25];25,5;ok;"{""ARIMA"": 50915418.85582051, ""ExponentialSmoothing"": 49079178.4945694, ""SARIMAX"": 24999019.09120882, ""Holt"": 50384570.40253896, ""Prophet"": 41068966.57799993, ""Croston"": 94833922.20141377, ""TSB"": 94833922.20141377}"
PC000702;48;Ensemble;11264,75;[9565.58, 12367.51, 14120.46, 15208.65, 17750.34, 18694.59];-15,1;ok;"{""ARIMA"": 32149888.092506543, ""ExponentialSmoothing"": 13721955.788312616, ""SARIMAX"": 12538577.049717471, ""Holt"": 70581110.37279673, ""Prophet"": 14427706.069583943, ""Croston"": 44007319.38970393, ""TSB"": 44007319.38970393, ""Ensemble"": 12405563.949294595}"
PC000946;48;Ensemble;10186,51;[15319.29, 15786.43, 16949.13, 17128.74, 18377.05, 18317.48];50,4;ok;"{""ARIMA"": 25781407.893344942, ""ExponentialSmoothing"": 34360812.74342996, ""SARIMAX"": 43005268.99058785, ""Holt"": 27789049.117983717, ""Prophet"": 24896484.523266256, ""Croston"": 27015073.848469567, ""TSB"": 27015073.848469567, ""Ensemble"": 23634249.708004147}"
PC000953;48;Ensemble;12746,02;[14347.72, 13473.49, 15193.67, 16036.88, 19689.48, 18730.74];12,6;ok;"{""ARIMA"": 43149575.34057913, ""ExponentialSmoothing"": 25218767.27851965, ""SARIMAX"": 30937648.149241716, ""Holt"": 42544393.141129315, ""Prophet"": 24989708.49361291, ""Croston"": 30888224.962502986, ""TSB"": 30888224.962502986, ""Ensemble"": 24406007.498698037}"
PC000207;48;Ensemble;12809,27;[15604.57, 16250.57, 16755.87, 16711.63, 18056.54, 18179.24];21,8;ok;"{""ARIMA"": 18593788.139951423, ""ExponentialSmoothing"": 10442232.783534413, ""SARIMAX"": 7757130.076214616, ""Holt"": 12640984.071728379, ""Prophet"": 11440432.50126987, ""Croston"": 9163057.753264664, ""TSB"": 9163057.753264664, ""Ensemble"": 7737122.834115061}"
PC000617;48;ExponentialSmoothing;16289,939999999999;[10552.65, 10712.7, 17189.51, 15151.04, 19875.69, 26354.33];-35,2;ok;"{""ARIMA"": 58726481.58824649, ""ExponentialSmoothing"": 5722877.687147419, ""SARIMAX"": 8352707.680141691, ""Holt"": 54185976.49031264, ""Prophet"": 6487988.974892412, ""Croston"": 13171169.906767769, ""TSB"": 13171169.906767769}"
PC000876;48;ARIMA;21771,31;[21960.09, 21901.87, 21919.83, 21914.29, 21916.0, 21915.47];0,9;ok;"{""ARIMA"": 18182029.654603776, ""ExponentialSmoothing"": 82577210.75769894, ""SARIMAX"": 25303173.746663693, ""Holt"": 200094039.60917497, ""Prophet"": 86019055.68697755, ""Croston"": 91557929.66239817, ""TSB"": 91557929.66239817}"
PC000441;48;Prophet;11559,59;[14395.91, 11236.64, 14864.12, 16267.2, 18400.49, 20132.34];24,5;ok;"{""ARIMA"": 37528987.63737824, ""ExponentialSmoothing"": 5357189.852460077, ""SARIMAX"": 13018105.398706025, ""Holt"": 143948114.6930327, ""Prophet"": 4562029.131479049, ""Croston"": 20512427.6850786, ""TSB"": 20512427.6850786}"
PC000146;48;Prophet;12397,550000000001;[14709.75, 13498.76, 15782.27, 16931.33, 20649.72, 26650.56];18,7;ok;"{""ARIMA"": 6805873.017672301, ""ExponentialSmoothing"": 6185800.461829926, ""SARIMAX"": 8068538.3101833435, ""Holt"": 19741834.05107602, ""Prophet"": 4248078.362202327, ""Croston"": 10225136.024899065, ""TSB"": 10225136.024899065}"
PC000704;48;Prophet;14155,250000000002;[9701.95, 10360.98, 11864.87, 16195.37, 19514.78, 17507.9];-31,5;ok;"{""ARIMA"": 9873781.776284019, ""ExponentialSmoothing"": 6209043.075780732, ""SARIMAX"": 6601154.862104519, ""Holt"": 9775559.394558612, ""Prophet"": 3845124.4442978464, ""Croston"": 9774338.309114955, ""TSB"": 9774338.309114955}"
PC000206;48;ExponentialSmoothing;11769,400000000001;[11566.38, 10894.31, 14462.21, 18205.97, 20615.88, 20545.09];-1,7;ok;"{""ARIMA"": 19760513.269291274, ""ExponentialSmoothing"": 4494473.984182529, ""SARIMAX"": 9068694.816254508, ""Holt"": 19844173.928334363, ""Prophet"": 4545522.183177059, ""Croston"": 21112182.49233119, ""TSB"": 21112182.49233119}"
PC000180;48;Croston;15640,57;[16042.82, 16042.82, 16042.82, 16042.82, 16042.82, 16042.82];2,6;ok;"{""ARIMA"": 63922525.53162339, ""ExponentialSmoothing"": 20663319.113067087, ""SARIMAX"": 18936637.329157285, ""Holt"": 220840611.19118795, ""Prophet"": 22521190.731063623, ""Croston"": 7554790.772032711, ""TSB"": 7554790.772032711}"
PC000958;48;SARIMAX;13219,03;[11780.33, 13620.46, 13328.18, 16538.07, 20184.9, 18791.78];-10,9;ok;"{""ARIMA"": 8736651.528995845, ""ExponentialSmoothing"": 8148554.862578064, ""SARIMAX"": 3622620.2243305654, ""Holt"": 10238847.989068832, ""Prophet"": 8094664.085679612, ""Croston"": 11160746.737325912, ""TSB"": 11160746.737325912}"
PC000875;48;Prophet;9109,05;[13708.46, 16614.4, 17484.66, 19225.19, 20412.44, 18812.69];50,5;ok;"{""ARIMA"": 23013481.508422792, ""ExponentialSmoothing"": 13740331.294054098, ""SARIMAX"": 17081112.6072863, ""Holt"": 34306775.55276706, ""Prophet"": 9953126.003334047, ""Croston"": 33380889.82164957, ""TSB"": 33380889.82164957}"
PC000641;48;Croston;12964,18;[16070.29, 16070.29, 16070.29, 16070.29, 16070.29, 16070.29];24,0;ok;"{""ARIMA"": 31890145.366063077, ""ExponentialSmoothing"": 13307355.843700742, ""SARIMAX"": 20176550.071413428, ""Holt"": 28307014.79882772, ""Prophet"": 13329503.88089277, ""Croston"": 8787064.247241817, ""TSB"": 8787064.247241817}"
PC000671;48;Croston;11068,03;[15418.02, 15418.02, 15418.02, 15418.02, 15418.02, 15418.02];39,3;ok;"{""ARIMA"": 21193716.500493158, ""ExponentialSmoothing"": 19268278.301356833, ""SARIMAX"": 19098700.819565255, ""Holt"": 14707380.299303195, ""Prophet"": 23874219.19988541, ""Croston"": 10979073.987802515, ""TSB"": 10979073.987802515}"
PC000643;48;Ensemble;14587,73;[12403.62, 13707.3, 15034.53, 14509.52, 17896.43, 16737.59];-15,0;ok;"{""ARIMA"": 20556046.03545021, ""ExponentialSmoothing"": 18991983.11045007, ""SARIMAX"": 28923790.952833846, ""Holt"": 24277640.943398487, ""Prophet"": 23334389.49369983, ""Croston"": 29381399.629694555, ""TSB"": 29381399.629694555, ""Ensemble"": 17823012.595508482}"
PC000947;48;ExponentialSmoothing;9516,83;[12696.37, 10905.83, 13763.32, 16783.31, 16101.56, 21158.48];33,4;ok;"{""ARIMA"": 34071565.408187255, ""ExponentialSmoothing"": 10840642.575699931, ""SARIMAX"": 17530846.150965586, ""Holt"": 34799460.6384036, ""Prophet"": 11651978.679588944, ""Croston"": 15827251.475526536, ""TSB"": 15827251.475526536}"
PC000557;48;SARIMAX;21422,77;[23686.95, 23170.02, 26933.92, 29614.31, 32577.55, 31311.13];10,6;ok;"{""ARIMA"": 53468794.27752104, ""ExponentialSmoothing"": 158757247.9500961, ""SARIMAX"": 36534359.17566293, ""Holt"": 55326711.89348361, ""Prophet"": 97091685.34087652, ""Croston"": 114394679.77079453, ""TSB"": 114394679.77079453}"
PC000006;48;Ensemble;27095,48;[26055.64, 27976.67, 28104.61, 29093.62, 30434.14, 29607.51];-3,8;ok;"{""ARIMA"": 31911154.1514594, ""ExponentialSmoothing"": 38463353.43065566, ""SARIMAX"": 86174505.04781325, ""Holt"": 67518443.15383466, ""Prophet"": 30052636.4907082, ""Croston"": 50376019.05607017, ""TSB"": 50376019.05607017, ""Ensemble"": 9752820.438825255}"
PC000974;48;SARIMAX;22843,04;[30439.45, 31267.7, 31083.87, 34178.85, 39035.64, 39718.91];33,3;ok;"{""ARIMA"": 70169544.39522237, ""ExponentialSmoothing"": 242905144.89832523, ""SARIMAX"": 50310653.54796827, ""Holt"": 174495269.63232884, ""Prophet"": 139793448.78037792, ""Croston"": 157364935.12215337, ""TSB"": 157364935.12215337}"
PC000935;48;SARIMAX;13440,039999999999;[13931.35, 14451.59, 15288.22, 16756.22, 18258.98, 18369.59];3,7;ok;"{""ARIMA"": 20509767.915311463, ""ExponentialSmoothing"": 11061980.538733838, ""SARIMAX"": 8540135.65968941, ""Holt"": 19722592.933132805, ""Prophet"": 13815992.609869769, ""Croston"": 26221367.627991702, ""TSB"": 26221367.627991702}"
PC000153;48;ExponentialSmoothing;12111,3;[13389.24, 14599.57, 12445.68, 21808.28, 21554.44, 21001.27];10,6;ok;"{""ARIMA"": 26503071.52061823, ""ExponentialSmoothing"": 7295346.137022685, ""SARIMAX"": 24061461.421119243, ""Holt"": 22827751.184010178, ""Prophet"": 15062003.617410734, ""Croston"": 28084158.12960273, ""TSB"": 28084158.12960273}"
PC000855;48;Ensemble;9545,42;[13507.61, 14761.76, 14285.93, 14724.37, 15931.05, 16576.45];41,5;ok;"{""ARIMA"": 8486327.27482324, ""ExponentialSmoothing"": 8113211.046472364, ""SARIMAX"": 9122579.24796539, ""Holt"": 30465529.06870832, ""Prophet"": 14289216.352461793, ""Croston"": 8387948.97044265, ""TSB"": 8387948.97044265, ""Ensemble"": 7246662.268172431}"
PC000590;48;SARIMAX;9209,550000000001;[8996.07, 8200.56, 12706.43, 11018.01, 16691.97, 17151.13];-2,3;ok;"{""ARIMA"": 13355555.243126675, ""ExponentialSmoothing"": 6944540.711639577, ""SARIMAX"": 3798641.503907308, ""Holt"": 16329985.891718684, ""Prophet"": 8239512.595173924, ""Croston"": 13657370.040587312, ""TSB"": 13657370.040587312}"
PC000057;48;ExponentialSmoothing;24521,440000000002;[25099.19, 23426.59, 24859.1, 26283.35, 31052.68, 33090.26];2,4;ok;"{""ARIMA"": 30939943.31094938, ""ExponentialSmoothing"": 14980080.93898177, ""SARIMAX"": 67431374.40784812, ""Holt"": 256903854.4594803, ""Prophet"": 236011555.440433, ""Croston"": 227117861.07457948, ""TSB"": 227117861.07457948}"
PC000041;48;ARIMA;10128,57;[11974.24, 12950.55, 13467.0, 13740.18, 13884.69, 13961.13];18,2;ok;"{""ARIMA"": 5937302.872031192, ""ExponentialSmoothing"": 11996906.640834788, ""SARIMAX"": 11493735.101733541, ""Holt"": 9670478.705536237, ""Prophet"": 13262981.208334208, ""Croston"": 7705738.212088093, ""TSB"": 7705738.212088093, ""Ensemble"": 6913349.07375263}"
PC000785;48;Prophet;13696,82;[10701.53, 10780.57, 11236.05, 14422.02, 17407.84, 18665.6];-21,9;ok;"{""ARIMA"": 22359447.625943754, ""ExponentialSmoothing"": 12323744.04745427, ""SARIMAX"": 13624944.795438675, ""Holt"": 21196460.149539966, ""Prophet"": 9064055.630200507, ""Croston"": 12094985.093461, ""TSB"": 12094985.093461}"
PC000487;48;Prophet;12369,95;[12780.41, 11367.36, 15229.55, 15440.33, 17360.02, 17592.29];3,3;ok;"{""ARIMA"": 21641759.050755586, ""ExponentialSmoothing"": 6211971.303258435, ""SARIMAX"": 7582043.650900852, ""Holt"": 20480958.216950238, ""Prophet"": 5554949.5489433175, ""Croston"": 17364906.42010768, ""TSB"": 17364906.42010768}"
PC000591;48;Prophet;12915,66;[9754.71, 10772.57, 12369.77, 12509.44, 12848.58, 15492.12];-24,5;ok;"{""ARIMA"": 28355531.902182173, ""ExponentialSmoothing"": 17201122.565359004, ""SARIMAX"": 23144584.698389728, ""Holt"": 29945842.77632596, ""Prophet"": 12111325.90761949, ""Croston"": 28887936.158877943, ""TSB"": 28887936.158877943}"
PC000975;48;SARIMAX;16079,220000000001;[15105.85, 14828.59, 17678.46, 25605.16, 24056.74, 25632.83];-6,1;ok;"{""ARIMA"": 45818388.6722827, ""ExponentialSmoothing"": 42871614.019872114, ""SARIMAX"": 21785646.699833483, ""Holt"": 49461273.728498496, ""Prophet"": 32311406.642399002, ""Croston"": 51435254.20735017, ""TSB"": 51435254.20735017}"
PC000124;48;SARIMAX;16781,29;[18137.49, 21034.84, 21598.84, 20866.71, 25864.68, 25010.72];8,1;ok;"{""ARIMA"": 26366145.89143455, ""ExponentialSmoothing"": 41654154.9699418, ""SARIMAX"": 7212449.888275187, ""Holt"": 22479494.762676936, ""Prophet"": 21573250.415472116, ""Croston"": 43125369.58304483, ""TSB"": 43125369.58304483}"
PC000016;48;ARIMA;34504,86;[34699.77, 34575.21, 34654.81, 34603.94, 34636.45, 34615.68];0,6;ok;"{""ARIMA"": 58056222.98779263, ""ExponentialSmoothing"": 78173890.78112371, ""SARIMAX"": 416434139.34056616, ""Holt"": 65264726.818425685, ""Prophet"": 413372850.8017492, ""Croston"": 419022103.448031, ""TSB"": 419022103.448031}"
PC000883;48;ExponentialSmoothing;8770,439999999999;[10140.5, 10718.24, 12043.67, 14632.87, 16684.09, 16523.83];15,6;ok;"{""ARIMA"": 31274561.627613913, ""ExponentialSmoothing"": 6262798.173492658, ""SARIMAX"": 11692873.180388672, ""Holt"": 31618811.75494886, ""Prophet"": 7720575.506715529, ""Croston"": 8735811.417931087, ""TSB"": 8735811.417931087}"
PC000015;48;ExponentialSmoothing;10023,15;[11060.68, 11923.94, 11617.2, 13329.85, 16189.28, 17326.87];10,4;ok;"{""ARIMA"": 14463279.841528712, ""ExponentialSmoothing"": 5897359.676021109, ""SARIMAX"": 9649449.119634388, ""Holt"": 13572333.61138819, ""Prophet"": 5991665.616484027, ""Croston"": 15515042.252756985, ""TSB"": 15515042.252756985}"
PC000080;48;SARIMAX;12028,55;[12228.02, 13202.35, 14851.88, 13619.42, 24908.82, 24807.17];1,7;ok;"{""ARIMA"": 40308265.60066527, ""ExponentialSmoothing"": 19588909.089660257, ""SARIMAX"": 18072241.23216336, ""Holt"": 38155619.95741885, ""Prophet"": 71055447.68032518, ""Croston"": 83470618.30449806, ""TSB"": 83470618.30449806}"
PC000078;48;ExponentialSmoothing;8556,77;[10781.39, 11781.66, 13525.13, 11897.87, 15280.49, 18525.98];26,0;ok;"{""ARIMA"": 14382656.24640437, ""ExponentialSmoothing"": 6185717.543906993, ""SARIMAX"": 6625930.4545530705, ""Holt"": 22676208.87171343, ""Prophet"": 7971406.8811504645, ""Croston"": 21223499.369420514, ""TSB"": 21223499.369420514, ""Ensemble"": 6449834.681198306}"
PC000263;48;Ensemble;9120,06;[12104.45, 11466.72, 12475.57, 12330.18, 13305.16, 13694.05];32,7;ok;"{""ARIMA"": 47088988.275097646, ""ExponentialSmoothing"": 9828816.474506129, ""SARIMAX"": 16472155.376247808, ""Holt"": 27988996.76708613, ""Prophet"": 9362960.136158831, ""Croston"": 9621329.632720375, ""TSB"": 9621329.632720375, ""Ensemble"": 7458405.505542759}"
PC000149;48;Holt;20479,73;[20763.53, 20763.59, 20763.63, 20763.66, 20763.69, 20763.71];1,4;ok;"{""ARIMA"": 69616388.67722718, ""ExponentialSmoothing"": 62687450.33447673, ""SARIMAX"": 61254546.95638293, ""Holt"": 35868593.013948426, ""Prophet"": 246202719.56866074, ""Croston"": 224941735.7767842, ""TSB"": 224941735.7767842}"
PC000373;48;ExponentialSmoothing;12227,220000000001;[8499.52, 9540.68, 10416.67, 11407.47, 13296.71, 17514.96];-30,5;ok;"{""ARIMA"": 5430402.339094767, ""ExponentialSmoothing"": 3626554.075685082, ""SARIMAX"": 15474083.837718017, ""Holt"": 6431644.174347409, ""Prophet"": 4852912.762463368, ""Croston"": 6268039.465274462, ""TSB"": 6268039.465274462}"
PC000291;48;Ensemble;11001,8;[12296.85, 12272.5, 12403.8, 13326.9, 13614.04, 13698.09];11,8;ok;"{""ARIMA"": 7523522.090937625, ""ExponentialSmoothing"": 6797063.559686046, ""SARIMAX"": 7949171.977591891, ""Holt"": 6989156.012545608, ""Prophet"": 7794091.885838818, ""Croston"": 5358374.1035460485, ""TSB"": 5358374.1035460485, ""Ensemble"": 4735417.056856897}"
PC000843;48;Ensemble;9671,75;[9189.96, 11632.51, 12884.16, 13209.88, 16337.43, 15298.9];-5,0;ok;"{""ARIMA"": 24243709.38400392, ""ExponentialSmoothing"": 2829489.601793539, ""SARIMAX"": 3067077.2691133986, ""Holt"": 22761888.115098964, ""Prophet"": 3567267.6537605636, ""Croston"": 13451318.663304178, ""TSB"": 13451318.663304178, ""Ensemble"": 2677725.642414218}"
PC000727;48;SARIMAX;11660,75;[13777.75, 13638.98, 15529.29, 15234.8, 19392.95, 17030.88];18,2;ok;"{""ARIMA"": 6910084.124149415, ""ExponentialSmoothing"": 13596404.585138144, ""SARIMAX"": 5452086.378507593, ""Holt"": 9008287.055992028, ""Prophet"": 10174886.71146463, ""Croston"": 21236568.8299906, ""TSB"": 21236568.8299906}"
PC000286;48;Prophet;9027,099999999999;[8924.38, 9200.64, 10694.23, 13402.41, 13044.33, 15495.8];-1,1;ok;"{""ARIMA"": 18332617.202220216, ""ExponentialSmoothing"": 4839602.613994951, ""SARIMAX"": 5532288.658664313, ""Holt"": 18940201.283653304, ""Prophet"": 4310870.052916459, ""Croston"": 9613728.648320332, ""TSB"": 9613728.648320332, ""Ensemble"": 4738987.943891513}"
PC000520;48;ExponentialSmoothing;8059,219999999999;[8660.3, 10500.59, 9534.19, 10053.43, 11842.95, 14125.98];7,5;ok;"{""ARIMA"": 12881431.087873919, ""ExponentialSmoothing"": 1865277.7525499018, ""SARIMAX"": 4251679.339153199, ""Holt"": 12443426.181776559, ""Prophet"": 2422752.140703105, ""Croston"": 7445527.781448974, ""TSB"": 7445527.781448974}"
PC000030;48;Prophet;8496,6;[9912.47, 8811.16, 10658.4, 12220.85, 13472.8, 12871.86];16,7;ok;"{""ARIMA"": 7870199.5124134915, ""ExponentialSmoothing"": 3402582.1493739034, ""SARIMAX"": 3479535.8134975093, ""Holt"": 7741606.6526852595, ""Prophet"": 1937396.5845478137, ""Croston"": 7149060.732590288, ""TSB"": 7149060.732590288}"
PC000099;48;Prophet;11952,32;[9781.13, 8233.73, 9901.64, 11278.38, 13403.22, 15355.23];-18,2;ok;"{""ARIMA"": 7521127.174042801, ""ExponentialSmoothing"": 2788135.457550327, ""SARIMAX"": 2379096.0566817163, ""Holt"": 7931111.185612173, ""Prophet"": 2005026.6262285945, ""Croston"": 5296382.589933679, ""TSB"": 5296382.589933679}"
PC000819;48;ExponentialSmoothing;9298,57;[8570.81, 9655.48, 10351.75, 11377.68, 12621.05, 14095.37];-7,8;ok;"{""ARIMA"": 28405946.434094373, ""ExponentialSmoothing"": 5541434.717386396, ""SARIMAX"": 13349506.142531998, ""Holt"": 23182376.186039966, ""Prophet"": 7936094.008628025, ""Croston"": 14052659.850225978, ""TSB"": 14052659.850225978}"
PC000683;48;Prophet;7912,82;[7428.9, 9607.16, 11121.48, 11391.8, 11794.66, 12994.77];-6,1;ok;"{""ARIMA"": 6453813.403572205, ""ExponentialSmoothing"": 6323627.967163216, ""SARIMAX"": 5990353.748158027, ""Holt"": 9229630.827274116, ""Prophet"": 4887442.275172933, ""Croston"": 9456808.013753561, ""TSB"": 9456808.013753561, ""Ensemble"": 5483411.084092827}"
PC000635;48;SARIMAX;16199,66;[18193.15, 20328.99, 20644.63, 22493.9, 24075.57, 24096.05];12,3;ok;"{""ARIMA"": 23511157.447878633, ""ExponentialSmoothing"": 23874693.77132107, ""SARIMAX"": 13120796.221089935, ""Holt"": 26326901.714245904, ""Prophet"": 103877647.3872829, ""Croston"": 96374370.23700224, ""TSB"": 96374370.23700224}"
PC000959;48;Ensemble;10747,16;[11510.5, 12136.2, 12079.77, 13093.8, 13526.22, 13992.83];7,1;ok;"{""ARIMA"": 6230124.740063727, ""ExponentialSmoothing"": 9211092.527480934, ""SARIMAX"": 5221749.887220966, ""Holt"": 6287938.98123588, ""Prophet"": 11298962.009415155, ""Croston"": 13193664.08153165, ""TSB"": 13193664.08153165, ""Ensemble"": 3542218.1266134284}"
PC000879;48;Prophet;6242,1900000000005;[10824.18, 10880.25, 11988.32, 12038.18, 12824.11, 15148.85];73,4;ok;"{""ARIMA"": 18108465.75385791, ""ExponentialSmoothing"": 12625333.515005054, ""SARIMAX"": 16223250.744612152, ""Holt"": 16500129.130167114, ""Prophet"": 11720192.712075947, ""Croston"": 20346370.344948623, ""TSB"": 20346370.344948623}"
PC000901;48;Croston;10808,73;[11027.73, 11027.73, 11027.73, 11027.73, 11027.73, 11027.73];2,0;ok;"{""ARIMA"": 41607605.54326296, ""ExponentialSmoothing"": 8069135.190084943, ""SARIMAX"": 14203298.638623634, ""Holt"": 30840094.4484833, ""Prophet"": 9203498.675846701, ""Croston"": 5251625.870658039, ""TSB"": 5251625.870658039}"
PC000440;48;Holt;8739,1;[10367.6, 10367.63, 10367.64, 10367.66, 10367.67, 10367.68];18,6;ok;"{""ARIMA"": 2813185.3911711364, ""ExponentialSmoothing"": 3800555.0508440244, ""SARIMAX"": 4463174.680029542, ""Holt"": 2642467.486486697, ""Prophet"": 5418891.76090409, ""Croston"": 4526942.862430873, ""TSB"": 4526942.862430873}"
PC000313;48;ExponentialSmoothing;8209,39;[7304.34, 8994.54, 9341.72, 9132.52, 11942.8, 13772.44];-11,0;ok;"{""ARIMA"": 10278061.045466648, ""ExponentialSmoothing"": 4299416.378912083, ""SARIMAX"": 5997121.431172629, ""Holt"": 10311892.61466708, ""Prophet"": 5113465.420722564, ""Croston"": 10723652.648492387, ""TSB"": 10723652.648492387}"
PC000589;48;ExponentialSmoothing;14896,11;[22014.57, 20098.02, 22657.55, 19912.3, 25079.74, 23369.76];47,8;ok;"{""ARIMA"": 57101338.56716456, ""ExponentialSmoothing"": 32542402.687629238, ""SARIMAX"": 54120819.17219746, ""Holt"": 54555081.861348696, ""Prophet"": 143547526.07015184, ""Croston"": 147020320.86614445, ""TSB"": 147020320.86614445}"
PC000695;48;ExponentialSmoothing;8141,57;[8213.08, 7664.88, 9908.09, 10885.9, 14066.05, 14876.8];0,9;ok;"{""ARIMA"": 20182804.679310217, ""ExponentialSmoothing"": 2563419.5563583835, ""SARIMAX"": 2573097.0774760838, ""Holt"": 16334094.090142513, ""Prophet"": 2926536.0441589933, ""Croston"": 8587043.677952716, ""TSB"": 8587043.677952716, ""Ensemble"": 2568564.190550205}"
PC000730;48;SARIMAX;11499,789999999999;[13780.0, 15686.84, 17167.88, 17863.22, 19588.18, 17511.62];19,8;ok;"{""ARIMA"": 23922183.550627902, ""ExponentialSmoothing"": 15676303.400876528, ""SARIMAX"": 13327043.421308508, ""Holt"": 26455688.819190025, ""Prophet"": 44608070.47877577, ""Croston"": 55749810.75706256, ""TSB"": 55749810.75706256}"
PC000996;48;ExponentialSmoothing;8545,43;[7442.96, 8810.6, 9429.87, 9880.17, 12050.91, 14648.63];-12,9;ok;"{""ARIMA"": 21710655.559898466, ""ExponentialSmoothing"": 2732341.978206597, ""SARIMAX"": 4089018.408700906, ""Holt"": 20903781.389707793, ""Prophet"": 3240860.1890574656, ""Croston"": 10423560.824367708, ""TSB"": 10423560.824367708}"
PC000899;48;Prophet;7380,57;[8655.85, 9003.41, 9250.79, 9878.1, 11425.93, 14745.89];17,3;ok;"{""ARIMA"": 3840601.8270106628, ""ExponentialSmoothing"": 2033920.3920116147, ""SARIMAX"": 2528899.688992476, ""Holt"": 21633995.75569576, ""Prophet"": 1802667.237709799, ""Croston"": 4588034.458949839, ""TSB"": 4588034.458949839}"
PC000886;48;Prophet;7179,12;[8118.18, 8098.95, 10094.78, 10606.55, 12086.98, 11583.73];13,1;ok;"{""ARIMA"": 8822737.518879041, ""ExponentialSmoothing"": 3951976.049447914, ""SARIMAX"": 4003585.45628128, ""Holt"": 9107113.915551996, ""Prophet"": 3564626.702600091, ""Croston"": 6501032.2098434605, ""TSB"": 6501032.2098434605, ""Ensemble"": 3780569.694091328}"
PC000223;48;ExponentialSmoothing;8499,07;[8539.47, 8698.96, 9401.08, 10320.59, 11531.68, 14466.08];0,5;ok;"{""ARIMA"": 4432794.156920171, ""ExponentialSmoothing"": 398990.13611888426, ""SARIMAX"": 738035.3852161356, ""Holt"": 14415031.442390755, ""Prophet"": 620296.2271325925, ""Croston"": 4347246.500319994, ""TSB"": 4347246.500319994}"
PC000032;48;SARIMAX;13132,800000000001;[16278.27, 18385.78, 17954.93, 20188.73, 22869.32, 21566.12];24,0;ok;"{""ARIMA"": 23198291.057243336, ""ExponentialSmoothing"": 43411185.938420065, ""SARIMAX"": 22242975.088246167, ""Holt"": 33035212.014555603, ""Prophet"": 50003363.695070505, ""Croston"": 59652819.917113334, ""TSB"": 59652819.917113334}"
PC000564;48;Prophet;8080,23;[6969.84, 7608.6, 9355.45, 8530.86, 11637.01, 11787.63];-13,7;ok;"{""ARIMA"": 8075119.405515406, ""ExponentialSmoothing"": 3683771.912654888, ""SARIMAX"": 4258512.229642809, ""Holt"": 6789820.708037027, ""Prophet"": 3032675.159811595, ""Croston"": 7325264.642407539, ""TSB"": 7325264.642407539}"
PC000856;48;Prophet;6516,2699999999995;[6214.42, 7450.22, 8209.39, 10085.63, 9802.66, 10469.96];-4,6;ok;"{""ARIMA"": 9614596.430704061, ""ExponentialSmoothing"": 2699419.029016185, ""SARIMAX"": 2994634.8866001708, ""Holt"": 9804908.774765931, ""Prophet"": 1879601.3186282392, ""Croston"": 10073764.96330674, ""TSB"": 10073764.96330674}"
PC000802;48;Ensemble;7001,41;[8742.81, 9011.01, 9073.23, 9723.54, 10374.23, 10238.31];24,9;ok;"{""ARIMA"": 12865499.793270255, ""ExponentialSmoothing"": 2628999.3862320934, ""SARIMAX"": 4612925.323091916, ""Holt"": 12518402.854723373, ""Prophet"": 3104360.977828497, ""Croston"": 2674650.4129135543, ""TSB"": 2674650.4129135543, ""Ensemble"": 2140424.4014809034}"
PC000558;48;Holt;8908,37;[9561.51, 9561.49, 9561.48, 9561.47, 9561.46, 9561.45];7,3;ok;"{""ARIMA"": 17674765.331483383, ""ExponentialSmoothing"": 18583265.163262542, ""SARIMAX"": 16299286.489202393, ""Holt"": 15804597.601924615, ""Prophet"": 18957831.12430628, ""Croston"": 20425229.302062735, ""TSB"": 20425229.302062735, ""Ensemble"": 16416336.319839938}"
PC000378;48;Prophet;7250,45;[8179.84, 7025.06, 7868.41, 10507.89, 11702.63, 11887.38];12,8;ok;"{""ARIMA"": 12824043.04448182, ""ExponentialSmoothing"": 1724759.9147122207, ""SARIMAX"": 1708878.884628201, ""Holt"": 13145486.176991673, ""Prophet"": 1519543.3751851611, ""Croston"": 3809287.664119913, ""TSB"": 3809287.664119913, ""Ensemble"": 1549399.7037192844}"
PC000176;48;ExponentialSmoothing;5134,45;[7293.06, 7738.58, 7793.05, 10378.19, 10848.64, 12898.46];42,0;ok;"{""ARIMA"": 10654478.206157506, ""ExponentialSmoothing"": 4382639.310077372, ""SARIMAX"": 5427974.915065091, ""Holt"": 9659238.259329032, ""Prophet"": 4471404.266142529, ""Croston"": 6533456.842688573, ""TSB"": 6533456.842688573, ""Ensemble"": 4396611.528214901}"
PC000473;48;ARIMA;13426,769999999999;[14726.67, 15137.16, 15266.79, 15307.73, 15320.66, 15324.74];9,7;ok;"{""ARIMA"": 23963482.04082692, ""ExponentialSmoothing"": 81285741.26875584, ""SARIMAX"": 27101300.850268602, ""Holt"": 102493249.27583218, ""Prophet"": 102546520.99187446, ""Croston"": 102477227.75818111, ""TSB"": 102477227.75818111}"
PC000833;48;Ensemble;6428,26;[6962.22, 6849.8, 7926.44, 9282.26, 10211.56, 11452.73];8,3;ok;"{""ARIMA"": 8171078.050439554, ""ExponentialSmoothing"": 909648.5203286795, ""SARIMAX"": 889074.5539702391, ""Holt"": 6947022.690443045, ""Prophet"": 927353.883969862, ""Croston"": 5610854.136820372, ""TSB"": 5610854.136820372, ""Ensemble"": 640539.3270310452}"
PC000983;48;SARIMAX;6601,19;[6993.51, 6804.59, 7549.12, 8910.56, 11157.28, 11324.25];5,9;ok;"{""ARIMA"": 8810608.146537414, ""ExponentialSmoothing"": 1554578.1532845923, ""SARIMAX"": 979763.1441522787, ""Holt"": 10105020.641355207, ""Prophet"": 1669798.8028493135, ""Croston"": 3199752.308633909, ""TSB"": 3199752.308633909}"
PC000851;48;SARIMAX;6758,66;[7707.99, 7190.43, 8375.88, 9827.67, 9616.96, 10926.15];14,0;ok;"{""ARIMA"": 4124645.270453582, ""ExponentialSmoothing"": 2303512.4176380024, ""SARIMAX"": 1564953.0523758417, ""Holt"": 4003318.5352135934, ""Prophet"": 2658327.0806399793, ""Croston"": 4352935.288840032, ""TSB"": 4352935.288840032}"
PC000931;48;Ensemble;5192,49;[7540.81, 6956.96, 7660.72, 9179.36, 9968.09, 10649.87];45,2;ok;"{""ARIMA"": 29435050.950641572, ""ExponentialSmoothing"": 4132942.539207963, ""SARIMAX"": 7055677.92887511, ""Holt"": 25467269.905839268, ""Prophet"": 4166284.5855098753, ""Croston"": 4181131.4215337285, ""TSB"": 4181131.4215337285, ""Ensemble"": 3745320.438208943}"
PC000723;48;ExponentialSmoothing;6626,21;[6654.17, 6752.78, 8082.83, 9178.62, 9864.75, 11355.97];0,4;ok;"{""ARIMA"": 12408756.495376863, ""ExponentialSmoothing"": 1242112.2222754043, ""SARIMAX"": 1278812.7603936305, ""Holt"": 8649154.020210171, ""Prophet"": 1999279.6609442283, ""Croston"": 2894859.1641245172, ""TSB"": 2894859.1641245172}"
PC000348;48;Ensemble;6290,1;[8580.61, 8580.61, 8580.61, 8580.61, 8580.61, 8580.61];36,4;ok;"{""ARIMA"": 9385016.179321477, ""ExponentialSmoothing"": 8853769.045549884, ""SARIMAX"": 9382644.093545677, ""Holt"": 8527187.394989135, ""Prophet"": 10465345.81734232, ""Croston"": 7173875.768134672, ""TSB"": 7173875.768134672, ""Ensemble"": 5990304.549360198}"
PC000118;48;ARIMA;15528,02;[15891.28, 16099.14, 16218.07, 16286.12, 16325.06, 16347.34];2,3;ok;"{""ARIMA"": 6003258.378970445, ""ExponentialSmoothing"": 8086172.03641321, ""SARIMAX"": 9849432.354186164, ""Holt"": 21926418.80966215, ""Prophet"": 86156451.1317449, ""Croston"": 74131355.8700077, ""TSB"": 74131355.8700077}"
PC000168;48;Ensemble;7607,39;[8315.62, 8273.35, 8286.16, 8282.3, 8283.49, 8283.14];9,3;ok;"{""ARIMA"": 1958952.4136152675, ""ExponentialSmoothing"": 3006547.254506212, ""SARIMAX"": 3252528.999410294, ""Holt"": 1938216.2933937174, ""Prophet"": 2726379.3762841704, ""Croston"": 2285650.1536928467, ""TSB"": 2285650.1536928467, ""Ensemble"": 1930183.778321366}"
PC000978;48;SARIMAX;10178,28;[9692.43, 13579.37, 12541.03, 12849.76, 16513.54, 15070.23];-4,8;ok;"{""ARIMA"": 3866802.827126416, ""ExponentialSmoothing"": 2200122.2509573093, ""SARIMAX"": 1919190.076737738, ""Holt"": 3235843.0402980223, ""Prophet"": 8610343.596702823, ""Croston"": 12055590.623489127, ""TSB"": 12055590.623489127}"
PC000069;48;Ensemble;9923,96;[9922.14, 9894.82, 10238.19, 10512.11, 10979.91, 10862.71];-0,0;ok;"{""ARIMA"": 948772.5161928396, ""ExponentialSmoothing"": 2868361.306649829, ""SARIMAX"": 1093028.5419913903, ""Holt"": 963618.109538754, ""Prophet"": 3339348.511404967, ""Croston"": 5154584.346937905, ""TSB"": 5154584.346937905, ""Ensemble"": 528731.3808841222}"
PC000761;48;SARIMAX;6370,1;[6751.13, 6699.75, 7540.86, 9472.45, 9368.27, 10055.73];6,0;ok;"{""ARIMA"": 4119172.9878773126, ""ExponentialSmoothing"": 564627.5655995015, ""SARIMAX"": 501188.971238929, ""Holt"": 4088734.156178888, ""Prophet"": 746102.005743199, ""Croston"": 3594187.48525776, ""TSB"": 3594187.48525776}"
PC000235;48;Prophet;5683,83;[5234.71, 5993.78, 6153.75, 7317.66, 10247.59, 9398.07];-7,9;ok;"{""ARIMA"": 4823121.277743518, ""ExponentialSmoothing"": 1520352.621132141, ""SARIMAX"": 1497336.1862801022, ""Holt"": 4915488.356457021, ""Prophet"": 1298532.462290575, ""Croston"": 3848151.9417553213, ""TSB"": 3848151.9417553213, ""Ensemble"": 1410905.249141001}"
PC000372;48;SARIMAX;5128,58;[6416.47, 7760.15, 7811.03, 8826.86, 8629.39, 9510.52];25,1;ok;"{""ARIMA"": 8143439.037697096, ""ExponentialSmoothing"": 3398126.450940568, ""SARIMAX"": 3062919.1049948446, ""Holt"": 7031156.345267103, ""Prophet"": 3676232.5414276025, ""Croston"": 5583642.254672443, ""TSB"": 5583642.254672443, ""Ensemble"": 3314072.9782521226}"
PC000699;48;ARIMA;16919,22;[16568.93, 16671.7, 16641.55, 16650.39, 16647.8, 16648.56];-2,1;ok;"{""ARIMA"": 29935840.325911272, ""ExponentialSmoothing"": 212413610.65272084, ""SARIMAX"": 54249863.833341084, ""Holt"": 190218912.0160776, ""Prophet"": 195315143.93634656, ""Croston"": 177672354.29759425, ""TSB"": 177672354.29759425}"
PC000813;48;SARIMAX;7295,42;[5698.22, 6074.25, 7275.52, 6849.19, 9732.16, 9441.7];-21,9;ok;"{""ARIMA"": 4839692.488593908, ""ExponentialSmoothing"": 4527126.785786984, ""SARIMAX"": 2807343.803557307, ""Holt"": 4545101.96439409, ""Prophet"": 4215316.444497027, ""Croston"": 3264414.58095658, ""TSB"": 3264414.58095658, ""Ensemble"": 2869418.4580625067}"
PC000238;48;SARIMAX;9204,23;[11945.74, 12365.98, 12945.53, 13337.28, 13603.35, 15372.4];29,8;ok;"{""ARIMA"": 10066107.31313522, ""ExponentialSmoothing"": 19773074.69922847, ""SARIMAX"": 5365861.630450284, ""Holt"": 13264994.969246866, ""Prophet"": 25918110.538163245, ""Croston"": 25160544.38572577, ""TSB"": 25160544.38572577}"
PC000498;48;ExponentialSmoothing;5747,16;[5127.92, 5937.69, 5836.68, 7417.61, 8871.85, 10153.6];-10,8;ok;"{""ARIMA"": 1211514.2660326438, ""ExponentialSmoothing"": 814675.1750368847, ""SARIMAX"": 974110.748258403, ""Holt"": 5969923.974368629, ""Prophet"": 1342189.041326394, ""Croston"": 1360765.446448203, ""TSB"": 1360765.446448203}"
PC000336;48;ARIMA;10221,41;[9901.51, 10052.44, 9981.23, 10014.83, 9998.98, 10006.46];-3,1;ok;"{""ARIMA"": 5711527.413791634, ""ExponentialSmoothing"": 41658566.96237169, ""SARIMAX"": 22898224.630609274, ""Holt"": 5832689.508786689, ""Prophet"": 42369984.82574696, ""Croston"": 39340194.86827332, ""TSB"": 39340194.86827332}"
PC000984;48;SARIMAX;8666,56;[8698.08, 6888.11, 8371.02, 8917.85, 10425.81, 11246.72];0,4;ok;"{""ARIMA"": 3518075.529456883, ""ExponentialSmoothing"": 2348651.23504193, ""SARIMAX"": 1944643.034148231, ""Holt"": 3545201.1876109247, ""Prophet"": 5934979.03122421, ""Croston"": 8259098.288547442, ""TSB"": 8259098.288547442}"
PC000853;48;ARIMA;18921,22;[19039.48, 19024.56, 19026.45, 19026.21, 19026.24, 19026.23];0,6;ok;"{""ARIMA"": 14353033.229458103, ""ExponentialSmoothing"": 44380701.04875003, ""SARIMAX"": 15970539.328602837, ""Holt"": 60127002.70593879, ""Prophet"": 238604501.6934855, ""Croston"": 213299509.4892638, ""TSB"": 213299509.4892638}"
PC000129;48;ARIMA;7668,56;[8533.16, 8448.41, 8456.72, 8455.91, 8455.99, 8455.98];11,3;ok;"{""ARIMA"": 14573282.724670967, ""ExponentialSmoothing"": 20922292.396067247, ""SARIMAX"": 31753749.28613684, ""Holt"": 14823197.07451395, ""Prophet"": 21136161.13845481, ""Croston"": 15679641.38962525, ""TSB"": 15679641.38962525, ""Ensemble"": 15003902.901848339}"
PC000038;48;SARIMAX;7735,22;[7913.93, 7562.3, 9205.36, 11024.2, 10305.26, 11698.93];2,3;ok;"{""ARIMA"": 3964373.728358779, ""ExponentialSmoothing"": 2264388.47140272, ""SARIMAX"": 1560987.8103159142, ""Holt"": 4061977.830425834, ""Prophet"": 3412816.183386778, ""Croston"": 5343098.1311477395, ""TSB"": 5343098.1311477395}"
PC000731;48;Holt;14290,07;[14246.88, 14360.75, 14451.84, 14524.71, 14583.01, 14629.65];-0,3;ok;"{""ARIMA"": 17034296.898815583, ""ExponentialSmoothing"": 53908336.41850626, ""SARIMAX"": 60282026.605371036, ""Holt"": 12970884.168154417, ""Prophet"": 53610751.30385479, ""Croston"": 51602276.49550567, ""TSB"": 51602276.49550567}"
PC000776;48;ExponentialSmoothing;4733,77;[4667.76, 4958.86, 6051.12, 6832.95, 7979.41, 7446.29];-1,4;ok;"{""ARIMA"": 3769068.7580532567, ""ExponentialSmoothing"": 426883.8855278478, ""SARIMAX"": 1574509.888844114, ""Holt"": 3620731.973198607, ""Prophet"": 695909.6687856105, ""Croston"": 2420710.0843732017, ""TSB"": 2420710.0843732017}"
PC000705;48;ARIMA;6230,53;[7053.72, 6856.18, 6903.58, 6892.21, 6894.94, 6894.28];13,2;ok;"{""ARIMA"": 7068545.786808486, ""ExponentialSmoothing"": 24843152.20797129, ""SARIMAX"": 29138645.93888029, ""Holt"": 7481529.0986864, ""Prophet"": 20835938.094838697, ""Croston"": 26138750.464499373, ""TSB"": 26138750.464499373}"
PC000621;48;SARIMAX;4833,63;[3660.81, 5796.11, 5120.18, 6764.97, 7240.3, 8357.29];-24,3;ok;"{""ARIMA"": 3728005.8582546324, ""ExponentialSmoothing"": 1204448.928348415, ""SARIMAX"": 807868.6356244882, ""Holt"": 13099309.371279797, ""Prophet"": 1191420.9656166902, ""Croston"": 1371983.605471452, ""TSB"": 1371983.605471452}"
PC000603;48;Ensemble;5906,7;[5575.48, 5640.27, 5966.63, 6435.02, 6340.65, 6764.18];-5,6;ok;"{""ARIMA"": 929997.4132119644, ""ExponentialSmoothing"": 1161362.7284892623, ""SARIMAX"": 921146.739888589, ""Holt"": 1009944.0529014714, ""Prophet"": 1320964.0687378852, ""Croston"": 1338615.1466326795, ""TSB"": 1338615.1466326795, ""Ensemble"": 468455.56239842344}"
PC000669;48;Prophet;4332,12;[4211.02, 4181.52, 5479.79, 5013.1, 6570.3, 6624.68];-2,8;ok;"{""ARIMA"": 3478175.2642343272, ""ExponentialSmoothing"": 2115067.135063671, ""SARIMAX"": 2755681.8995026094, ""Holt"": 3498199.4632014525, ""Prophet"": 1950284.6899188058, ""Croston"": 3656022.539525052, ""TSB"": 3656022.539525052}"
PC000333;48;ARIMA;4061,91;[4739.59, 5160.42, 5421.76, 5584.04, 5684.82, 5747.4];16,7;ok;"{""ARIMA"": 2060217.2020332937, ""ExponentialSmoothing"": 2932102.041133458, ""SARIMAX"": 2909235.3942919807, ""Holt"": 9842466.381190687, ""Prophet"": 2686826.8383969967, ""Croston"": 2889360.580737053, ""TSB"": 2889360.580737053}"
PC000300;48;SARIMAX;5504,71;[5267.2, 5437.7, 6339.61, 7151.51, 7974.47, 8437.95];-4,3;ok;"{""ARIMA"": 4178370.833313978, ""ExponentialSmoothing"": 1855990.006626507, ""SARIMAX"": 1721828.1257513298, ""Holt"": 4049575.4232955626, ""Prophet"": 2112716.762730161, ""Croston"": 3362075.103143643, ""TSB"": 3362075.103143643, ""Ensemble"": 1818970.7001283758}"
PC000011;48;ExponentialSmoothing;4928,69;[4185.57, 5054.85, 5638.34, 5839.4, 6366.29, 6977.24];-15,1;ok;"{""ARIMA"": 2352811.932548478, ""ExponentialSmoothing"": 793524.7175956619, ""SARIMAX"": 891565.4367262978, ""Holt"": 2648781.820143336, ""Prophet"": 963901.4078096083, ""Croston"": 3426290.319618587, ""TSB"": 3426290.319618587, ""Ensemble"": 837710.0973861665}"
PC000588;48;Prophet;3886,1099999999997;[4861.67, 4347.48, 4999.12, 5922.85, 6489.19, 6463.36];25,1;ok;"{""ARIMA"": 2877183.280818611, ""ExponentialSmoothing"": 1481358.0146531241, ""SARIMAX"": 1584534.2084857526, ""Holt"": 2874872.0275873058, ""Prophet"": 1338906.1830438583, ""Croston"": 3079422.7485736497, ""TSB"": 3079422.7485736497, ""Ensemble"": 1438015.169760502}"
PC000043;48;ExponentialSmoothing;5066,0599999999995;[5212.31, 5075.61, 5433.99, 5651.17, 7181.29, 8069.13];2,9;ok;"{""ARIMA"": 1331644.8092793333, ""ExponentialSmoothing"": 514986.5320941799, ""SARIMAX"": 825192.943119934, ""Holt"": 5454022.708769476, ""Prophet"": 860304.4349114676, ""Croston"": 1226873.81784286, ""TSB"": 1226873.81784286}"
PC000058;48;Prophet;4932,09;[4791.95, 4437.45, 5693.27, 7017.44, 7190.4, 7156.47];-2,8;ok;"{""ARIMA"": 3622860.894823449, ""ExponentialSmoothing"": 2794949.9046568843, ""SARIMAX"": 4827123.322173248, ""Holt"": 3296229.8325603795, ""Prophet"": 2228185.0681202128, ""Croston"": 5268605.016838177, ""TSB"": 5268605.016838177}"
PC000529;48;Holt;10169,69;[10281.29, 10408.31, 10534.68, 10660.43, 10785.55, 10910.04];1,1;ok;"{""ARIMA"": 31045204.99236625, ""ExponentialSmoothing"": 29003735.884081617, ""SARIMAX"": 30575493.337714866, ""Holt"": 21485920.847390756, ""Prophet"": 28436716.659181684, ""Croston"": 31324786.381476622, ""TSB"": 31324786.381476622}"
PC000461;48;Ensemble;9437,369999999999;[9799.89, 9402.04, 9293.9, 10260.55, 11159.51, 10830.59];3,8;ok;"{""ARIMA"": 7116273.277285752, ""ExponentialSmoothing"": 7232510.967395569, ""SARIMAX"": 7448537.833792344, ""Holt"": 9445540.319083458, ""Prophet"": 31294240.878817964, ""Croston"": 34971477.625096895, ""TSB"": 34971477.625096895, ""Ensemble"": 6560499.035711599}"
PC000431;48;Croston;5526,73;[5751.75, 5751.75, 5751.75, 5751.75, 5751.75, 5751.75];4,1;ok;"{""ARIMA"": 1301283.500888207, ""ExponentialSmoothing"": 4317743.15994806, ""SARIMAX"": 3462896.2683869614, ""Holt"": 5944668.47039698, ""Prophet"": 3350422.4062768132, ""Croston"": 895764.8128532093, ""TSB"": 895764.8128532093}"
PC000939;48;SARIMAX;8628,29;[9438.79, 8903.65, 9555.17, 10082.61, 11210.69, 10478.64];9,4;ok;"{""ARIMA"": 5423008.323208698, ""ExponentialSmoothing"": 14889426.389125945, ""SARIMAX"": 2348656.084816044, ""Holt"": 9140338.439884014, ""Prophet"": 9971821.653167345, ""Croston"": 15226056.874268329, ""TSB"": 15226056.874268329}"
PC000614;48;Prophet;3143,19;[4811.03, 4305.42, 5222.53, 5473.0, 7304.07, 7463.11];53,1;ok;"{""ARIMA"": 2049143.4623451226, ""ExponentialSmoothing"": 1843403.3374154281, ""SARIMAX"": 1829994.1735594484, ""Holt"": 4377484.359688405, ""Prophet"": 1546768.3870931629, ""Croston"": 2615893.581573162, ""TSB"": 2615893.581573162, ""Ensemble"": 1708976.3929891295}"
PC000937;48;SARIMAX;3318,06;[2944.15, 3357.7, 4939.4, 5154.37, 6600.47, 5762.46];-11,3;ok;"{""ARIMA"": 2375016.497434663, ""ExponentialSmoothing"": 1045344.054264272, ""SARIMAX"": 918412.1819658863, ""Holt"": 2424226.543391971, ""Prophet"": 1695166.0085512956, ""Croston"": 2322903.3276831345, ""TSB"": 2322903.3276831345}"
PC000182;48;Ensemble;4747,82;[4973.65, 4806.59, 4555.87, 5842.13, 5180.33, 6444.27];4,8;ok;"{""ARIMA"": 1193013.4057835604, ""ExponentialSmoothing"": 581454.6251440061, ""SARIMAX"": 568497.7464978949, ""Holt"": 1342110.4882908065, ""Prophet"": 771834.2534932446, ""Croston"": 711792.2189105264, ""TSB"": 711792.2189105264, ""Ensemble"": 250076.38982557147}"
PC000765;48;ExponentialSmoothing;3794,63;[4250.57, 3648.79, 4768.84, 5220.69, 6014.2, 6028.45];12,0;ok;"{""ARIMA"": 1159802.1702360578, ""ExponentialSmoothing"": 115635.01716750501, ""SARIMAX"": 462005.21118337644, ""Holt"": 1218836.0182246251, ""Prophet"": 299662.04138239176, ""Croston"": 1163281.156926728, ""TSB"": 1163281.156926728}"
PC000601;48;SARIMAX;4657,13;[5006.71, 3819.95, 5561.66, 5429.86, 6269.55, 7077.91];7,5;ok;"{""ARIMA"": 4594118.1616448015, ""ExponentialSmoothing"": 2286303.816361644, ""SARIMAX"": 1622311.0570302631, ""Holt"": 4671078.924894853, ""Prophet"": 2512007.862760765, ""Croston"": 5707956.243843983, ""TSB"": 5707956.243843983}"
PC000110;48;ExponentialSmoothing;4030,21;[4283.8, 3858.28, 4392.08, 5086.92, 6204.5, 5812.93];6,3;ok;"{""ARIMA"": 3476750.096435908, ""ExponentialSmoothing"": 1569331.1750115745, ""SARIMAX"": 1837423.925399876, ""Holt"": 3255744.169535289, ""Prophet"": 1896667.7005090928, ""Croston"": 3811889.9079787745, ""TSB"": 3811889.9079787745, ""Ensemble"": 1731361.7981680082}"
PC000375;48;Prophet;4266,969999999999;[4455.22, 4273.47, 4662.27, 4544.98, 6151.65, 6248.6];4,4;ok;"{""ARIMA"": 4442848.049230728, ""ExponentialSmoothing"": 1607478.2566804532, ""SARIMAX"": 2005255.1142321725, ""Holt"": 3774796.355140069, ""Prophet"": 1265177.9984113558, ""Croston"": 2276968.5651677796, ""TSB"": 2276968.5651677796}"
PC000022;48;Ensemble;6335,6900000000005;[6413.37, 6259.38, 6678.74, 6817.78, 6953.14, 7115.33];1,2;ok;"{""ARIMA"": 2405834.123590761, ""ExponentialSmoothing"": 6365286.2022290565, ""SARIMAX"": 4298165.459113156, ""Holt"": 2709166.7850933895, ""Prophet"": 2890358.548784384, ""Croston"": 4262680.149227725, ""TSB"": 4262680.149227725, ""Ensemble"": 1674028.6640441623}"
PC000067;48;Holt;8383,65;[8658.49, 8658.5, 8658.51, 8658.52, 8658.52, 8658.53];3,3;ok;"{""ARIMA"": 5243643.7853514785, ""ExponentialSmoothing"": 4150944.5044981525, ""SARIMAX"": 4728845.098285041, ""Holt"": 3427451.211494297, ""Prophet"": 25448289.409776103, ""Croston"": 33252464.327647418, ""TSB"": 33252464.327647418}"
PC000751;48;ExponentialSmoothing;11676,539999999999;[11918.78, 11193.84, 11768.42, 12503.79, 14293.76, 14402.4];2,1;ok;"{""ARIMA"": 6274109.218139493, ""ExponentialSmoothing"": 2785095.7273975727, ""SARIMAX"": 7903895.888911336, ""Holt"": 24099148.55343513, ""Prophet"": 77037276.44994469, ""Croston"": 71077966.2442106, ""TSB"": 71077966.2442106}"
PC000437;48;ExponentialSmoothing;3304,32;[3432.5, 4367.98, 4309.69, 5043.34, 5209.81, 5435.51];3,9;ok;"{""ARIMA"": 692069.5418819078, ""ExponentialSmoothing"": 323166.70540953276, ""SARIMAX"": 336501.68980199547, ""Holt"": 1949846.022003074, ""Prophet"": 448290.54399794387, ""Croston"": 1010112.829443934, ""TSB"": 1010112.829443934}"
PC000112;48;Ensemble;4266,969999999999;[4125.98, 4018.41, 4299.8, 4591.43, 4462.96, 4750.73];-3,3;ok;"{""ARIMA"": 923651.28452178, ""ExponentialSmoothing"": 1004864.5630141456, ""SARIMAX"": 909935.7488546435, ""Holt"": 887477.2435364812, ""Prophet"": 1060290.1980365652, ""Croston"": 918011.857835905, ""TSB"": 918011.857835905, ""Ensemble"": 591979.6453068338}"
PC000604;48;Ensemble;3855,5199999999995;[4129.44, 4228.47, 4299.49, 4305.34, 4412.95, 4601.21];7,1;ok;"{""ARIMA"": 1536006.7029898548, ""ExponentialSmoothing"": 674855.9197421292, ""SARIMAX"": 1172389.1227471714, ""Holt"": 1044876.4664557492, ""Prophet"": 744699.0218232427, ""Croston"": 655794.0242208977, ""TSB"": 655794.0242208977, ""Ensemble"": 351633.17722211004}"
PC000292;48;ExponentialSmoothing;3741,2;[3733.37, 4052.93, 3834.69, 4775.8, 4560.92, 5940.68];-0,2;ok;"{""ARIMA"": 1886776.6129117513, ""ExponentialSmoothing"": 126323.33760159265, ""SARIMAX"": 450432.28344326053, ""Holt"": 1394478.1769927607, ""Prophet"": 251091.48628285516, ""Croston"": 1078376.5135037003, ""TSB"": 1078376.5135037003}"
PC000209;48;Ensemble;6092,969999999999;[5590.29, 5743.23, 5629.17, 6019.25, 6190.41, 6041.85];-8,3;ok;"{""ARIMA"": 3059612.840739315, ""ExponentialSmoothing"": 11819123.412688253, ""SARIMAX"": 2527975.466536596, ""Holt"": 3597965.4844985884, ""Prophet"": 3156302.759801731, ""Croston"": 2642898.5864639725, ""TSB"": 2642898.5864639725, ""Ensemble"": 747552.7146675987}"
PC000401;48;ExponentialSmoothing;3230,08;[3014.98, 3163.96, 4175.64, 3979.31, 4988.75, 5769.63];-6,7;ok;"{""ARIMA"": 2052135.247299696, ""ExponentialSmoothing"": 419751.4490841883, ""SARIMAX"": 1246072.6810582394, ""Holt"": 1187267.182978889, ""Prophet"": 537940.7411656483, ""Croston"": 934411.7282993211, ""TSB"": 934411.7282993211}"
PC000369;48;SARIMAX;3597,7200000000003;[2279.12, 2884.94, 2723.7, 4247.97, 5005.03, 4896.92];-36,7;ok;"{""ARIMA"": 2534025.2254726496, ""ExponentialSmoothing"": 1335437.2807812977, ""SARIMAX"": 1064165.7332482154, ""Holt"": 2521591.653332643, ""Prophet"": 1959275.7932262348, ""Croston"": 3172452.9136334197, ""TSB"": 3172452.9136334197}"
PC000260;48;SARIMAX;2989,02;[2341.02, 3494.46, 3513.78, 5061.21, 4839.72, 5509.63];-21,7;ok;"{""ARIMA"": 2992483.5337346755, ""ExponentialSmoothing"": 1040200.0163425418, ""SARIMAX"": 958221.5323634445, ""Holt"": 3552737.3924908806, ""Prophet"": 1308885.112236479, ""Croston"": 1281691.6646238768, ""TSB"": 1281691.6646238768}"
PC000562;48;Prophet;2370,88;[4076.36, 3756.86, 4287.58, 4131.47, 4665.32, 5941.55];71,9;ok;"{""ARIMA"": 2062259.7200159996, ""ExponentialSmoothing"": 1384234.6047452695, ""SARIMAX"": 1432130.7531376695, ""Holt"": 4864371.489171495, ""Prophet"": 1159739.7336809605, ""Croston"": 2578318.9578618365, ""TSB"": 2578318.9578618365, ""Ensemble"": 1295522.172044471}"
PC000033;48;ExponentialSmoothing;3111,0899999999997;[2949.85, 2993.63, 3470.84, 4329.99, 4678.17, 5157.26];-5,2;ok;"{""ARIMA"": 655569.4313773616, ""ExponentialSmoothing"": 305447.08054638206, ""SARIMAX"": 357755.35235199303, ""Holt"": 632923.6264809013, ""Prophet"": 350181.1613086712, ""Croston"": 470206.18682098435, ""TSB"": 470206.18682098435, ""Ensemble"": 325803.70926231885}"
PC000847;48;Ensemble;3037,14;[3283.3, 3191.69, 3857.85, 3675.3, 3989.8, 4308.08];8,1;ok;"{""ARIMA"": 268817.74537710013, ""ExponentialSmoothing"": 282600.5646503503, ""SARIMAX"": 292927.1905618201, ""Holt"": 665678.5020996339, ""Prophet"": 290056.2474521388, ""Croston"": 348838.2592585312, ""TSB"": 348838.2592585312, ""Ensemble"": 193625.45568895352}"
PC000459;48;Prophet;2581,31;[2583.0, 2799.83, 2817.97, 3687.48, 4194.78, 4668.67];0,1;ok;"{""ARIMA"": 754696.3506678588, ""ExponentialSmoothing"": 113846.97686731078, ""SARIMAX"": 160382.31657171855, ""Holt"": 735204.4622320583, ""Prophet"": 98375.63220710232, ""Croston"": 739272.1143473993, ""TSB"": 739272.1143473993}"
PC000841;48;SARIMAX;6917,870000000001;[7120.19, 7737.14, 7757.75, 7719.67, 7346.55, 8454.52];2,9;ok;"{""ARIMA"": 6086493.832968089, ""ExponentialSmoothing"": 34779206.1130868, ""SARIMAX"": 2904462.761667272, ""Holt"": 23713005.023481056, ""Prophet"": 11322458.065664582, ""Croston"": 10375350.782247925, ""TSB"": 10375350.782247925}"
PC000822;48;ARIMA;3253,05;[3320.97, 3362.82, 3388.61, 3404.5, 3414.3, 3420.34];2,1;ok;"{""ARIMA"": 111927.206871679, ""ExponentialSmoothing"": 490902.66380141256, ""SARIMAX"": 433341.58800254104, ""Holt"": 304360.5417130043, ""Prophet"": 585969.0982556046, ""Croston"": 186475.41482227002, ""TSB"": 186475.41482227002}"
PC000868;48;Ensemble;2581,67;[3213.18, 2812.02, 3302.06, 3250.27, 3630.13, 4246.5];24,5;ok;"{""ARIMA"": 1310771.0851787163, ""ExponentialSmoothing"": 1235567.5851894082, ""SARIMAX"": 1023035.0227793208, ""Holt"": 1203536.7776522527, ""Prophet"": 1395595.3101809488, ""Croston"": 1807248.0906591972, ""TSB"": 1807248.0906591972, ""Ensemble"": 809518.3616148267}"
PC000722;48;ARIMA;2479,54;[2635.59, 2636.14, 2636.15, 2636.15, 2636.15, 2636.15];6,3;ok;"{""ARIMA"": 336897.1781108276, ""ExponentialSmoothing"": 430114.1895188007, ""SARIMAX"": 640399.1783580215, ""Holt"": 748972.127783581, ""Prophet"": 534245.80401062, ""Croston"": 386562.0468788664, ""TSB"": 386562.0468788664, ""Ensemble"": 367911.4409744158}"
PC000593;48;Ensemble;1993,76;[2585.44, 2425.78, 2923.82, 3164.92, 4144.09, 4362.12];29,7;ok;"{""ARIMA"": 1775423.5410809899, ""ExponentialSmoothing"": 282860.9930765652, ""SARIMAX"": 267906.8331814536, ""Holt"": 1696692.1104935396, ""Prophet"": 269649.3917412848, ""Croston"": 885406.5749541024, ""TSB"": 885406.5749541024, ""Ensemble"": 263556.0679647301}"
PC000370;48;SARIMAX;4899,11;[4487.64, 4889.68, 5411.39, 6183.43, 5919.19, 8852.96];-8,4;ok;"{""ARIMA"": 9906888.564715587, ""ExponentialSmoothing"": 11962477.16301684, ""SARIMAX"": 2474480.4017893826, ""Holt"": 73525467.99852319, ""Prophet"": 13784087.176189655, ""Croston"": 13201793.073198646, ""TSB"": 13201793.073198646}"
PC000381;48;Prophet;3255,5699999999997;[2242.61, 2762.64, 3034.83, 3338.9, 4444.7, 4097.05];-31,1;ok;"{""ARIMA"": 1177686.8374236182, ""ExponentialSmoothing"": 997968.3023254899, ""SARIMAX"": 1877496.5204867648, ""Holt"": 1214882.0175744013, ""Prophet"": 818181.5422823043, ""Croston"": 1585500.4199723378, ""TSB"": 1585500.4199723378}"
PC000072;48;Prophet;1972,23;[2341.83, 2188.98, 3031.57, 3046.38, 3023.95, 3276.95];18,7;ok;"{""ARIMA"": 1220869.4509272166, ""ExponentialSmoothing"": 698120.1928684417, ""SARIMAX"": 756326.8433801384, ""Holt"": 1369727.202122171, ""Prophet"": 642179.7832756944, ""Croston"": 1318356.4440083352, ""TSB"": 1318356.4440083352, ""Ensemble"": 692060.1480452687}"
PC000920;48;Ensemble;2575,6;[2375.66, 2742.94, 2893.63, 3484.37, 3311.18, 3781.62];-7,8;ok;"{""ARIMA"": 1952342.2149099268, ""ExponentialSmoothing"": 602323.3852201252, ""SARIMAX"": 631089.3454833518, ""Holt"": 2017149.2113431117, ""Prophet"": 805474.3449584879, ""Croston"": 723582.1581965311, ""TSB"": 723582.1581965311, ""Ensemble"": 573547.0705106296}"
PC000388;48;Prophet;2399,87;[2485.84, 1981.58, 2694.81, 2949.21, 3544.35, 3584.11];3,6;ok;"{""ARIMA"": 525282.197030996, ""ExponentialSmoothing"": 231632.20132295298, ""SARIMAX"": 305125.5478898924, ""Holt"": 707042.1914995677, ""Prophet"": 141111.62350964002, ""Croston"": 622278.0356635711, ""TSB"": 622278.0356635711}"
PC000599;48;Ensemble;3302,29;[3017.24, 3075.21, 3036.19, 3297.62, 3282.34, 3492.84];-8,6;ok;"{""ARIMA"": 497012.34513745265, ""ExponentialSmoothing"": 407419.54569933284, ""SARIMAX"": 848873.9750623107, ""Holt"": 502167.51331697736, ""Prophet"": 566538.8967804608, ""Croston"": 466478.79399751226, ""TSB"": 466478.79399751226, ""Ensemble"": 401629.1528763745}"
PC000165;48;Prophet;3057,8;[2619.4, 2396.95, 2727.78, 3457.83, 3723.99, 4300.8];-14,3;ok;"{""ARIMA"": 2519220.655737579, ""ExponentialSmoothing"": 233569.73833972236, ""SARIMAX"": 533094.8459212403, ""Holt"": 2171098.527787206, ""Prophet"": 187757.56946555214, ""Croston"": 483143.2110686407, ""TSB"": 483143.2110686407}"
PC000506;48;SARIMAX;4070,9300000000003;[4844.14, 5183.46, 5278.05, 5375.13, 6401.84, 6503.48];19,0;ok;"{""ARIMA"": 1335293.5497032527, ""ExponentialSmoothing"": 5331323.748450662, ""SARIMAX"": 787963.077760436, ""Holt"": 4042354.6366769583, ""Prophet"": 2642355.414901867, ""Croston"": 2555343.501115188, ""TSB"": 2555343.501115188}"
PC000791;48;SARIMAX;2485,21;[3472.33, 3560.05, 3902.07, 4536.05, 4486.75, 5100.03];39,7;ok;"{""ARIMA"": 1278192.9593107288, ""ExponentialSmoothing"": 1033019.5122110398, ""SARIMAX"": 770030.5161988469, ""Holt"": 1069220.9279400501, ""Prophet"": 1969774.218793534, ""Croston"": 1899645.645971832, ""TSB"": 1899645.645971832}"
PC000645;48;SARIMAX;1608,6999999999998;[1632.32, 1786.96, 2369.45, 2314.32, 2251.53, 2579.3];1,5;ok;"{""ARIMA"": 529060.785206214, ""ExponentialSmoothing"": 408055.57368137146, ""SARIMAX"": 397230.4578852611, ""Holt"": 584147.8197547786, ""Prophet"": 652229.6001316806, ""Croston"": 577884.9202020884, ""TSB"": 577884.9202020884}"
PC000298;48;ExponentialSmoothing;2062,61;[1722.63, 1989.11, 2401.93, 2478.14, 2682.05, 2986.37];-16,5;ok;"{""ARIMA"": 648712.2783637933, ""ExponentialSmoothing"": 88767.57016382465, ""SARIMAX"": 127925.83131856563, ""Holt"": 432992.95129667193, ""Prophet"": 160187.11449769925, ""Croston"": 189272.02467423584, ""TSB"": 189272.02467423584}"
PC000926;48;ExponentialSmoothing;2022,26;[1708.29, 2251.57, 2140.84, 2480.04, 2418.28, 3087.19];-15,5;ok;"{""ARIMA"": 271911.06839045585, ""ExponentialSmoothing"": 86590.68365925562, ""SARIMAX"": 101074.46632922832, ""Holt"": 402514.27290411753, ""Prophet"": 121274.33407966852, ""Croston"": 356233.84066704777, ""TSB"": 356233.84066704777}"
PC000795;48;ExponentialSmoothing;2289,08;[1668.6, 1959.0, 2244.31, 2358.35, 3245.4, 2987.61];-27,1;ok;"{""ARIMA"": 262488.46254664316, ""ExponentialSmoothing"": 144650.28305691815, ""SARIMAX"": 152046.23272801808, ""Holt"": 664261.305040545, ""Prophet"": 264855.085067687, ""Croston"": 292143.5322412007, ""TSB"": 292143.5322412007}"
PC000133;48;Prophet;2093,62;[1644.75, 1720.3, 1881.45, 2346.61, 2921.68, 2917.63];-21,4;ok;"{""ARIMA"": 336860.4364554198, ""ExponentialSmoothing"": 170326.14999687762, ""SARIMAX"": 185377.92204481215, ""Holt"": 324944.8829812454, ""Prophet"": 165417.45952400094, ""Croston"": 239232.93587021553, ""TSB"": 239232.93587021553, ""Ensemble"": 168642.92500602297}"
PC000515;48;Ensemble;1430,3899999999999;[2043.87, 2000.26, 2091.54, 2130.84, 2349.18, 2546.13];42,9;ok;"{""ARIMA"": 1142226.0850136622, ""ExponentialSmoothing"": 302362.83547026874, ""SARIMAX"": 316321.58874010487, ""Holt"": 1031743.439801516, ""Prophet"": 259764.16490974816, ""Croston"": 285540.29415926733, ""TSB"": 285540.29415926733, ""Ensemble"": 221160.9560170192}"
PC000203;48;Prophet;1576,6;[1882.8, 2043.42, 2038.37, 2161.9, 2369.51, 3019.46];19,4;ok;"{""ARIMA"": 842341.7639690036, ""ExponentialSmoothing"": 54173.14275864031, ""SARIMAX"": 130594.06688706792, ""Holt"": 578446.5448932826, ""Prophet"": 45911.74277052731, ""Croston"": 312851.8727446078, ""TSB"": 312851.8727446078}"
PC000430;48;ARIMA;9859,42;[10856.32, 11184.11, 11291.89, 11327.32, 11338.98, 11342.81];10,1;ok;"{""ARIMA"": 192908517.18620765, ""ExponentialSmoothing"": 195118634.69935298, ""SARIMAX"": 195195313.53795484, ""Holt"": 193567454.11264727, ""Prophet"": 195202247.68198717, ""Croston"": 193888578.82378772, ""TSB"": 193888578.82378772, ""Ensemble"": 193453737.27627525}"
PC000494;48;Croston;1781,93;[2189.99, 2189.99, 2189.99, 2189.99, 2189.99, 2189.99];22,9;ok;"{""ARIMA"": 205885.96960321395, ""ExponentialSmoothing"": 235899.03405952686, ""SARIMAX"": 267206.7801572145, ""Holt"": 194385.0874324199, ""Prophet"": 303860.5882795528, ""Croston"": 100483.69137511472, ""TSB"": 100483.69137511472}"
PC000240;48;SARIMAX;2173,45;[2193.63, 2007.07, 2497.15, 2204.84, 3308.85, 3517.36];0,9;ok;"{""ARIMA"": 1049901.3856102813, ""ExponentialSmoothing"": 345730.59875471116, ""SARIMAX"": 245324.33691838183, ""Holt"": 878854.9583051577, ""Prophet"": 695394.4782993416, ""Croston"": 801922.0574416117, ""TSB"": 801922.0574416117}"
PC000607;48;Croston;1825,3000000000002;[2089.93, 2089.93, 2089.93, 2089.93, 2089.93, 2089.93];14,5;ok;"{""ARIMA"": 268434.84543491097, ""ExponentialSmoothing"": 170130.71953908168, ""SARIMAX"": 165567.23442542218, ""Holt"": 232429.26882572277, ""Prophet"": 160832.85028901364, ""Croston"": 84148.49678822397, ""TSB"": 84148.49678822397}"
PC000622;48;Prophet;1718,4299999999998;[1374.75, 1615.31, 1558.72, 2268.57, 2347.76, 2655.91];-20,0;ok;"{""ARIMA"": 167169.15865384694, ""ExponentialSmoothing"": 118359.49773381569, ""SARIMAX"": 282167.30443786754, ""Holt"": 166158.57315729625, ""Prophet"": 91934.17150357353, ""Croston"": 167428.99964131817, ""TSB"": 167428.99964131817}"
PC000961;48;Croston;1586,75;[2101.6, 2101.6, 2101.6, 2101.6, 2101.6, 2101.6];32,4;ok;"{""ARIMA"": 161656.95143456754, ""ExponentialSmoothing"": 273778.63746671047, ""SARIMAX"": 246561.21488514345, ""Holt"": 160547.7613147856, ""Prophet"": 240258.21512590695, ""Croston"": 158746.06189530392, ""TSB"": 158746.06189530392, ""Ensemble"": 159140.55533362832}"
PC000101;48;Prophet;1298,1599999999999;[1461.14, 1191.98, 1901.76, 1789.14, 2089.28, 2046.16];12,6;ok;"{""ARIMA"": 423380.61032544594, ""ExponentialSmoothing"": 381709.0359402166, ""SARIMAX"": 350439.74764819845, ""Holt"": 414034.90686331206, ""Prophet"": 254620.97949689583, ""Croston"": 405595.0289838496, ""TSB"": 405595.0289838496}"
PC000191;48;Ensemble;1178,36;[1317.4, 1503.36, 1521.44, 1740.45, 2103.02, 2139.35];11,8;ok;"{""ARIMA"": 433868.00728250697, ""ExponentialSmoothing"": 37378.27844949559, ""SARIMAX"": 41828.16686721046, ""Holt"": 235763.71406505656, ""Prophet"": 45905.847407402915, ""Croston"": 190846.26239021416, ""TSB"": 190846.26239021416, ""Ensemble"": 33852.83708374694}"
PC000455;48;Ensemble;1520,56;[1245.76, 1443.62, 1513.76, 1564.91, 1909.8, 2030.89];-18,1;ok;"{""ARIMA"": 171669.19020602453, ""ExponentialSmoothing"": 124082.67054047965, ""SARIMAX"": 124411.23559738196, ""Holt"": 136189.67779282914, ""Prophet"": 156990.0408676956, ""Croston"": 130922.52819446089, ""TSB"": 130922.52819446089, ""Ensemble"": 110186.76770609675}"
PC000867;48;ExponentialSmoothing;1266,01;[1190.41, 1249.34, 1564.13, 1324.88, 1872.15, 1947.92];-6,0;ok;"{""ARIMA"": 339482.8082513874, ""ExponentialSmoothing"": 53981.914073436, ""SARIMAX"": 57844.67116179769, ""Holt"": 215234.25501675112, ""Prophet"": 77639.3124408959, ""Croston"": 131284.1611170588, ""TSB"": 131284.1611170588}"
PC000423;48;SARIMAX;1208,9699999999998;[1066.47, 1069.6, 1486.33, 1446.18, 1870.93, 1935.65];-11,8;ok;"{""ARIMA"": 515275.6923213505, ""ExponentialSmoothing"": 56025.60033748549, ""SARIMAX"": 33176.1466646409, ""Holt"": 428753.4601428434, ""Prophet"": 71717.18016386629, ""Croston"": 54052.55524457581, ""TSB"": 54052.55524457581}"
PC000319;48;SARIMAX;1218,99;[1052.07, 1142.09, 1574.3, 1692.08, 1574.61, 2096.29];-13,7;ok;"{""ARIMA"": 233176.48919634774, ""ExponentialSmoothing"": 145432.0843498271, ""SARIMAX"": 108391.50168637821, ""Holt"": 225634.90651918322, ""Prophet"": 138342.90309614578, ""Croston"": 217683.47766170136, ""TSB"": 217683.47766170136}"
PC000598;48;ARIMA;1173,33;[1304.05, 1370.97, 1405.23, 1422.77, 1431.75, 1436.35];11,1;ok;"{""ARIMA"": 68523.66224555571, ""ExponentialSmoothing"": 126958.38499466771, ""SARIMAX"": 127449.1124588014, ""Holt"": 80426.19523912286, ""Prophet"": 139293.20625829944, ""Croston"": 77144.62939645899, ""TSB"": 77144.62939645899, ""Ensemble"": 73248.72903243656}"
PC000014;48;ExponentialSmoothing;1063,03;[984.91, 999.21, 1264.08, 1414.05, 1509.52, 1565.66];-7,3;ok;"{""ARIMA"": 93834.72146325985, ""ExponentialSmoothing"": 32598.171657163446, ""SARIMAX"": 43152.689758764864, ""Holt"": 80037.65585522699, ""Prophet"": 49547.744841238455, ""Croston"": 75686.22159855817, ""TSB"": 75686.22159855817}"
PC000998;48;SARIMAX;1953,65;[1908.05, 2062.39, 2458.02, 2759.39, 3059.91, 2971.86];-2,3;ok;"{""ARIMA"": 257355.58013043972, ""ExponentialSmoothing"": 234924.63460711564, ""SARIMAX"": 204483.73348546706, ""Holt"": 410943.9897947756, ""Prophet"": 1570017.7857277489, ""Croston"": 1312524.7168838733, ""TSB"": 1312524.7168838733, ""Ensemble"": 223207.67658015966}"
PC000169;48;SARIMAX;1094,33;[1024.74, 1018.15, 1058.6, 1285.0, 1572.19, 1618.99];-6,4;ok;"{""ARIMA"": 57476.76384594417, ""ExponentialSmoothing"": 6264.357927676156, ""SARIMAX"": 5266.480616013244, ""Holt"": 57300.94910948662, ""Prophet"": 6682.594762878391, ""Croston"": 46328.12332954068, ""TSB"": 46328.12332954068, ""Ensemble"": 5441.967807170408}"
PC000605;48;SARIMAX;1377,8500000000001;[1542.63, 1441.86, 1711.59, 2099.15, 2242.42, 2090.45];12,0;ok;"{""ARIMA"": 287292.30846057954, ""ExponentialSmoothing"": 93989.53750475019, ""SARIMAX"": 79426.90812359504, ""Holt"": 262275.46942058083, ""Prophet"": 231170.5261132072, ""Croston"": 399393.2486428453, ""TSB"": 399393.2486428453}"
PC000651;48;Ensemble;913,65;[1084.52, 1084.52, 1084.52, 1084.52, 1084.52, 1084.52];18,7;ok;"{""ARIMA"": 71060.38956288356, ""ExponentialSmoothing"": 85060.92917600277, ""SARIMAX"": 82787.83796273699, ""Holt"": 69863.43606150053, ""Prophet"": 87522.43234038784, ""Croston"": 70664.98392927043, ""TSB"": 70664.98392927043, ""Ensemble"": 64457.16850299735}"
PC000677;48;SARIMAX;1023,4;[800.95, 870.76, 1029.74, 1117.3, 1263.49, 1596.66];-21,7;ok;"{""ARIMA"": 138372.681157307, ""ExponentialSmoothing"": 13873.976681863567, ""SARIMAX"": 11260.442202922357, ""Holt"": 110923.80098551213, ""Prophet"": 18042.158614629385, ""Croston"": 39271.601112593264, ""TSB"": 39271.601112593264}"
PC000301;48;SARIMAX;689,95;[803.96, 650.35, 877.08, 1028.13, 1370.82, 1441.15];16,5;ok;"{""ARIMA"": 138997.82274781633, ""ExponentialSmoothing"": 54094.48833391103, ""SARIMAX"": 35820.611773809134, ""Holt"": 145169.11910471044, ""Prophet"": 62376.94872865483, ""Croston"": 77343.24172478786, ""TSB"": 77343.24172478786}"
PC000516;48;SARIMAX;653,11;[826.16, 810.13, 971.97, 878.38, 1081.41, 1260.22];26,5;ok;"{""ARIMA"": 70086.33765657277, ""ExponentialSmoothing"": 28950.096734816256, ""SARIMAX"": 26489.03742849636, ""Holt"": 69313.24488651114, ""Prophet"": 38754.27994313875, ""Croston"": 56987.78173096102, ""TSB"": 56987.78173096102}"
PC000202;48;SARIMAX;1053,88;[867.03, 905.06, 1026.51, 1055.9, 1223.26, 1264.8];-17,7;ok;"{""ARIMA"": 137267.75513076948, ""ExponentialSmoothing"": 122779.90968731452, ""SARIMAX"": 108744.92765284295, ""Holt"": 132472.4669967726, ""Prophet"": 113678.62349064456, ""Croston"": 137221.71915426324, ""TSB"": 137221.71915426324, ""Ensemble"": 111776.89961763087}"
PC000435;48;Prophet;853,6600000000001;[674.72, 780.17, 864.81, 1009.72, 1261.96, 1136.91];-21,0;ok;"{""ARIMA"": 114538.23404452695, ""ExponentialSmoothing"": 64473.59858145058, ""SARIMAX"": 114178.9785082123, ""Holt"": 111236.9571261833, ""Prophet"": 52372.322515594955, ""Croston"": 138256.80297066947, ""TSB"": 138256.80297066947}"
PC000629;48;ARIMA;1560,6;[1468.26, 1400.57, 1350.94, 1314.56, 1287.9, 1268.35];-5,9;ok;"{""ARIMA"": 2106340.2066229586, ""ExponentialSmoothing"": 2181203.095397251, ""SARIMAX"": 2420262.25456762, ""Holt"": 2205169.9947525742, ""Prophet"": 2171301.5327879624, ""Croston"": 2211586.002375832, ""TSB"": 2211586.002375832, ""Ensemble"": 2145863.7121602814}"
PC000810;48;Ensemble;1957,9099999999999;[1828.91, 1818.47, 1823.76, 1821.08, 1822.43, 1821.75];-6,6;ok;"{""ARIMA"": 1621253.929533052, ""ExponentialSmoothing"": 10794137.366800992, ""SARIMAX"": 2602509.6580967866, ""Holt"": 11467040.99447806, ""Prophet"": 1640904.0238391694, ""Croston"": 1444903.593105496, ""TSB"": 1444903.593105496, ""Ensemble"": 388664.11191847245}"
PC000340;48;SARIMAX;651,79;[544.85, 627.39, 677.74, 549.27, 514.42, 708.22];-16,4;ok;"{""ARIMA"": 79115.96019335241, ""ExponentialSmoothing"": 46016.9000704735, ""SARIMAX"": 40027.194087382544, ""Holt"": 80857.66077388712, ""Prophet"": 48402.73398387086, ""Croston"": 90845.57960950969, ""TSB"": 90845.57960950969, ""Ensemble"": 40597.70315872922}"
PC000050;48;SARIMAX;706,9399999999999;[754.85, 594.02, 1136.58, 945.93, 1273.25, 1339.86];6,8;ok;"{""ARIMA"": 39016.80862252502, ""ExponentialSmoothing"": 53681.07255440702, ""SARIMAX"": 18266.34685057481, ""Holt"": 51581.11972808412, ""Prophet"": 50056.944674523016, ""Croston"": 79691.61906107036, ""TSB"": 79691.61906107036}"
PC000577;48;ExponentialSmoothing;294,38;[309.16, 379.75, 386.37, 481.3, 518.51, 592.68];5,0;ok;"{""ARIMA"": 18233.662312311626, ""ExponentialSmoothing"": 2912.373661752532, ""SARIMAX"": 4009.608713889095, ""Holt"": 17533.409087321008, ""Prophet"": 4513.802509336879, ""Croston"": 12429.533428513021, ""TSB"": 12429.533428513021}"
PC000902;48;ARIMA;334,77;[434.25, 394.66, 410.41, 404.15, 406.64, 405.65];29,7;ok;"{""ARIMA"": 18641.229585096673, ""ExponentialSmoothing"": 24483.913791858115, ""SARIMAX"": 29449.08549750078, ""Holt"": 28365.828984026415, ""Prophet"": 25127.776482693356, ""Croston"": 29156.945064305462, ""TSB"": 29156.945064305462}"
PC000284;48;Croston;323,48;[353.31, 353.31, 353.31, 353.31, 353.31, 353.31];9,2;ok;"{""ARIMA"": 12099.512230809187, ""ExponentialSmoothing"": 4472.705474129021, ""SARIMAX"": 4778.895146325286, ""Holt"": 8288.723189245351, ""Prophet"": 5291.9172913065595, ""Croston"": 2888.17192645718, ""TSB"": 2888.17192645718}"
PC000073;48;Croston;266,03999999999996;[289.56, 289.56, 289.56, 289.56, 289.56, 289.56];8,8;ok;"{""ARIMA"": 3707.3232394496868, ""ExponentialSmoothing"": 11539.384013673714, ""SARIMAX"": 8278.75303119713, ""Holt"": 3508.7951487232763, ""Prophet"": 12994.636764160181, ""Croston"": 1958.24908106519, ""TSB"": 1958.24908106519}"
