Produto;valor;pct;pct_acumulado;classe_abc
PC000646;1471048,99;0,6642618948364604;0,6642618948364604;A
PC000782;1396396,56;0,6305520966291647;1,2948139914656251;A
PC000123;1383615,22;0,6247805980695217;1,919594589535147;A
PC000410;1380421,51;0,6233384572091021;2,542933046744249;A
PC000954;1333085,12;0,6019633974185252;3,1448964441627743;A
PC000845;1246413,56;0,5628262816151747;3,707722725777949;A
PC000713;1229805,57;0,5553268339544785;4,263049559732427;A
PC000554;1216672,49;0,5493965048728896;4,812446064605317;A
PC000701;1153300,82;0,5207806084076395;5,333226673012956;A
PC000118;1140873,21;0,5151688389675961;5,848395511980552;A
PC000689;1107943,99;0,5002994320196421;6,3486949440001945;A
PC000282;1075599,19;0,4856939237856123;6,8343888677858065;A
PC000634;1038590,62;0,46898245938129784;7,303371327167104;A
PC000023;1018218,5;0,4597832939387956;7,7631546211059;A
PC000674;1017104,6799999999;0,45928034115562094;8,222434962261522;A
PC000707;1015537,68;0,458572751947998;8,68100771420952;A
PC000135;1010524,06;0,45630881869775997;9,13731653290728;A
PC000190;957181,02;0,4322214163966734;9,569537949303953;A
PC000901;955928,56;0,43165585980511023;10,001193809109063;A
PC000618;940509,78;0,4246934077804047;10,425887216889468;A
PC000774;911854,38;0,4117538725027273;10,837641089392195;A
PC000866;908369,31;0,410180166108464;11,247821255500659;A
PC000853;872131,84;0,39381689700599887;11,641638152506658;A
PC000600;858126,7000000001;0,387492783467231;12,029130935973889;A
PC000913;858117,38;0,3874885749596272;12,416619510933517;A
PC000400;858065,0;0,38746492242440367;12,80408443335792;A
PC000806;830833,9400000001;0,3751685572883892;13,17925299064631;A
PC000055;822350,0700000001;0,37133760971284574;13,550590600359156;A
PC000955;807593,17;0,36467403397706266;13,915264634336218;A
PC000844;802494,72;0,3623717951796117;14,27763642951583;A
PC000141;798869,09;0,36073461798826884;14,6383710475041;A
PC000640;794465,19;0,35874600783418403;14,997117055338284;A
PC000105;787179,17;0,35545595734374025;15,352573012682024;A
PC000728;771937,17;0,34857333149652264;15,701146344178547;A
PC000595;771003,33;0,3481516498719874;16,049297994050534;A
PC000551;769144,91;0,3473124680371242;16,396610462087658;A
PC000146;763124,34;0,34459383985860537;16,74120430194626;A
PC000385;760848,71;0,34356626409054974;17,084770566036813;A
PC000357;749629,12;0,3384999840663283;17,42327055010314;A
PC000823;736729,97;0,3326752876224799;17,75594583772562;A
PC000042;734691,08;0,3317546133662384;18,08770045109186;A
PC000225;725150,8;0,3274466368724913;18,41514708796435;A
PC000430;708740,87;0,3200366245139405;18,73518371247829;A
PC000147;707606,61;0,3195244419136607;19,05470815439195;A
PC000344;702268,94;0,3171141817440033;19,371822336135953;A
PC000335;701759,46;0,3168841226824208;19,688706458818373;A
PC000527;701020,32;0,3165503591298219;20,005256817948194;A
PC000201;697536,0599999999;0,31497701849641246;20,320233836444608;A
PC000045;694499,66;0,31360591200628707;20,633839748450896;A
PC000596;693417,72;0,3131173548478342;20,94695710329873;A
PC000226;691026,15;0,31203742560643344;21,258994528905163;A
PC000855;690872,82;0,3119681884314463;21,57096271733661;A
PC000196;682990,32;0,3084087934543637;21,879371510790975;A
PC000510;680360,87;0,3072214479266137;22,18659295871759;A
PC000811;675651,0399999999;0,3050946930588797;22,49168765177647;A
PC000053;657938,42;0,29709644242025335;22,788784094196725;A
PC000349;657511,64;0,2969037270903049;23,08568782128703;A
PC000700;644368,03;0,2909686431176144;23,376656464404647;A
PC000682;634037,1;0,28630364339029546;23,66296010779494;A
PC000416;633611,34;0,28611138864808894;23,94907149644303;A
PC000518;631586,67;0,2851971355268394;24,23426863196987;A
PC000893;631290,91;0,2850635831439124;24,51933221511378;A
PC000912;618134,09;0,27912253410840593;24,798454749222188;A
PC000131;617589,5700000001;0,2788766525032146;25,077331401725402;A
PC000027;617531,96;0,27885063832692153;25,356182040052325;A
PC000019;617220,77;0,2787101184255047;25,63489215847783;A
PC000180;616552,32;0,2784082754096555;25,913300433887485;A
PC000150;611150,21;0,27596891693205994;26,189269350819547;A
PC000256;607442,43;0,27429464436521855;26,463563995184767;A
PC000338;606914,13;0,2740560870082388;26,737620082193008;A
PC000729;601033,83;0,27140079867538264;27,00902088086839;A
PC000152;599984,79;0,2709270977293936;27,279947978597786;A
PC000148;595410,75;0,2688616597337102;27,548809638331495;A
PC000903;589847,14;0,266349374863625;27,81515901319512;A
PC000673;588870,94;0,2659085653010968;28,081067578496217;A
PC000500;588425,65;0,26570749165830015;28,346775070154518;A
PC000469;585302,1;0,26429703200962695;28,611072102164144;A
PC000046;582088,53;0,2628459232349358;28,873918025399078;A
PC000661;580473,72;0,2621167451057962;29,136034770504875;A
PC000425;573734,32;0,2590735244894244;29,395108294994298;A
PC000945;565497,8099999999;0,25535427395689153;29,65046256895119;A
PC000882;556492,76;0,2512879841074304;29,901750553058623;A
PC000181;555761,62;0,25095783300771024;30,152708386066333;A
PC000762;553525,75;0,249948211130462;30,402656597196795;A
PC000899;552469,72;0,2494713538037701;30,652127951000566;A
PC000151;551984,7999999999;0,24925238497252533;30,90138033597309;A
PC000743;545419,86;0,2462879429223067;31,1476682788954;A
PC000271;544328,53;0,2457951456472874;31,393463424542688;A
PC000166;535977,09;0,24202399771358535;31,635487422256272;A
PC000249;534598,08;0,24140129663304657;31,87688871888932;A
PC000470;534211,62;0,24122678806560693;32,11811550695493;A
PC000570;532458,28;0,24043505579930588;32,35855056275423;A
PC000360;531678,45;0,2400829184082525;32,59863348116249;A
PC000024;531473,26;0,23999026350747893;32,83862374466997;A
PC000077;531340,12;0,23993014326044454;33,07855388793041;A
PC000155;530879,84;0,23972230078406626;33,31827618871448;A
PC000080;528643,91;0,2387126518134214;33,5569888405279;A
PC000839;523975,88;0,23660477201197885;33,79359361253988;A
PC000943;523647,12;0,23645631826092706;34,03004993080081;A
PC000443;518884,71;0,23430582054664761;34,26435575134745;A
PC000052;516849,09;0,23338662288052026;34,497742374227975;A
PC000611;515743,68;0,2328874676884344;34,73062984191641;A
PC000026;513217,27999999997;0,2317466550693286;34,96237649698574;A
PC000686;507304,44;0,22907667308438817;35,191453170070126;A
PC000835;507074,77;0,22897296407780568;35,42042613414793;A
PC000950;506862,54;0,22887713021849881;35,64930326436643;A
PC000874;505740,32;0,2283703843598015;35,87767364872623;A
PC000687;502343,18;0,22683638333824155;36,10451003206447;A
PC000631;501036,26;0,22624623497370638;36,330756267038176;A
PC000566;498377,75;0,22504576721087427;36,55580203424905;A
PC000383;497594,76;0,2246922029009338;36,78049423714998;A
PC000746;497418,23;0,22461248961259833;37,00510672676258;A
PC000177;495540,81;0,22376472820214804;37,228871454964725;A
PC000109;492935,68;0,22258836453114936;37,451459819495874;A
PC000804;490116,78;0,2213154716036647;37,67277529109954;A
PC000520;488853,21;0,22074489821816615;37,893520189317705;A
PC000522;488434,82;0,22055597144817418;38,114076160765876;A
PC000525;487411,03;0,22009367230658364;38,33416983307246;A
PC000790;477443,35;0,21559270051778992;38,54976253359025;A
PC000005;476650,87;0,215234850935622;38,76499738452587;A
PC000449;475273,13;0,21461272333197778;38,979610107857845;A
PC000010;473217,7;0,21368458032940946;39,19329468818725;A
PC000668;472607,4;0,21340899533042265;39,40670368351768;A
PC000665;472287,54;0,21326456043319844;39,61996824395087;A
PC000545;469549,12;0,21202800878167388;39,831996252732544;A
PC000084;468201,87;0,21141964913906375;40,04341590187161;A
PC000312;463273,94;0,20919440977472317;40,252610311646336;A
PC000371;461826,96;0,20854101639141345;40,46115132803775;A
PC000630;460629,0;0,20800006963508666;40,669151397672834;A
PC000959;460421,01;0,20790615037580554;40,87705754804864;A
PC000159;459101,14;0,20731015435317288;41,08436770240181;A
PC000306;458727,87;0,207141601817417;41,29150930421923;A
PC000784;457045,42;0,20638188039918767;41,49789118461842;A
PC000680;456644,19;0,20620070234062066;41,70409188695904;A
PC000548;456287,15;0,20603947856864252;41,91013136552768;A
PC000797;456168,10000000003;0,20598572075424076;42,116117086281925;A
PC000004;450808,64999999997;0,203565625681621;42,319682711963544;A
PC000184;450133,6;0,2032608023921469;42,52294351435569;A
PC000501;448546,13;0,20254396982072043;42,72548748417641;A
PC000378;448123,68;0,2023532097308925;42,92784069390731;A
PC000111;447619,45999999996;0,20212552585707777;43,129966219764384;A
PC000547;444154,55;0,2005609228440688;43,33052714260845;A
PC000585;443928,75;0,2004589613615664;43,53098610397002;A
PC000993;442434,01;0,19978400163457063;43,73077010560459;A
PC000929;441470,64;0,19934898554334676;43,93011909114794;A
PC000828;440383,04;0,19885787257448218;44,128976963722415;A
PC000197;437287,48000000004;0,19746005199531852;44,32643701571774;A
PC000304;436816,27;0,19724727400519468;44,52368428972293;A
PC000354;436421,41;0,1970689723622323;44,72075326208516;A
PC000295;436385,25;0,1970526440752204;44,91780590616038;A
PC000428;434876,02;0,196371141292948;45,11417704745333;A
PC000183;429879,38;0,19411487547394515;45,308291922927275;A
PC000684;429477,14999999997;0,19393324585876823;45,50222516878604;A
PC000489;428405,02;0,19344911847065793;45,6956742872567;A
PC000659;428264,34;0,19338559348678533;45,88905988074349;A
PC000858;426403,27;0,19254521502690597;46,08160509577039;A
PC000579;423370,74;0,19117585606086063;46,27278095183125;A
PC000785;423187,32;0,19109303154748333;46,46387398337873;A
PC000452;422593,38;0,19082483401463354;46,65469881739337;A
PC000398;421465,87;0,19031569942147017;46,845014516814835;A
PC000474;420582,01999999996;0,18991659111186096;47,034931107926695;A
PC000122;418897,32;0,1891558536912595;47,22408696161796;A
PC000143;418118,71;0,18880426719927015;47,41289122881723;A
PC000890;416985,85;0,18829271677824408;47,60118394559547;A
PC000496;416563,34;0,1881019295950196;47,789285875190494;A
PC000683;414720,04;0,1872695752960971;47,97655545048659;A
PC000861;413504,63;0,1867207488769286;48,16327619936352;A
PC000553;412610,4;0,18631695340970925;48,34959315277323;A
PC000278;411247,12;0,18570135531464332;48,53529450808787;A
PC000420;410279,8;0,18526455557481059;48,720559063662684;A
PC000063;408267,68;0,18435596948901453;48,904915033151696;A
PC000881;405177,95;0,18296078148488626;49,08787581463658;A
PC000838;402922,39;0,18194226845799014;49,26981808309457;A
PC000021;401576,59;0,1813345635724643;49,45115264666703;A
PC000733;401488,37;0,18129472724834397;49,632447373915376;A
PC000028;401265,0;0,1811938630484035;49,81364123696378;A
PC000448;400831,44;0,18099808616464022;49,994639323128425;A
PC000441;397945,14;0,17969475832165216;50,17433408145008;A
PC000980;397548,11;0,17951547680084642;50,35384955825092;A
PC000739;397309,83;0,1794078798918532;50,533257438142776;A
PC000328;396856,74;0,1792032841074997;50,71246072225028;A
PC000373;396174,99;0,17889543538873964;50,89135615763902;A
PC000066;395064,42;0,178393950164547;51,069750107803564;A
PC000212;394567,75;0,1781696755431366;51,2479197833467;A
PC000624;393609,69;0,17773705721751099;51,425656840564216;A
PC000871;391786,24;0,1769136663172939;51,60257050688151;A
PC000206;390828,39;0,1764811428185564;51,77905164970007;A
PC000546;390456,1;0,17631303280827815;51,95536468250835;A
PC000044;390228,83;0,1762104075375593;52,131575090045914;A
PC000996;390084,85;0,17614539241687416;52,30772048246279;A
PC000310;387497,06;0,17497685873749017;52,48269734120028;A
PC000473;384595,12;0,17366646854912415;52,6563638097494;A
PC000273;382926,7;0,17291308247013093;52,82927689221953;A
PC000230;382607,53;0,17276895914696755;53,002045851366496;A
PC000368;381813,08;0,17241021999827827;53,17445607136477;A
PC000560;380875,19;0,17198670956947318;53,34644278093425;A
PC000081;380421,83;0,17178199186483506;53,51822477279908;A
PC000006;380099,52;0,17163645065391675;53,68986122345299;A
PC000099;370751,55;0,16741531301180843;53,8572765364648;A
PC000211;370607,66;0,16735033853121822;54,024626874996024;A
PC000186;370343,9;0,1672312359598062;54,19185811095583;A
PC000215;369254,97;0,16673952242065052;54,358597633376476;A
PC000231;369006,24;0,16662720674508444;54,52522484012156;A
PC000644;366785,15;0,16562425887452964;54,69084909899609;A
PC000648;366073,94;0,16530310729804362;54,856152206294134;A
PC000606;365314,49;0,16496017263069881;55,02111237892483;A
PC000909;361394,83;0,16319022424936402;55,184302603174196;A
PC000604;361302,56;0,16314855912097387;55,34745116229517;A
PC000862;357956,99;0,1616378448737835;55,50908900716895;A
PC000619;355927,94;0,1607216139345828;55,66981062110354;A
PC000316;355398,55;0,16048256438089833;55,830293185484436;A
PC000736;354796,25;0,16021059183479028;55,990503777319226;A
PC000476;354185,65;0,15993487136882054;56,150438648688045;A
PC000818;353818,97;0,15976929459112352;56,31020794327917;A
PC000413;351886,56;0,15889670208269802;56,46910464536187;A
PC000672;351722,46;0,1588226016430229;56,62792724700489;A
PC000456;350115,43;0,15809693662430785;56,7860241836292;A
PC000946;349763,82;0,1579381648047212;56,94396234843392;A
PC000875;348568,8;0,15739854562482733;57,10136089405875;A
PC000758;346742,06;0,15657366910336387;57,25793456316212;A
PC000773;345506,5;0,15601574381850702;57,413950306980624;A
PC000421;345304,06;0,15592433069841052;57,569874637679035;A
PC000877;344190,37;0,15542143661759517;57,72529607429663;A
PC000693;343493,8;0,15510689582987724;57,880402970126504;A
PC000255;341756,58;0,15432244265612688;58,03472541278263;A
PC000812;341074,52;0,15401445395481778;58,18873986673744;A
PC000332;339720,73;0,15340314113197923;58,342143007869424;A
PC000089;339653,92;0,15337297263487568;58,4955159805043;A
PC000997;339364,48;0,1532422740897229;58,64875825459402;A
PC000771;338130,78;0,15268518870016037;58,80144344329418;A
PC000760;337332,25;0,15232460720050295;58,95376805049469;A
PC000608;336968,07;0,15216015931433052;59,105928209809015;A
PC000819;336502,93;0,15195012227282842;59,257878332081845;A
PC000610;336004,72;0,15172515225423885;59,40960348433608;A
PC000361;335077,66000000003;0,1513065321835184;59,5609100165196;A
PC000397;335061,54;0,15129925309096773;59,71220926961057;A
PC000829;334992,93;0,15126827179196645;59,86347754140253;A
PC000897;333931,92;0,15078916571335757;60,01426670711589;A
PC000205;333309,27;0,15050800399023923;60,164774711106126;A
PC000224;331978,77999999997;0,14990721243641;60,31468192354254;A
PC000513;330670,73;0,14931655381290568;60,463998477355446;A
PC000198;324057,8;0,1463304415609807;60,61032891891643;A
PC000233;323873,27;0,14624711581976652;60,7565760347362;A
PC000245;318181,98;0,14367717620173664;60,90025321093793;A
PC000359;317610,34;0,14341904838128636;61,04367225931922;A
PC000221;314852,32;0,14217364622020887;61,18584590553943;A
PC000138;314262,73;0,14190741295861187;61,32775331849804;A
PC000910;312795,91;0,1412450606921629;61,468998379190204;A
PC000032;312428,88;0,14107932586965244;61,61007770505986;A
PC000533;308987,9;0,139525528606317;61,74960323366618;A
PC000506;308255,26;0,1391947001716821;61,88879793383786;A
PC000914;307994,76;0,13907706967481814;62,027875003512676;A
PC000883;307085,68;0,13866656859194262;62,16654157210462;A
PC000920;306248,18;0,13828838993119963;62,30482996203582;A
PC000983;305931,73;0,138145494842015;62,44297545687783;A
PC000479;304732,2;0,1376038391418108;62,58057929601964;A
PC000957;303141,54;0,13688556610479888;62,717464862124444;A
PC000348;302120,85;0,13642466678869886;62,85388952891314;A
PC000788;301991,0;0,13636603216291085;62,990255561076054;A
PC000323;301572,12;0,13617688413018006;63,126432445206234;A
PC000104;300670,4;0,13576970650395298;63,262202151710184;A
PC000995;300550,15;0,13571540682161945;63,3979175585318;A
PC000615;300259,86;0,13558432445334828;63,53350188298515;A
PC000756;300168,77;0,13554319216175775;63,669045075146904;A
PC000003;300166,5;0,1355421671282534;63,804587242275154;A
PC000367;297038,38;0,13412964386587325;63,93871688614103;A
PC000511;295617,47000000003;0,13348802256338213;64,0722049087044;A
PC000451;295278,81;0,1333350984018929;64,2055400071063;A
PC000062;294666,34;0,13305853352506275;64,33859854063135;A
PC000616;293995,83;0,1327557603025973;64,47135430093395;A
PC000740;293977,43;0,1327474516609762;64,60410175259493;A
PC000347;292118,28;0,13190794018978777;64,73600969278472;A
PC000741;290504,93;0,13117942133329855;64,86718911411802;A
PC000376;289432,91;0,1306953436164153;64,99788445773443;A
PC000860;288774,29;0,13039793940204092;65,12828239713647;A
PC000481;288736,17;0,13038072606407372;65,25866312320055;A
PC000944;288448,25;0,13025071388496792;65,38891383708551;A
PC000277;287857,48;0,12998394778657132;65,51889778487208;A
PC000571;287122,87;0,12965222978541502;65,6485500146575;A
PC000833;287027,18;0,1296090203334192;65,77815903499092;A
PC000825;286500,86;0,12937135705852695;65,90753039204945;A
PC000613;285903,72;0,12910171454452568;66,03663210659398;A
PC000270;284680,24;0,1285492440635157;66,1651813506575;A
PC000058;284383,89;0,12841542526218894;66,2935967759197;A
PC000834;281639,04;0,12717597010166304;66,42077274602136;A
PC000805;281253,44;0,12700184987290783;66,54777459589427;A
PC000094;281227,57;0,12699016810341124;66,67476476399767;A
PC000620;281200,13;0,12697777739003716;66,80174254138771;A
PC000723;278141,43;0,12559660118751226;66,92733914257522;A
PC000374;277859,12;0,12546912224098763;67,0528082648162;A
PC000432;277790,52;0,12543814545755247;67,17824641027376;A
PC000281;277764,41000000003;0,1254263553144695;67,30367276558823;A
PC000076;277759,14;0,1254239756111356;67,42909674119937;A
PC000905;277505,64;0,12530950601054058;67,55440624720991;A
PC000086;276282,87;0,1247573561347236;67,67916360334463;A
PC000925;274795,89;0,12408590048702016;67,80324950383165;A
PC000351;273938,28;0,12369864102285326;67,9269481448545;A
PC000642;273910,82;0,12368624127834697;68,05063438613286;A
PC000015;272858,99;0,12321128048941646;68,17384566662227;A
PC000657;272176,74;0,12290320599235148;68,29674887261463;A
PC000623;271225,11;0,12247349117572717;68,41922236379035;A
PC000007;269464,93;0,12167867026221482;68,54090103405257;A
PC000727;268700,3;0,12133339653163104;68,66223443058419;A
PC000293;267765,92;0,12091147106652653;68,78314590165071;A
PC000859;267730,25;0,12089536404225344;68,90404126569297;A
PC000919;267307,76;0,12070458589016114;69,02474585158313;A
PC000434;266743,29;0,12044969573060339;69,14519554731373;A
PC000532;266470,77;0,12032663752328916;69,26552218483702;A
PC000621;265778,34;0,12001396617993601;69,38553615101696;A
PC000757;265304,91;0,1198001857341383;69,5053363367511;A
PC000854;264966,56;0,11964740155519815;69,6249837383063;A
PC000495;263850,81;0,11914357726776652;69,74412731557406;A
PC000591;263386,17;0,11893376600456934;69,86306108157864;A
PC000963;261912,08000000002;0,1182681309215668;69,9813292125002;A
PC000085;261378,93;0,11802738351502932;70,09935659601523;A
PC000786;260656,72;0,11770126481583507;70,21705786083106;A
PC000405;260323,72;0,11755089646475754;70,33460875729583;A
PC000453;260250,49000000002;0,1175178289742188;70,45212658627004;A
PC000471;257438,46;0,11624803824064371;70,56837462451068;A
PC000563;256250,51;0,11571161156598145;70,68408623607667;A
PC000173;254731,21;0,11502556160864791;70,79911179768531;A
PC000307;254057,07;0,11472114923568878;70,913832946921;A
PC000921;253041,95;0,11426276508990559;71,02809571201091;A
PC000175;250704,64;0,11320733731015489;71,14130304932107;A
PC000933;250511,33000000002;0,11312004690190625;71,25442309622298;A
PC000917;248953,6;0,11241664362405647;71,36683973984704;A
PC000732;248381,31;0,11215822229180977;71,47899796213885;A
PC000916;248212,97;0,1120822072521089;71,59108016939096;A
PC000507;246764,51;0,11142814556501662;71,70250831495598;A
PC000573;246344,74;0,11123859564690307;71,81374691060289;A
PC000889;245585,19;0,1108956158238973;71,92464252642678;A
PC000816;245440,92;0,11083046975179534;72,03547299617857;A
PC000431;245101,91999999998;0,11067739206105877;72,14615038823963;A
PC000628;245009,96;0,11063586691521766;72,25678625515485;A
PC000061;243528,97999999998;0,10996712060717329;72,36675337576202;A
PC000129;242858,53;0,10966437447810445;72,47641775024012;A
PC000040;242804,61000000002;0,10964002654570176;72,58605777678582;A
PC000355;242321,76;0,10942199243663937;72,69547976922246;A
PC000915;242131,91;0,10933626441426081;72,80481603363673;A
PC000056;242083,86000000002;0,10931456711915787;72,91413060075588;A
PC000260;240542,96;0,10861876353905173;73,02274936429494;A
PC000168;239089,25;0,10796233117975779;73,1307116954747;A
PC000670;238785,14;0,10782500829913862;73,23853670377385;A
PC000543;238367,99000000002;0,10763664145934286;73,34617334523318;A
PC000124;237880,28;0,10741641278515662;73,45358975801834;A
PC000801;236103,79;0,10661422698333774;73,56020398500168;A
PC000280;235123,56;0,10617159764767194;73,66637558264935;A
PC000836;234289,08000000002;0,10579478268789068;73,77217036533725;A
PC000639;233592,58;0,10548027350913544;73,87765063884638;A
PC000257;233559,81;0,10546547599903092;73,9831161148454;A
PC000973;232998,35;0,10521194502486882;74,08832805987026;A
PC000824;229640,96;0,10369589337855009;74,19202395324882;A
PC000227;229386,35;0,10358092255011812;74,29560487579894;A
PC000237;227958,22999999998;0,10293604552447;74,39854092132342;A
PC000036;227237,65;0,1026106628625498;74,50115158418596;A
PC000464;226989,66;0,10249868133887499;74,60365026552483;A
PC000960;226506,19999999998;0,10228037178028057;74,70593063730512;A
PC000419;225524,34;0,10183700640734074;74,80776764371245;A
PC000275;224270,43;0,10127079505869328;74,90903843877115;A
PC000321;224214,75;0,10124565238665727;75,0102840911578;A
PC000187;223867,44;0,1010888222604929;75,1113729134183;A
PC000305;223781,63;0,10105007418780233;75,21242298760609;A
PC000467;223178,1;0,10077754622706415;75,31320053383315;A
PC000643;223103,54;0,10074387816623431;75,41394441199938;A
PC000091;222600,13;0,10051656005327354;75,51446097205266;A
PC000972;222138,61000000002;0,10030815764669909;75,61476912969935;A
PC000207;221514,32;0,10002625537074059;75,71479538507009;A
PC000578;220450,88;0,09954605200956981;75,81434143707966;A
PC000907;220085,55;0,0993810848332961;75,91372252191296;A
PC000389;219987,52;0,09933681873883324;76,0130593406518;A
PC000037;219099,11;0,09893565133108316;76,11199499198288;A
PC000377;218819,01;0,09880917032466634;76,21080416230755;A
PC000535;217654,54;0,09828334619920316;76,30908750850676;A
PC000793;217221,79;0,09808793507629388;76,40717544358306;A
PC000989;216797,84;0,0978964976515512;76,5050719412346;A
PC000345;215835,87;0,09746211373958112;76,60253405497419;A
PC000429;215205,98;0,09717768274660751;76,69971173772079;A
PC000364;214861,30000000002;0,09702204021432703;76,79673377793512;A
PC000125;214651,65;0,09692737137107357;76,8936611493062;A
PC000454;214386,28;0,09680754179351969;76,99046869109972;A
PC000342;212526,39;0,09596769617043996;77,08643638727015;A
PC000262;211468,14;0,09548983638807426;77,18192622365822;A
PC000294;210949,59;0,09525568170804048;77,27718190536626;A
PC000380;210838,56;0,09520554537764968;77,37238745074391;A
PC000857;210809,15;0,09519226509775422;77,46757971584167;A
PC000038;210283,15;0,09495474632097713;77,56253446216265;A
PC000807;210252,28;0,0949408067684313;77,65747526893108;A
PC000290;210136,11;0,0948883494370659;77,75236361836815;A
PC000868;208978,34;0,09436555074088869;77,84672916910904;A
PC000581;208721,51;0,09424957745678288;77,94097874656582;A
PC000069;208481,1;0,09414101873221066;78,03511976529803;A
PC000059;207685,84;0,0937819138226674;78,1289016791207;A
PC000932;207247,26;0,09358387012472275;78,22248554924542;A
PC000137;206919,95;0,09343607113075524;78,31592162037617;A
PC000315;206070,37;0,09305243766616533;78,40897405804233;A
PC000379;205656,47999999998;0,09286554290091766;78,50183960094326;A
PC000517;205655,64;0,09286516359336541;78,59470476453662;A
PC000153;204378,17;0,09228831357099007;78,6869930781076;A
PC000864;203874,16;0,0920607245240634;78,77905380263167;A
PC000832;203142,05000000002;0,0917301354144317;78,8707839380461;A
PC000584;199527,27;0,09009785761230564;78,96088179565841;A
PC000540;198739,65;0,08974220259526158;79,05062399825367;A
PC000709;198469,28;0,0896201152346585;79,14024411348832;A
PC000650;197380,88999999998;0,08912864553607215;79,2293727590244;A
PC000559;197134,6;0,08901743165863407;79,31839019068303;A
PC000030;196508,7;0,08873480237653372;79,40712499305957;A
PC000908;196184,28;0,08858830838116866;79,49571330144073;A
PC000703;195290,21;0,08818458516300688;79,58389788660374;A
PC000214;193860,25;0,08753887727319667;79,67143676387694;A
PC000557;192998,68;0,08714982964485476;79,7585865935218;A
PC000936;192806,41;0,08706300885548038;79,84564960237728;A
PC000589;188657,94999999998;0,08518974432181363;79,93083934669909;A
PC000299;187574,87;0,08470067238882555;80,01554001908791;B
PC000569;186742,29;0,084324715386603;80,09986473447451;B
PC000675;186344,82;0,08414523518088893;80,18400996965539;B
PC000716;186051,67;0,08401286136071365;80,26802283101611;B
PC000108;184666,88;0,08338755028297;80,35141038129908;B
PC000590;183885,93;0,0830349071485136;80,43444528844759;B
PC000738;182375,48;0,08235285346717719;80,51679814191476;B
PC000850;181189,1;0,08181713573639238;80,59861527765115;B
PC000931;180234,52;0,08138608882776903;80,68000136647892;B
PC000886;180051,03;0,08130323270542904;80,76130459918434;B
PC000472;179930,48;0,08124879755611256;80,84255339674046;B
PC000445;179327,23;0,08097639603122514;80,92352979277167;B
PC000394;178348,68;0,08053452531066387;81,00406431808234;B
PC000240;176799,05;0,07983477964135381;81,0838990977237;B
PC000029;175976,45;0,07946332917409749;81,1633624268978;B
PC000054;175522,28;0,07925824570860536;81,2426206726064;B
PC000250;175340,33;0,07917608498344453;81,32179675758985;B
PC000179;175143,69;0,07908729089168513;81,40088404848153;B
PC000556;174931,66;0,07899154734370026;81,47987559582523;B
PC000079;173677,66999999998;0,07842529987052399;81,55830089569575;B
PC000390;173280,68;0,07824603641198268;81,63654693210773;B
PC000725;171679,84;0,0775231665286826;81,71407009863641;B
PC000561;171020,32;0,07722535591335936;81,79129545454977;B
PC000617;170491,75;0,07698667663609496;81,86828213118586;B
PC000018;169975,06;0,07675336185135549;81,94503549303722;B
PC000210;169211,7;0,07640866159766622;82,02144415463489;B
PC000475;168662,37;0,07616060800518151;82,09760476264007;B
PC000399;168331,53;0,07601121501638125;82,17361597765645;B
PC000468;168066,49;0,07589153445250862;82,24950751210896;B
PC000896;167925,73;0,07582797334410721;82,32533548545307;B
PC000764;166173,96;0,07503695002168362;82,40037243547475;B
PC000334;166111,27;0,07500864193781259;82,47538107741256;B
PC000064;165153,53;0,07457616811030215;82,54995724552286;B
PC000779;164470,95;0,07426794459955595;82,62422519012242;B
PC000702;164352,75;0,07421457060827258;82,6984397607307;B
PC000246;162879,08000000002;0,07354912517904616;82,77198888590974;B
PC000406;162513,18;0,07338390061550483;82,84537278652525;B
PC000602;162405,12;0,07333510540824525;82,9187078919335;B
PC000575;161600,87;0,07297194100477952;82,99167983293827;B
PC000947;161244,91999999998;0,07281120942950611;83,06449104236778;B
PC000409;160855,86;0,07263552681488084;83,13712656918266;B
PC000353;160198,08;0,07233850190805872;83,20946507109072;B
PC000699;160194,59;0,07233692597549038;83,28180199706621;B
PC000407;159341,63999999998;0,07195177076512531;83,35375376783134;B
PC000318;159278,06;0,07192306079587153;83,4256768286272;B
PC000664;158797,44;0,07170603365804909;83,49738286228525;B
PC000911;158741,72;0,07168087292374868;83,569063735209;B
PC000480;158154,86000000002;0,07141587241169658;83,64047960762069;B
PC000775;157779,19;0,0712462361400771;83,71172584376077;B
PC000749;157503,99000000002;0,07112196776104847;83,78284781152182;B
PC000528;156575,96;0,07070290968041644;83,85355072120224;B
PC000444;155608,25;0,07026593383350586;83,92381665503575;B
PC000966;154668,3;0,06984149319808451;83,99365814823383;B
PC000223;154568,78;0,069796554284273;84,0634547025181;B
PC000777;154332,63;0,06968991919085873;84,13314462170896;B
PC000149;153537,93000000002;0,069331067153017;84,20247568886198;B
PC000564;153445,45;0,06928930719773876;84,27176499605972;B
PC000842;153392,72999999998;0,06926550113326786;84,34103049719299;B
PC000519;153280,5;0,06921482293494526;84,41024532012793;B
PC000876;152907,09;0,06904620718126402;84,47929152730919;B
PC000568;152574,09;0,0688958388301865;84,54818736613937;B
PC000558;152175,86000000002;0,06871601544144898;84,61690338158083;B
PC000477;151778,66;0,06853665715601959;84,68544003873684;B
PC000272;150638,82;0,06802195486985683;84,7534619936067;B
PC000171;150504,66;0,06796137403508037;84,82142336764178;B
PC000544;150320,08000000002;0,06787802571603568;84,88930139335783;B
PC000538;149993,2;0,0677304208914104;84,95703181424923;B
PC000239;149991,96;0,0677298609612142;85,02476167521044;B
PC000008;149683,81;0,06759071379189126;85,09235238900233;B
PC000843;149512,22999999998;0,06751323570877449;85,1598656247111;B
PC000326;147764,01;0,06672381541231585;85,22658944012342;B
PC000165;147394,09;0,06655677559120296;85,29314621571463;B
PC000228;146335,12;0,06607859068807817;85,35922480640271;B
PC000660;146082,64;0,06596458167522518;85,42518938807794;B
PC000012;145986,76;0,06592128642747348;85,4911106745054;B
PC000658;145381,27;0,06564787341578002;85,55675854792119;B
PC000114;145058,86000000002;0,06550228704920075;85,62226083497039;B
PC000509;144749,61;0,06536264316760697;85,687623478138;B
PC000268;143831,61000000002;0,06494811419977167;85,75257159233776;B
PC000681;143229,13999999998;0,06467606488903992;85,8172476572268;B
PC000365;143109,06;0,06462184197133006;85,88186949919813;B
PC000170;142357,45;0,06428244750780643;85,94615194670594;B
PC000692;142342,09;0,06427551159827924;86,01042745830422;B
PC000978;142270,84;0,06424333818982798;86,07467079649405;B
PC000530;142201,22;0,06421190081865075;86,1388826973127;B
PC000002;141849,71;0,06405317415472506;86,20293587146742;B
PC000956;141527,22;0,06390755166361699;86,26684342313104;B
PC000601;140802,51;0,06358030407289812;86,33042372720394;B
PC000846;140442,01;0,06341751791504995;86,39384124511899;B
PC000542;140428,06;0,06341121870034264;86,45725246381933;B
PC000092;140352,55;0,06337712166073342;86,52062958548007;B
PC000841;139894,52;0,06317029518672732;86,58379988066679;B
PC000990;139631,74;0,06305163514079294;86,64685151580758;B
PC000251;139062,96;0,0627947987722468;86,70964631457983;B
PC000772;138846,08000000002;0,06269686517470419;86,77234317975453;B
PC000493;138735,45;0,06264690946695732;86,83499008922149;B
PC000439;138658,51;0,06261216670139605;86,89760225592289;B
PC000243;138369,93;0,06248185649492773;86,96008411241782;B
PC000142;137724,43;0,06219037670327448;87,02227448912109;B
PC000309;136955,45;0,061843138701437886;87,08411762782252;B
PC000408;136900,38999999998;0,061818275994499954;87,14593590381702;B
PC000737;136834,92;0,06178871258325358;87,20772461640027;B
PC000645;136671,24;0,06171480179735457;87,26943941819762;B
PC000411;136467,05;0,061622598453190854;87,33106201665082;B
PC000662;135917,94;0,061374644203160314;87,39243666085397;B
PC000009;135650,18;0,06125373540530891;87,45369039625929;B
PC000567;135480,78;0,06117724171560161;87,51486763797489;B
PC000938;135212,62;0,06105615229510628;87,57592379027;B
PC000967;134811,3;0,06087493359644433;87,63679872386643;B
PC000288;134756,8;0,06085032376120793;87,69764904762764;B
PC000158;134670,72;0,060811453768232694;87,75846050139587;B
PC000116;134350,38;0,06066680212383579;87,8191273035197;B
PC000794;134349,66;0,0606664770030767;87,87979378052279;B
PC000264;134300,42;0,060644242355608065;87,9404380228784;B
PC000541;134201,27;0,060599470517742185;88,00103749339614;B
PC000336;133439,44;0,06025546114566597;88,06129295454181;B
PC000979;132905,69;0,0600144428051626;88,12130739734698;B
PC000783;132108,85;0,05965462443617579;88,18096202178316;B
PC000222;131572,91;0,05941261718669686;88,24037463896985;B
PC000144;130278,79;0,058828248746767633;88,29920288771662;B
PC000329;129090,4;0,058291623387197046;88,35749451110381;B
PC000049;128302,29;0,05793574710741417;88,41543025821122;B
PC000263;127710,13;0,0576683533453299;88,47309861155655;B
PC000088;127662,1;0,05764666508135918;88,53074527663792;B
PC000016;127421,06999999999;0,05753782639168886;88,58828310302961;B
PC000927;127217,71;0,05744599783951132;88,64572910086912;B
PC000087;126481,25;0,0571134444586268;88,70284254532774;B
PC000102;125958,94;0,056877591925740024;88,75972013725348;B
PC000676;125899,22;0,056850624965000235;88,81657076221848;B
PC000017;125267,45;0,05656534504560011;88,87313610726407;B
PC000065;124981,68999999999;0,05643630822877155;88,92957241549284;B
PC000362;124816,39;0,05636166592116461;88,985934081414;B
PC000731;124399,14;0,05617325392570788;89,04210733533971;B
PC000884;123931,40000000001;0,05596204283702021;89,09806937817673;B
PC000625;123409,2;0,05572623997536051;89,15379561815209;B
PC000981;123007,76;0,05554496708990538;89,20934058524199;B
PC000531;122801,04;0,05545162130751876;89,2647922065495;B
PC000988;122334,48;0,055240943055630695;89,32003314960514;B
PC000025;122212,61;0,05518591185158921;89,37521906145673;B
PC000755;121765,52;0,05498402540689479;89,43020308686363;B
PC000139;121493,71;0,05486128780477353;89,4850643746684;B
PC000508;121156,7;0,054709108711690546;89,53977348338009;B
PC000704;121108,01;0,05468712242035731;89,59446060580045;B
PC000767;120049,45;0,05420912265544257;89,64866972845589;B
PC000592;120042,66;0,054206056586061736;89,70287578504195;B
PC000426;119761,06;0,05407889824473012;89,75695468328668;B
PC000490;118546,3;0,05353036533735799;89,81048504862403;B
PC000765;117451,09;0,053035816022692514;89,86352086464673;B
PC000120;117136,06999999999;0,05289356665945996;89,9164144313062;B
PC000041;116869,74;0,05277330358756065;89,96918773489375;B
PC000238;115136,04;0,051990439893076903;90,02117817478683;B
PC000412;114159,8;0,05154961226828439;90,07272778705511;B
PC000287;113808,3;0,05139089011992478;90,12411867717503;B
PC000705;113534,19;0,05126711393760089;90,17538579111263;B
PC000780;113393,42;0,05120354831363338;90,22658933942627;B
PC000770;113184,62;0,05110926329349828;90,27769860271977;B
PC000078;112893,72;0,05097790547569514;90,32867650819546;B
PC000363;112884,11;0,05097356601667455;90,37965007421214;B
PC000194;111902,45999999999;0,05053029547062277;90,43018036968276;B
PC000923;111693,55;0,05043596077926061;90,48061633046201;B
PC000942;111370,3;0,050289995105129055;90,53090632556714;B
PC000652;110883,18000000001;0,05007003284934263;90,58097635841649;B
PC000292;110746,69;0,050008399887665256;90,63098475830415;B
PC000191;110351,48;0,049829940199889435;90,68081469850404;B
PC000229;109275,81;0,04934421430138028;90,73015891280542;B
PC000370;108925,7;0,04918611981670837;90,77934503262213;B
PC000267;108530,06;0,049007465959590324;90,82835249858172;B
PC000113;108322,99;0,04891396213239027;90,87726646071411;B
PC000375;108318,37;0,04891187594085279;90,92617833665497;B
PC000325;108317,09999999999;0,04891130246395829;90,97508963911893;B
PC000586;107543,42;0,04856194214605544;91,02365158126499;B
PC000813;106491,83;0,04808708973071129;91,0717386709957;B
PC000433;106410,09;0,048050179493422766;91,11978885048913;B
PC000132;106343,20999999999;0,048019979387356505;91,16780882987649;B
PC000440;106229,37999999999;0,04796857869845815;91,21577740857495;B
PC000242;104924,64;0,047379414727332404;91,26315682330228;B
PC000485;104698,68000000001;0,04727738099577243;91,31043420429805;B
PC000001;104646,25;0,04725370588271839;91,35768791018077;B
PC000721;104473,0;0,04717547370006319;91,40486338388084;B
PC000043;104302,29000000001;0,047098388471197;91,45196177235204;B
PC000948;103940,95;0,046935223005796556;91,49889699535784;B
PC000879;102024,06999999999;0,04606964317152188;91,54496663852936;B
PC000157;101981,92;0,04605061006041703;91,59101724858978;B
PC000924;101791,17;0,045964475637089594;91,63698172422687;B
PC000083;101648,49;0,04590004753999729;91,68288177176687;B
PC000562;100767,83;0,0455023796959735;91,72838415146285;B
PC000612;100324,56;0,04530221819752866;91,77368636966038;B
PC000898;99608,59;0,04497891721157981;91,81866528687196;B
PC000247;99113,95;0,044755559250087375;91,86342084612205;B
PC000826;98990,16;0,044699661057354984;91,9081205071794;B
PC000395;98959,57;0,04468584794065991;91,95280635512006;B
PC000830;98669,18;0,044554720416727776;91,99736107553679;B
PC000232;98255,21;0,044367789526951334;92,04172886506373;B
PC000976;98152,48;0,044321401116422215;92,08605026618015;B
PC000492;97792,47;0,044158836221312864;92,13020910240147;B
PC000313;97641,6;0,04409070987558594;92,17429981227706;B
PC000487;97494,37;0,04402422719591885;92,21832403947298;B
PC000060;97451,83;0,044005017977736156;92,26232905745071;B
PC000499;96722,2;0,043675548728496855;92,30600460617921;B
PC000671;96564,68000000001;0,04360441953131449;92,34960902571054;B
PC000218;95751,13;0,04323705565137722;92,39284608136191;B
PC000296;95666,74;0,043198948789072614;92,43604503015098;B
PC000761;95542,4;0,043142802240204815;92,47918783239119;B
PC000097;95396,92;0,043077109784604946;92,5222649421758;B
PC000719;95220,2;0,042997310700513595;92,56526225287631;B
PC000130;95162,51;0,04297126039969179;92,608233513276;B
PC000093;94683,17000000001;0,04275481125432995;92,65098832453033;B
PC000235;94322,97;0,04259216056346472;92,69358048509379;B
PC000711;93655,14;0,04229059751271368;92,73587108260651;B
PC000193;93606,34;0,04226856155015337;92,77813964415667;B
PC000635;93267,56999999999;0,042115587717437064;92,8202552318741;B
PC000865;92897,0;0,041948254384527775;92,86220348625862;B
PC000588;91903,39;0,04149958322142228;92,90370306948004;B
PC000632;91846,85;0,0414740522107018;92,94517712169075;B
PC000918;91441,63;0,04129107244126147;92,98646819413202;B
PC000718;91399,54000000001;0,04127206642355321;93,02774026055557;B
PC000934;90970,2;0,04107819510868348;93,06881845566426;B
PC000283;90930,99;0,04106048957401156;93,10987894523826;B
PC000900;90554,72;0,04089058236842616;93,15076952760668;B
PC000787;90486,96;0,04085998489254324;93,19162951249923;B
PC000751;90056,47;0,040665594287572195;93,23229510678681;B
PC000346;90037,34;0,04065695600962591;93,27295206279643;B
PC000745;89969,70999999999;0,04062641723610227;93,31357848003253;B
PC000937;89749,40999999999;0,040526939314953984;93,35410541934749;B
PC000965;89597,6;0,04045838850601382;93,3945638078535;B
PC000331;89370,58;0,0403558761244474;93,43491968397795;B
PC000386;89051,34;0,04021172119232132;93,47513140517027;B
PC000698;88973,43;0,0401765404168485;93,51530794558713;B
PC000072;88834,99;0,04011402691978192;93,5554219725069;B
PC000714;88785,2;0,04009154391617787;93,59551351642308;B
PC000851;88705,88;0,040055726445885176;93,63556924286897;B
PC000188;88602,91;0,0400092296617697;93,67557847253073;B
PC000488;87840,68;0,03966503966704954;93,71524351219779;B
PC000607;86754,70999999999;0,03917466273545901;93,75441817493325;B
PC000465;86369,85;0,03900087665859508;93,79341905159184;B
PC000847;86171,89;0,038911486512110675;93,83233053810395;B
PC000291;86144,27;0,038899014518546826;93,8712295526225;B
PC000300;86114,27;0,03888546782025156;93,91011502044275;B
PC000975;85682,28;0,03869039988036574;93,94880542032311;B
PC000286;85280,40000000001;0,03850892831000229;93,98731434863312;B
PC000483;85205,77;0,038475228640209753;94,02578957727333;B
PC000098;85093,66;0,038424604628680324;94,064214181902;B
PC000372;85030,04000000001;0,038395876597162155;94,10261005849917;B
PC000679;84580,79000000001;0,038193014790190466;94,14080307328936;B
PC000402;84554,86;0,03818130592729725;94,17898437921666;B
PC000174;84018,16;0,03793895549479484;94,21692333471145;B
PC000327;83780,01;0,037831417288160876;94,25475475199961;B
PC000587;83594,64;0,037747712239394396;94,292502464239;B
PC000869;82990,8;0,03747504429610717;94,32997750853511;B
PC000167;82536,45999999999;0,037269884065991375;94,3672473926011;B
PC000107;81987,9;0,03702217817209624;94,4042695707732;B
PC000486;81613,15;0,036852957332557806;94,44112252810575;B
PC000478;80805,31;0,03648817184086274;94,47761069994661;B
PC000192;80543,75;0,03637006269399237;94,5139807626406;B
PC000115;80330,88;0,03627393983845522;94,55025470247905;B
PC000603;78128,09;0,03527925545386052;94,58553395793291;B
PC000337;77827,65;0,03514358978599947;94,62067754771891;B
PC000033;77825,53;0,035142632485986605;94,6558201802049;B
PC000768;77343,5;0,03492496865334429;94,69074514885824;B
PC000216;76972,43000000001;0,03475740954213007;94,72550255840036;B
PC000140;76756,92;0,03466009457714294;94,76016265297751;B
PC000505;76591,58;0,0345854342072716;94,79474808718479;B
PC000669;76588,53;0,03458405695961158;94,8293321441444;B
PC000317;75996,52;0,03431673093101879;94,86364887507543;B
PC000387;75827,22;0,03424028239697248;94,8978891574724;B
PC000161;75705,95999999999;0,034185526642462986;94,93207468411487;B
PC000244;73879,18;0,03336063205873512;94,9654353161736;B
PC000582;73727,27;0,03329203609413397;94,99872735226774;B
PC000991;73269,78;0,033085453460697176;95,03181280572844;C
PC000791;73067,74;0,03299422096324462;95,06480702669168;C
PC000809;72914,42;0,03292498830382359;95,0977320149955;C
PC000906;72871,97;0,03290581972573578;95,13063783472124;C
PC000415;72809,38;0,03287755679752574;95,16351539151877;C
PC000384;72696,02;0,03282636834023401;95,19634175985901;C
PC000254;72082,45;0,03254930675113302;95,22889106661015;C
PC000217;71967,95999999999;0,032497608034872165;95,26138867464502;C
PC000172;70942,55;0,03203457737157369;95,2934232520166;C
PC000565;70417,55;0,031797510151406444;95,325220762168;C
PC000393;70377,51;0,03177942982474835;95,35700019199275;C
PC000856;70103,32;0,03165561751789567;95,38865580951065;C
PC000694;69973,81;0,03159713642135498;95,420252945932;C
PC000526;69177,05;0,031237354176896964;95,4514903001089;C
PC000666;69095,01000000001;0,031200308472625497;95,48269060858152;C
PC000401;68782,41;0,031059151876388767;95,51374976045791;C
PC000447;68578,02;0,030966858220903084;95,54471661867882;C
PC000609;68301,58;0,030842029911678257;95,5755586485905;C
PC000352;68221,42;0,030805833133833286;95,60636448172434;C
PC000539;68033,92;0,03072116626948784;95,63708564799383;C
PC000872;67882,97;0,030653003799232133;95,66773865179306;C
PC000962;67727,52;0,030582809324232137;95,69832146111729;C
PC000798;67092,47;0,03029604829915173;95,72861750941644;C
PC000831;67025,31999999999;0,03026572627280081;95,75888323568924;C
PC000529;66824,70999999999;0,03017513950130033;95,78905837519054;C
PC000356;66814,16;0,0301703755790665;95,8192287507696;C
PC000381;66727,1;0,03013106306061362;95,8493598138302;C
PC000437;66631,94;0,03008809293362102;95,87944790676383;C
PC000163;66555,01;0,03005335468362584;95,90950126144746;C
PC000302;66356,16;0,029963562651758688;95,93946482409922;C
PC000136;65895,21;0,02975541763245184;95,96922024173168;C
PC000075;65870,14;0,029744097108243092;95,99896433883993;C
PC000750;65841,37;0,029731105824577927;96,0286954446645;C
PC000974;65767,42;0,02969771321328008;96,05839315787779;C
PC000418;65461,58;0,029559609139725888;96,08795276701751;C
PC000512;65290,77;0,029482478755198705;96,11743524577271;C
PC000068;64788,02;0,029255458669600453;96,1466907044423;C
PC000555;64767,03;0,02924598049635986;96,17593668493866;C
PC000515;64709,079999999994;0,02921981279081949;96,20515649772948;C
PC000822;64629,869999999995;0,02918404499175388;96,23434054272123;C
PC000583;64495,03;0,029123157098482733;96,26346369981971;C
PC000653;63910,94;0,028859407398239896;96,29232310721795;C
PC000926;63221,88;0,028548257800661902;96,32087136501862;C
PC000626;63116,95;0,028500875965591144;96,34937224098421;C
PC000461;62933,159999999996;0,028417884376268212;96,37779012536048;C
PC000964;62803,99;0,028359556808974874;96,40614968216946;C
PC000176;62594,2;0,028264824747796034;96,43441450691725;C
PC000308;62012,46;0,02800213620558633;96,46241664312284;C
PC000057;61225,92;0,027646968869680905;96,49006361199251;C
PC000330;60866,85;0,0274848284377848;96,51754844043029;C
PC000051;60812,880000000005;0,02746045792755161;96,54500889835784;C
PC000935;60402,64;0,027275211343929868;96,57228410970177;C
PC000748;60269,39;0,027215041425668367;96,59949915112743;C
PC000457;59617,42999999999;0,026920644578315524;96,62641979570574;C
PC000195;59371,56;0,02680962035465358;96,6532294160604;C
PC000463;58892,04;0,026593089929101962;96,6798225059895;C
PC000928;58801,86;0,02655236855402638;96,70637487454353;C
PC000536;58606,4;0,026464107299066588;96,73283898184259;C
PC000803;58523,69;0,026426759051866526;96,75926574089446;C
PC000982;58515,28;0,026422961460777748;96,78568870235524;C
PC000369;58367,83;0,026356379438656492;96,8120450817939;C
PC000034;57323,6;0,025884850479960777;96,83792993227385;C
PC000121;57312,68;0,025879919481781304;96,86380985175563;C
PC000637;57230,450000000004;0,025842787981753962;96,88965263973739;C
PC000333;56712,21;0,025608773284269245;96,91526141302167;C
PC000261;56497,65;0,025511887298061465;96,94077330031973;C
PC000103;56263,07;0,025405961148524638;96,96617926146826;C
PC000424;55900,26;0,025242131894907722;96,99142139336317;C
PC000951;55676,05;0,025140888387414965;97,01656228175058;C
PC000885;55446,84;0,02503738709687299;97,04159966884745;C
PC000580;54193,9;0,024471613758137074;97,06607128260559;C
PC000894;53941,0;0,024357415091507937;97,09042869769709;C
PC000031;52701,6;0,023797755829269285;97,11422645352636;C
PC000039;52307,090000000004;0,02361961223112037;97,13784606575747;C
PC000266;51840,5;0,023408920432534015;97,16125498619;C
PC000497;51692,78;0,023342216490128093;97,18459720268012;C
PC000450;51609,5;0,023304610855660424;97,20790181353578;C
PC000550;51419,43;0,02321878349082768;97,23112059702662;C
PC000574;51372,1;0,02319741131648384;97,2543180083431;C
PC000396;51000,64;0,02302967609819179;97,2773476844413;C
PC000691;50882,85;0,022976487245118454;97,30032417168641;C
PC000880;50724,649999999994;0,02290505098944139;97,32322922267585;C
PC000953;49941,380000000005;0,02255136024365015;97,3457805829195;C
PC000870;49675,22;0,0224311739363745;97,36821175685587;C
PC000654;49618,42;0,02240552552093545;97,39061728237681;C
PC000722;49278,3;0,022251942086795862;97,4128692244636;C
PC000815;48912,7;0,022086852990237483;97,43495607745385;C
PC000968;48560,47;0,021927801205552704;97,4568838786594;C
PC000339;48161,23;0,021747521744639235;97,47863140040404;C
PC000269;48105,44;0,021722329401376125;97,50035372980541;C
PC000204;47964,840000000004;0,02165884054203229;97,52201257034744;C
PC000622;47823,83;0,021595166544478413;97,54360773689191;C
PC000462;47512,59;0,021454624065231066;97,56506236095714;C
PC000258;47338,1;0,02137583195237967;97,58643819290953;C
PC000013;47265,5;0,021343048942505116;97,60778124185204;C
PC000200;47174,56;0,021301984384406048;97,62908322623645;C
PC000070;47153,920000000006;0,021292664255978904;97,65037589049243;C
PC000319;46878,75;0,021168409423648574;97,67154429991608;C
PC000322;46849,1;0,021155020770166746;97,69269932068624;C
PC000343;46752,66;0,021111472650713548;97,71381079333696;C
PC000904;46054,090000000004;0,020796028749775958;97,73460682208673;C
PC000285;45733,38;0,020651210029433403;97,75525803211616;C
PC000808;45351,46;0,0204787515290024;97,77573678364516;C
PC000754;45339,23;0,02047322899166403;97,79621001263682;C
PC000279;45151,23;0,02038833634901366;97,81659834898583;C
PC000182;44997,3;0,020318828240060625;97,8369171772259;C
PC000236;44554,96;0,020119086689262943;97,85703626391516;C
PC000629;43838,59;0,019795605080670155;97,87683186899584;C
PC000126;42965,48;0,019401346489050675;97,89623321548488;C
PC000119;42865,81;0,019356339841747682;97,91558955532663;C
PC000949;42803,93;0,01932839751873064;97,93491795284537;C
PC000422;42601,59;0,019237029554295126;97,95415498239966;C
PC000742;42592,479999999996;0,019232915873579465;97,97338789827323;C
PC000678;42524,72;0,019202318397696545;97,99259021667093;C
PC000311;42384,79;0,0191391320812813;98,01172934875221;C
PC000961;42232,72;0,01907046386762257;98,03079981261983;C
PC000852;42117,64;0,019018498732961908;98,0498183113528;C
PC000817;41997,63;0,018964307424214722;98,068782618777;C
PC000715;41991,64;0,01896160260012177;98,08774422137712;C
PC000992;41885,57;0,018913705990515787;98,10665792736764;C
PC000895;41274,86;0,018637935853318948;98,12529586322096;C
PC000576;40679,13;0,018368930034137542;98,1436647932551;C
PC000112;40637,340000000004;0,018350059483412232;98,16201485273851;C
PC000100;40535,88;0,01830424454977762;98,18031909728829;C
PC000504;40381,659999999996;0,01823460548940773;98,1985537027777;C
PC000769;40378,29;0,018233083743632562;98,21678678652134;C
PC000185;40258,33;0,01817891501271587;98,23496570153405;C
PC000382;40019,2;0,01807093428060426;98,25303663581465;C
PC000253;39459,71;0,017818292872963548;98,27085492868761;C
PC000821;38355,34;0,017319607299751915;98,28817453598737;C
PC000164;38185,68;0,017242996205326055;98,30541753219269;C
PC000799;38146,64;0,017225367435277812;98,32264289962797;C
PC000035;38114,2;0,017210718938854522;98,33985361856682;C
PC000110;38021,93;0,017169053810464366;98,35702267237728;C
PC000303;37882,06;0,01710589458744571;98,37412856696473;C
PC000985;37695,27;0,01702154832829325;98,39115011529302;C
PC000792;37141,84;0,016771643353708184;98,40792175864672;C
PC000720;37044,409999999996;0,01672764819321124;98,42464940683993;C
PC000810;36901,6;0,01666316139375965;98,4413125682337;C
PC000514;36836,32;0,01663368377826914;98,45794625201196;C
PC000234;36693,34;0,016569120214193874;98,47451537222616;C
PC000314;36553,93;0,01650616870721575;98,49102154093337;C
PC000162;36291,12;0,016387495114583074;98,50740903604796;C
PC000446;35895,64;0,016208913506522607;98,52361794955448;C
PC000696;35447,520000000004;0,01600656195852004;98,539624511513;C
PC000208;35287,79;0,015934434821229915;98,55555894633423;C
PC000011;34953,49;0,015783479446559605;98,57134242578078;C
PC000633;34786,9;0,015708254630925966;98,5870506804117;C
PC000082;34781,96;0,01570602394127334;98,60275670435298;C
PC000178;34686,89;0,015663094454375626;98,61841979880737;C
PC000341;34606,56;0,01562682091190699;98,63404661971927;C
PC000977;33589,01;0,015167339483561875;98,64921395920284;C
PC000759;33340,82;0,015055267648565093;98,6642692268514;C
PC000994;33324,53;0,01504791179139076;98,67931713864279;C
PC000436;32271,07;0,014572214965186204;98,69388935360797;C
PC000209;32254,5;0,014564732672161115;98,70845408628013;C
PC000878;32245,28;0,014560569320218368;98,72301465560035;C
PC000252;32132,26;0,014509534392173984;98,73752418999253;C
PC000891;31870,260000000002;0,014391226560395279;98,75191541655292;C
PC000752;31839,59;0,014377377319171413;98,7662927938721;C
PC000455;31815,55;0,014366521898270802;98,78065931577036;C
PC000814;31604,66;0,01427129312482114;98,79493060889519;C
PC000827;31580,58;0,014260419641656138;98,80919102853684;C
PC000491;31469,46;0,01421024267117045;98,82340127120801;C
PC000494;30698,99;0,013862331849985192;98,83726360305799;C
PC000627;30634,15;0,013833052919403014;98,8510966559774;C
PC000599;30538,98;0,013790078276844312;98,86488673425424;C
PC000284;30387,66;0,013721748730642963;98,87860848298489;C
PC000128;29700,81;0,013411597073172724;98,89202008005806;C
PC000677;29637,62;0,013383063210996781;98,90540314326906;C
PC000466;29604,96;0,01336831537211933;98,91877145864117;C
PC000388;29578,49;0,013356362668656804;98,93212782130983;C
PC000795;29290,100000000002;0,01322613825794436;98,94535395956778;C
PC000766;29029,33;0,013108385840795761;98,95846234540858;C
PC000730;28675,23;0,012948489645250572;98,97141083505383;C
PC000952;28620,91;0,012923961090203934;98,98433479614404;C
PC000403;28457,600000000002;0,012850217380250576;98,99718501352429;C
PC000067;28111,52;0,012693942668716323;99,009878956193;C
PC000014;28094,07;0,012686063005874573;99,02256501919888;C
PC000892;27592,79;0,012459706708492783;99,03502472590738;C
PC000459;27529,050000000003;0,012430924490181431;99,04745565039755;C
PC000324;27407,559999999998;0,01237606487765168;99,05983171527521;C
PC000521;27252,15;0,012305888464916075;99,07213760374013;C
PC000156;27193,67;0,012279481434372493;99,08441708517451;C
PC000802;27102,84;0,012238466547500508;99,09665555172201;C
PC000656;27011,28;0,01219712202430334;99,10885267374631;C
PC000022;26977,45;0,012181845864192374;99,1210345196105;C
PC000667;26907,09;0,012150074341123862;99,13318459395163;C
PC000350;26855,079999999998;0,01212658888184596;99,14531118283347;C
PC000695;26748,95;0,012078665178843389;99,15738984801231;C
PC000690;26638,56;0,012028817844682889;99,169418665857;C
PC000849;26636,18;0,012027743139951464;99,18144640899695;C
PC000503;26212,76;0,011836545040212;99,19328295403716;C
PC000840;26128,760000000002;0,011798614284985243;99,20508156832214;C
PC000101;26030,25;0,011754131443349669;99,2168356997655;C
PC000598;25661,06;0,011587421258561959;99,22842312102406;C
PC000958;25570,640000000003;0,011546591509900013;99,23996971253396;C
PC001000;25427,579999999998;0,011481991821295959;99,25145170435526;C
PC000133;25195,350000000002;0,011377126829792264;99,26282883118505;C
PC000572;24589,53;0,011103564804417551;99,27393239598946;C
PC000724;24425,09;0,01102931083549507;99,28496170682496;C
PC000986;24135,35;0,010898476823359338;99,29586018364832;C
PC000404;24128,66;0,010895455909639492;99,30675563955795;C
PC000090;24066,28;0,010867287808317524;99,31762292736627;C
PC000685;23947,68;0,010813733194390218;99,32843666056067;C
PC000638;23689,48;0,010697141277728917;99,3391338018384;C
PC000460;23683,92;0,010694630622978192;99,34982843246138;C
PC000597;23655,51;0,010681801899692568;99,36051023436107;C
PC000999;23283,35;0,010513750591773629;99,37102398495284;C
PC000502;23216,690000000002;0,010483649828161537;99,381507634781;C
PC000213;23205,75;0,01047870979884986;99,39198634457985;C
PC000189;22943,52;0,010360298109050892;99,4023466426889;C
PC000498;22882,56;0,0103327712181149;99,41267941390701;C
PC000984;22477,44;0,010149836604335554;99,42282925051136;C
PC000663;22455,72;0,010140028794769778;99,43296927930612;C
PC000776;22392,96;0,010111689101936069;99,44308096840805;C
PC000998;21604,41;0,00975561413724486;99,4528365825453;C
PC000276;21246,56;0,009594024604412764;99,46243060714971;C
PC000837;21202,91;0,009574314158393143;99,47200492130811;C
PC000939;20774,4;0,009380817635509584;99,48138573894362;C
PC000320;20687,21;0,009341446414697427;99,49072718535831;C
PC000734;20656,53;0,009327592657907462;99,50005477801622;C
PC000930;19865,52;0,00897040686395604;99,50902518488017;C
PC000523;19838,83;0,008958354818039348;99,5179835396982;C
PC000971;19821,63;0,008950588044350057;99,52693412774256;C
PC000614;19801,559999999998;0,00894152530319052;99,53587565304575;C
PC000887;19783,33;0,008933293426193095;99,54480894647195;C
PC000301;19752,28;0,008919272593457489;99,5537282190654;C
PC000095;19707,2;0,008898916421485794;99,56262713548689;C
PC000358;19480,25;0,008796435648882066;99,57142357113577;C
PC000414;19479,56;0,008796124074821275;99,58021969521059;C
PC000537;19400,96;0,008760631725287663;99,58898032693587;C
PC000789;19384,54;0,008753217165754052;99,59773354410162;C
PC000438;19217,82;0,00867793364776113;99,60641147774938;C
PC000516;18630,81;0,008412865402217553;99,6148243431516;C
PC000552;18497,760000000002;0,008352785795278025;99,62317712894688;C
PC000392;18453,06;0,00833260121481807;99,6315097301617;C
PC000458;18184,989999999998;0,00821155243441762;99,63972128259611;C
PC000265;17977,56;0,008117886046838017;99,64783916864295;C
PC000154;17546,81;0,00792337803714841;99,6557625466801;C
PC000524;17467,26;0,007887456708835448;99,66365000338892;C
PC000888;17229,84;0,00778024813852667;99,67143025152745;C
PC000020;17218,73;0,007775231344591321;99,67920548287205;C
PC000726;17196,97;0,007765405472761152;99,68697088834482;C
PC000160;17068,67;0,0077074707597183725;99,69467835910453;C
PC000873;17064,73;0,007705691626675594;99,70238405073121;C
PC000593;16876,55;0,007620717703835454;99,71000476843504;C
PC000641;16693,81;0,0075382002489528584;99,717542968684;C
PC000708;16525,91;0,007462383894160322;99,72500535257817;C
PC000747;16200,74;0,007315551231337874;99,73232090380951;C
PC000820;16172,93;0,007302993442018158;99,73962389725153;C
PC000435;15745,06;0,007109785915364898;99,7467336831669;C
PC000289;15620,85;0,007053698068856375;99,75378738123575;C
PC000969;15274,24;0,006897184032318907;99,76068456526808;C
PC000649;15249,84;0,006886166051038753;99,76757073131911;C
PC000941;15159,75;0,006845485316058053;99,77441621663517;C
PC000071;15143,05;0,006837944320673684;99,78125416095585;C
PC000127;14759,45;0,006664727205138147;99,78791888816099;C
PC000712;14564,800000000001;0,0065768317110323285;99,79449571987202;C
PC000096;14298,51;0,0064565867013974005;99,80095230657342;C
PC000050;13968,45;0,006307545926752824;99,80725985250018;C
PC000636;13733,3;0,006201362389948386;99,81346121489013;C
PC000651;13669,47;0,006172539531542148;99,81963375442167;C
PC000778;13602,54;0,0061423168476453975;99,82577607126932;C
PC000117;13539,59;0,00611389135905582;99,83188996262837;C
PC000922;13358,25;0,006032006083427002;99,8379219687118;C
PC000710;12235,470000000001;0,005525007353028173;99,84344697606483;C
PC000655;12129,15;0,0054769978542697296;99,8489239739191;C
PC000298;12082,029999999999;0,005455720506813956;99,85437969442592;C
PC000366;11717,43;0,005291082966865424;99,85967077739278;C
PC000145;11404,55;0,005149799934777939;99,86482057732756;C
PC000800;10807,82;0,004880342558986695;99,86970091988655;C
PC000867;10062,97;0,004544000618145596;99,8742449205047;C
PC000427;9825,53;0,004436783016704622;99,8786817035214;C
PC000047;9790,689999999999;0,004421050784417712;99,88310275430581;C
PC000717;9509,67;0,004294154345919807;99,88739690865172;C
PC000202;9300,48;0,004199693218706878;99,89159660187043;C
PC000970;9038,119999999999;0,0040812228265486306;99,89567782469697;C
PC000219;8987,69;0,00405845082671428;99,8997362755237;C
PC000987;8932,8;0,004033664884400032;99,9037699404081;C
PC000940;8666,47;0,0039134018125007095;99,9076833422206;C
PC000203;8436,33;0,003809480574311584;99,91149282279491;C
PC000074;8425,2;0,0038044547492440384;99,91529727754416;C
PC000442;8030,32;0,003626144075149478;99,91892342161931;C
PC000340;7834,71;0,00353781508669821;99,92246123670601;C
PC000863;7760,599999999999;0,0035043502263427907;99,92596558693235;C
PC000259;7539,320000000001;0,003404429779716869;99,92937001671207;C
PC000902;7359,44;0,003323203776738421;99,93269322048882;C
PC000549;7356,9800000000005;0,003322092947478209;99,9360153134363;C
PC000796;7282,89;0,003288637118254987;99,93930395055456;C
PC000199;7241,08;0,0032697575363974767;99,94257370809096;C
PC000073;6936,08;0,00313203277039555;99,94570574086136;C
PC000848;6678,8;0,0030158562858153023;99,94872159714717;C
PC000605;6586,4800000000005;0,0029741685795946536;99,95169576572677;C
PC000577;6098,5199999999995;0,0027538270162559644;99,95444959274302;C
PC000688;5620,2;0,0025378384586361566;99,95698743120165;C
PC000241;5590,700000000001;0,0025245175386458063;99,9595119487403;C
PC000735;5467,42;0,002468849639784437;99,96198079838008;C
PC000594;5427,2;0,0024506880329365766;99,96443148641302;C
PC000753;5171,76;0,0023353424125184385;99,96676682882554;C
PC000744;5069,7699999999995;0,0022892881538806135;99,96905611697942;C
PC000534;5018,2699999999995;0,002266032988473731;99,97132214996789;C
PC000297;4687,77;0,002116793528920824;99,97343894349682;C
PC000484;4627,5199999999995;0,00208958724317782;99,97552853074;C
PC000482;4515,68;0,002039085151933048;99,97756761589193;C
PC000248;4136,62;0,001867918103406195;99,97943553399533;C
PC000274;4004,9900000000002;0,0018084797068526424;99,98124401370218;C
PC000048;3965,0099999999998;0,0017904264735911436;99,98303444017577;C
PC000697;3855,67;0,0017410532738709775;99,98477549344965;C
PC000134;3795,06;0,001713684427748431;99,98648917787739;C
PC000220;3779,58;0,0017066943314280707;99,98819587220882;C
PC000423;3730,67;0,00168460869764068;99,98988048090646;C
PC000706;3603,43;0,001627152634604335;99,99150763354106;C
PC000169;3379,94;0,0015262342478706613;99,99303386778894;C
PC000391;3298,15;0,0014893014327516528;99,9945231692217;C
PC000417;3199,67;0,001444832137814375;99,99596800135951;C
PC000647;2451,68;0,0011070723092183714;99,99707507366874;C
PC000781;2236,16;0,0010097528286651413;99,9980848264974;C
PC000106;2214,86;0,0010001346728754988;99,99908496117028;C
PC000763;2026,41;0,0009150388297507018;100,00000000000003;C
