Produto;EstoqueAtual;CustoUnitario;Fornecedor
0CABTKCUNHPTBPL;1;34,2;MixConcreto Insumos
0CABTKRP05PTVCR;7;131,97;ConstruBase Materiais
0CABTKRP06PTVIC;13;300,82;MixConcreto Insumos
0CABZLDN15BRA7Z;4;470,33;MixConcreto Insumos
0CACEKPRCAZZ004;88;1,59;ConstruBase Materiais
0CACEKPRCAZZ005;1021;1,3;ConstruBase Materiais
0CACEKPRFSZZ004;71;4,31;MixConcreto Insumos
0CACEKPRFSZZ005;1544;9,13;CimentoForte Distribuidora
0CACFTCHAPZZAFE;7;202,27;MixConcreto Insumos
0CACFTCHAPZZTST;2;95,0;MixConcreto Insumos
0CACFTCNCHZZSLP;15;54,46;MixConcreto Insumos
0CACFTFORMZZSLP;213;60,0;MixConcreto Insumos
0CACFTHASTZZSLP;14;43,89;ConstruBase Materiais
0CACFTKITSZZSLP;2;415,0;MixConcreto Insumos
0CACZZHIDRZZBET;36;600,0;CimentoForte Distribuidora
0CBLDBBOLALR003;23;20,5;ConstruBase Materiais
0CBLDBBOLALR004;4;31,5;CimentoForte Distribuidora
0CBLDBBOLALR005;50;35,0;CimentoForte Distribuidora
0CBLDBBOLALR055;40;40,0;CimentoForte Distribuidora
0CBSHZ2080PTSAN;29;194,92;CimentoForte Distribuidora
0CBSHZ2580PTSAN;5;249,02;ConstruBase Materiais
0CBSRF2080PTSAN;108;524,48;ConstruBase Materiais
0CBSRF2580PTSAN;5;504,02;CimentoForte Distribuidora
0CBSRF2880PTSAN;4;544,01;CimentoForte Distribuidora
0CBSRF5050PTSAN;15;1283,27;ConstruBase Materiais
0CCVCH3655ZZ240;2;284,46;ConstruBase Materiais
0CCVCH9055ZZ180;6;506,02;ConstruBase Materiais
0CCVSI9055ZZ150;6;1662,5;MixConcreto Insumos
0CCVSIPROLZZ275;6;720,0;MixConcreto Insumos
0CCVZLPIPECZ240;2;450,0;MixConcreto Insumos
0CCVZZ4555ZZ270;3;280,0;CimentoForte Distribuidora
0CCVZZ4555ZZ275;11;215,33;MixConcreto Insumos
0CCVZZ5550ZZ275;3;451,47;CimentoForte Distribuidora
0CCVZZ9055ZZ275;70;298,68;CimentoForte Distribuidora
0CCVZZPROLZZ250;10;402,18;MixConcreto Insumos
0CCVZZPROLZZ275;22;770,83;CimentoForte Distribuidora
0CEGMEFEM3PT000;19;385,0;MixConcreto Insumos
0CEGMEFEM4PT000;8;345,0;MixConcreto Insumos
0CEGMEFEM4PTTAM;2;392,0;ConstruBase Materiais
0CEGMEMAC4ZZ000;5;175,0;MixConcreto Insumos
0CGRMEANELZZSI3;5;25,0;ConstruBase Materiais
0CGRMEANELZZSI4;24;30,0;MixConcreto Insumos
0CGRMLCALIPT003;2361;4,25;MixConcreto Insumos
0CGRMLCALIPT004;785;6,8;ConstruBase Materiais
0CGRMLCALIPT025;313;2,48;ConstruBase Materiais
0CGRMLCIBIPT005;262;7,2;MixConcreto Insumos
0CGRMLMEIAPT006;6;14,0;CimentoForte Distribuidora
0CGRMLREFOPT055;73;10,4;ConstruBase Materiais
0CGRMLVICTPT004;802;5,31;CimentoForte Distribuidora
0CGRMLVICTPT005;402;6,62;CimentoForte Distribuidora
0CGRMLVICTPT055;341;8,13;CimentoForte Distribuidora
0CGRMLVICTPTR05;1497;6,62;ConstruBase Materiais
0CGRSICALIPTZZZ;16;85,0;CimentoForte Distribuidora
0CMGRF2280PTSAF;3;679,12;ConstruBase Materiais
0CMTMLZZZZZZDBN;77;21,96;CimentoForte Distribuidora
0CPBEPCALCZZZZZ;15;232,81;MixConcreto Insumos
0CPGSINK95CZCIN;9;65,16;MixConcreto Insumos
0CRDCH0655ZZ133;18;1370,59;ConstruBase Materiais
0CRDEP0403ZZ060;2;387,72;MixConcreto Insumos
0CRDEP0503ZZ090;73;399,26;MixConcreto Insumos
0CRDEP0504ZZ060;11;337,24;CimentoForte Distribuidora
0CRDEP0655ZZ133;3;1444,24;ConstruBase Materiais
0CRDEP0655ZZ140;2;1898,22;CimentoForte Distribuidora
0CRDEP0705ZZR75;3;1400,0;CimentoForte Distribuidora
0CTBZZ5332ZZABA;14;200,0;CimentoForte Distribuidora
0CTBZZ5332ZZADF;16;420,0;CimentoForte Distribuidora
0CTBZZ5332ZZASA;4;120,5;CimentoForte Distribuidora
0CTBZZ5332ZZAVC;92;305,0;CimentoForte Distribuidora
0CTBZZ5332ZZCUR;3;160,29;CimentoForte Distribuidora
0CTBZZ5332ZZCUV;4;420,0;ConstruBase Materiais
0CTBZZ5332ZZREA;2;1400,0;MixConcreto Insumos
0CTBZZ5332ZZREG;0;1600,0;CimentoForte Distribuidora
0CTBZZ5332ZZZ45;16;104,14;CimentoForte Distribuidora
0EALAT12MMZZACO;8;101,86;EquipSeg Industrial
0EALAT7010PTPQ1;44;51,06;EquipSeg Industrial
0EALAT7015PTPQ3;94;90,57;EquipSeg Industrial
0EALATTYFEAM707;22;119,76;EquipSeg Industrial
0EALATTYFTAM707;66;111,14;ProteMax Comercial
0EALEPTYFTAM707;9;106,85;ProteMax Comercial
0EALEPTYFTAMTFT;6;120,06;EquipSeg Industrial
0EALVKTYFTAM707;23;102,61;ProteMax Comercial
0EBPBR8BPLPTZ40;56;59,8;SafetyPro Distribuidora
0EBPBR8BPLPTZ41;22;59,8;EquipSeg Industrial
0EBPBR8BPLPTZ42;31;59,8;SafetyPro Distribuidora
0EBPBR8BPLPTZ43;2;59,8;SafetyPro Distribuidora
0EBPBRBPVCPTZ36;4;42,05;EquipSeg Industrial
0EBPBRBPVCPTZ37;6;42,05;ProteMax Comercial
0EBPBRBPVCPTZ38;51;42,05;SafetyPro Distribuidora
0EBPBRBPVCPTZ39;38;42,05;EquipSeg Industrial
0EBPBRBPVCPTZ40;81;42,05;SafetyPro Distribuidora
0EBPBRBPVCPTZ41;84;42,05;SafetyPro Distribuidora
0EBPBRBPVCPTZ42;154;42,05;SafetyPro Distribuidora
0EBPBRBPVCPTZ43;44;42,05;SafetyPro Distribuidora
0EBPBRBPVCPTZ44;3;42,05;ProteMax Comercial
0EBPBRBPVCPTZ45;41;35,74;SafetyPro Distribuidora
0EBPBRBPVCPTZ46;1;35,74;SafetyPro Distribuidora
0EBPITEVOLPTB39;34;57,17;SafetyPro Distribuidora
0EBPITEVOLPTB40;10;57,14;ProteMax Comercial
0EBPITEVOLPTB41;4;56,92;SafetyPro Distribuidora
0EBPITEVOLPTB42;44;57,16;SafetyPro Distribuidora
0EBPITEVOLPTB43;11;56,24;ProteMax Comercial
0EBPITEVOLPTB44;8;56,54;ProteMax Comercial
0EBPMAVULPPTB36;10;26,32;ProteMax Comercial
0EBPMAVULPPTB37;3;27,83;SafetyPro Distribuidora
0EBPMAVULPPTB38;1;27,87;ProteMax Comercial
0EBPMAVULPPTB39;1;29,74;ProteMax Comercial
0EBPMAVULPPTB40;33;30,74;SafetyPro Distribuidora
0EBPMAVULPPTB41;8;30,63;ProteMax Comercial
0EBPMAVULPPTB42;2;30,84;SafetyPro Distribuidora
0EBPMAVULPPTB43;6;31,4;EquipSeg Industrial
0EBPMAVULPPTB44;9;27,61;ProteMax Comercial
0EBTBR1VSAPTZ40;4;47,36;EquipSeg Industrial
0EBTBR3B9CPTP39;12;77,06;SafetyPro Distribuidora
0EBTBR3B9CPTP40;18;77,06;ProteMax Comercial
0EBTBR3B9CPTP41;13;77,06;SafetyPro Distribuidora
0EBTBR3B9CPTP42;25;77,06;EquipSeg Industrial
0EBTBR3B9CPTP43;9;77,06;SafetyPro Distribuidora
0EBTBR3B9CPTP44;7;77,06;ProteMax Comercial
0EBTBR7B9PPTE35;9;75,95;ProteMax Comercial
0EBTBR7B9PPTE36;5;75,95;EquipSeg Industrial
0EBTBR7B9PPTE37;7;75,95;SafetyPro Distribuidora
0EBTBR7B9PPTE38;88;80,98;ProteMax Comercial
0EBTBR7B9PPTE39;107;80,98;EquipSeg Industrial
0EBTBR7B9PPTE40;16;80,98;ProteMax Comercial
0EBTBR7B9PPTE41;208;80,98;ProteMax Comercial
0EBTBR7B9PPTE42;12;80,98;SafetyPro Distribuidora
0EBTBR7B9PPTE43;7;80,98;ProteMax Comercial
0EBTBR7B9PPTE44;7;75,95;SafetyPro Distribuidora
0EBTBR7B9PPTE45;12;75,95;ProteMax Comercial
0EBTBR7B9PPTE46;4;80,98;EquipSeg Industrial
0EBTBRBPCFPTZ39;7;33,53;ProteMax Comercial
0EBTBRBPCFPTZ40;6;33,53;SafetyPro Distribuidora
0EBTBRBPCFPTZ41;9;33,53;SafetyPro Distribuidora
0EBTBRBPCFPTZ42;51;33,53;EquipSeg Industrial
0EBTBRBPCFPTZ43;4;33,53;ProteMax Comercial
0EBTBRBPCFPTZ44;10;33,53;ProteMax Comercial
0EBTBRBPVCPTZ38;1;28,7;EquipSeg Industrial
0EBTBRBPVCPTZ39;2;28,7;ProteMax Comercial
0EBTBRBPVCPTZ40;13;24,4;ProteMax Comercial
0EBTBRBPVCPTZ41;28;28,7;SafetyPro Distribuidora
0EBTBRBPVCPTZ42;52;24,4;ProteMax Comercial
0EBTBRCIBIBRZ35;37;80,08;ProteMax Comercial
0EBTBRCIBIBRZ36;3;80,08;EquipSeg Industrial
0EBTBRCIBIBRZ37;14;80,08;EquipSeg Industrial
0EBTBRCIBIBRZ38;13;80,08;SafetyPro Distribuidora
0EBTBRCIBIBRZ39;2;80,08;ProteMax Comercial
0EBTBRCIBIBRZ40;11;80,08;ProteMax Comercial
0EBTBRCIBIBRZ41;96;80,08;ProteMax Comercial
0EBTBRCOMPPTM36;24;83,79;SafetyPro Distribuidora
0EBTBRCOMPPTM38;20;83,79;SafetyPro Distribuidora
0EBTBRCOMPPTM39;29;83,79;EquipSeg Industrial
0EBTBRCOMPPTM40;28;83,79;SafetyPro Distribuidora
0EBTBRCOMPPTM41;60;83,79;ProteMax Comercial
0EBTBRCOMPPTM42;166;83,79;ProteMax Comercial
0EBTBRCOMPPTM43;32;83,79;SafetyPro Distribuidora
0EBTBRCOMPPTM44;4;83,79;ProteMax Comercial
0EBTBRCOMPPTM46;13;83,79;ProteMax Comercial
0EBTBRCOMPPTZ35;2;67,1;SafetyPro Distribuidora
0EBTBRCOMPPTZ36;4;67,1;SafetyPro Distribuidora
0EBTBRCOMPPTZ37;17;67,1;ProteMax Comercial
0EBTBRCOMPPTZ38;14;67,1;ProteMax Comercial
0EBTBRCOMPPTZ39;13;67,1;ProteMax Comercial
0EBTBRCOMPPTZ40;13;67,1;EquipSeg Industrial
0EBTBRCOMPPTZ41;14;67,1;EquipSeg Industrial
0EBTBRCOMPPTZ42;40;67,1;EquipSeg Industrial
0EBTBRCOMPPTZ43;3;67,1;SafetyPro Distribuidora
0EBTBRCOMPPTZ44;33;67,1;EquipSeg Industrial
0EBTBRCOMPPTZ45;26;67,1;SafetyPro Distribuidora
0EBTBRMICRPTC38;131;83,9;SafetyPro Distribuidora
0EBTBRMICRPTC39;50;83,9;EquipSeg Industrial
0EBTBRMICRPTC40;308;83,9;EquipSeg Industrial
0EBTBRMICRPTC41;100;83,9;EquipSeg Industrial
0EBTBRMICRPTC42;65;83,9;ProteMax Comercial
0EBTBRMICRPTC43;58;83,9;EquipSeg Industrial
0EBTBRMICRPTC44;84;83,9;ProteMax Comercial
0EBTBRNOBKMRZ34;1;113,03;SafetyPro Distribuidora
0EBTBRNOBKMRZ35;6;113,03;ProteMax Comercial
0EBTBRNOBKMRZ36;24;114,39;EquipSeg Industrial
0EBTBRNOBKMRZ37;20;113,03;SafetyPro Distribuidora
0EBTBRNOBKMRZ38;23;113,03;SafetyPro Distribuidora
0EBTBRNOBKMRZ39;31;114,39;SafetyPro Distribuidora
0EBTBRNOBKMRZ40;31;114,39;ProteMax Comercial
0EBTBRNOBKMRZ41;14;114,39;EquipSeg Industrial
0EBTBRNOBKMRZ42;3;114,39;SafetyPro Distribuidora
0EBTBRNOBKMRZ43;6;113,03;SafetyPro Distribuidora
0EBTBRNOBKMRZ44;2;113,03;SafetyPro Distribuidora
0EBTBRPM9PCFZ40;6;175,72;ProteMax Comercial
0EBTBRPM9PCFZ41;1;175,72;ProteMax Comercial
0EBTBRTVUAPTZ38;14;47,41;EquipSeg Industrial
0EBTBRTVUAPTZ39;9;47,41;ProteMax Comercial
0EBTBRTVUAPTZ41;17;47,41;SafetyPro Distribuidora
0EBTBRTVUAPTZ42;18;47,41;EquipSeg Industrial
0EBTBRTVUPPTZ34;12;44,13;SafetyPro Distribuidora
0EBTBRTVUPPTZ35;11;44,81;SafetyPro Distribuidora
0EBTBRTVUPPTZ36;6;44,81;ProteMax Comercial
0EBTBRTVUPPTZ37;2;44,81;EquipSeg Industrial
0EBTBRTVUPPTZ38;48;44,13;ProteMax Comercial
0EBTBRTVUPPTZ39;18;44,13;ProteMax Comercial
0EBTBRTVUPPTZ40;12;44,13;EquipSeg Industrial
0EBTBRTVUPPTZ41;3;44,13;SafetyPro Distribuidora
0EBTBRTVUPPTZ42;17;44,13;SafetyPro Distribuidora
0EBTBRTVUPPTZ43;4;44,13;EquipSeg Industrial
0EBTBRTVUPPTZ44;4;44,13;SafetyPro Distribuidora
0EBTBRVULAPTZ34;18;47,47;EquipSeg Industrial
0EBTBRVULAPTZ35;37;48,2;EquipSeg Industrial
0EBTBRVULAPTZ36;41;48,2;ProteMax Comercial
0EBTBRVULAPTZ37;74;48,2;EquipSeg Industrial
0EBTBRVULAPTZ38;26;48,2;ProteMax Comercial
0EBTBRVULAPTZ39;258;48,2;SafetyPro Distribuidora
0EBTBRVULAPTZ40;26;48,2;SafetyPro Distribuidora
0EBTBRVULAPTZ41;495;48,2;SafetyPro Distribuidora
0EBTBRVULAPTZ42;536;48,2;SafetyPro Distribuidora
0EBTBRVULAPTZ43;53;48,2;ProteMax Comercial
0EBTBRVULAPTZ44;41;48,2;SafetyPro Distribuidora
0EBTBRVULAPTZ45;7;47,47;EquipSeg Industrial
0EBTBRVULAPTZ46;27;47,47;EquipSeg Industrial
0EBTBRVULPPTZ34;6;44,87;EquipSeg Industrial
0EBTBRVULPPTZ35;6;44,87;ProteMax Comercial
0EBTBRVULPPTZ36;6;44,87;SafetyPro Distribuidora
0EBTBRVULPPTZ37;12;44,87;SafetyPro Distribuidora
0EBTBRVULPPTZ38;12;44,87;SafetyPro Distribuidora
0EBTBRVULPPTZ39;44;44,87;ProteMax Comercial
0EBTBRVULPPTZ40;432;44,87;EquipSeg Industrial
0EBTBRVULPPTZ41;101;44,87;EquipSeg Industrial
0EBTBRVULPPTZ42;21;44,87;SafetyPro Distribuidora
0EBTBRVULPPTZ43;47;44,87;EquipSeg Industrial
0EBTBRVULPPTZ44;29;44,87;EquipSeg Industrial
0EBTBRVULPPTZ45;13;44,87;ProteMax Comercial
0EBTBRVULPPTZ46;5;44,87;ProteMax Comercial
0EBTFJNOBKMRZ38;5;83,0;ProteMax Comercial
0EBTFJNOBKMRZ39;1;83,0;ProteMax Comercial
0EBTFJNOBKMRZ40;5;83,0;SafetyPro Distribuidora
0EBTFJNOBKMRZ41;21;83,0;ProteMax Comercial
0EBTFJNOBKMRZ42;5;83,0;EquipSeg Industrial
0EBTFJNOBKMRZ43;14;83,0;SafetyPro Distribuidora
0EBTITSUPRPTL39;14;36,6;EquipSeg Industrial
0EBTITSUPRPTL40;3;33,66;EquipSeg Industrial
0EBTITSUPRPTL41;16;36,81;EquipSeg Industrial
0EBTITSUPRPTL42;36;33,66;ProteMax Comercial
0EBTITSUPRPTL43;32;33,66;ProteMax Comercial
0EBTITSUPRPTL44;32;36,5;SafetyPro Distribuidora
0EBTITSUPRPTL45;9;33,66;SafetyPro Distribuidora
0EBTMA100ABRS40;1;32,0;ProteMax Comercial
0EBTMA100ABRS41;3;31,97;EquipSeg Industrial
0EBTMA1VSAPTZ36;11;49,77;SafetyPro Distribuidora
0EBTMA1VSAPTZ37;8;50,52;ProteMax Comercial
0EBTMA1VSAPTZ38;1;50,55;ProteMax Comercial
0EBTMA1VSAPTZ39;19;49,51;ProteMax Comercial
0EBTMA1VSAPTZ40;47;49,25;EquipSeg Industrial
0EBTMA1VSAPTZ41;14;49,75;ProteMax Comercial
0EBTMA1VSAPTZ42;12;51,37;ProteMax Comercial
0EBTMA1VSAPTZ43;18;49,91;ProteMax Comercial
0EBTMA1VSAPTZ44;3;48,39;ProteMax Comercial
0EBTMA1VSPPTZ35;9;46,72;SafetyPro Distribuidora
0EBTMA1VSPPTZ36;9;47,67;SafetyPro Distribuidora
0EBTMA1VSPPTZ37;11;48,12;ProteMax Comercial
0EBTMA1VSPPTZ38;1;47,49;EquipSeg Industrial
0EBTMA1VSPPTZ39;15;46,96;SafetyPro Distribuidora
0EBTMA1VSPPTZ40;17;47,5;ProteMax Comercial
0EBTMA1VSPPTZ41;14;47,31;SafetyPro Distribuidora
0EBTMA1VSPPTZ42;11;47,24;SafetyPro Distribuidora
0EBTMA1VSPPTZ43;12;47,94;EquipSeg Industrial
0EBTMA1VSPPTZ44;4;46,8;ProteMax Comercial
0EBTMA3B9CPTC36;5;72,97;ProteMax Comercial
0EBTMA3B9CPTC37;10;73,35;EquipSeg Industrial
0EBTMA3B9CPTC38;15;74,04;EquipSeg Industrial
0EBTMA3B9CPTC39;2;75,86;ProteMax Comercial
0EBTMA3B9CPTC40;23;72,81;ProteMax Comercial
0EBTMA3B9CPTC41;35;74,67;EquipSeg Industrial
0EBTMA3B9CPTC42;43;74,61;SafetyPro Distribuidora
0EBTMA3B9CPTC43;26;74,93;SafetyPro Distribuidora
0EBTMA3B9CPTC44;14;74,47;EquipSeg Industrial
0EBTMA3B9CPTC45;6;71,53;SafetyPro Distribuidora
0EBTMA3B9CPTP37;9;81,59;EquipSeg Industrial
0EBTMA3B9CPTP38;3;81,6;SafetyPro Distribuidora
0EBTMA3B9CPTP39;15;81,96;SafetyPro Distribuidora
0EBTMA3B9CPTP40;33;81,71;ProteMax Comercial
0EBTMA3B9CPTP41;34;82,28;ProteMax Comercial
0EBTMA3B9CPTP42;19;81,54;SafetyPro Distribuidora
0EBTMA3B9CPTP43;15;82,23;SafetyPro Distribuidora
0EBTMA3B9CPTP44;27;81,75;ProteMax Comercial
0EBTMA3B9CPTP45;3;84,5;ProteMax Comercial
0EBTMA70T1PTP36;5;100,29;ProteMax Comercial
0EBTMA7B9APTZ38;4;74,82;EquipSeg Industrial
0EBTMA7B9APTZ39;5;77,21;SafetyPro Distribuidora
0EBTMA7B9APTZ40;5;75,27;ProteMax Comercial
0EBTMA7B9APTZ41;15;74,52;SafetyPro Distribuidora
0EBTMA7B9APTZ42;17;69,38;EquipSeg Industrial
0EBTMA7B9APTZ44;2;71,92;EquipSeg Industrial
0EBTMA7B9CPTC37;9;96,24;ProteMax Comercial
0EBTMA7B9CPTC38;19;100,61;EquipSeg Industrial
0EBTMA7B9CPTC39;13;98,44;SafetyPro Distribuidora
0EBTMA7B9CPTC40;16;99,44;ProteMax Comercial
0EBTMA7B9CPTC41;31;97,23;SafetyPro Distribuidora
0EBTMA7B9CPTC42;16;99,17;SafetyPro Distribuidora
0EBTMA7B9CPTC43;17;97,78;EquipSeg Industrial
0EBTMA7B9CPTC44;2;97,91;EquipSeg Industrial
0EBTMA7B9CPTC45;9;89,05;EquipSeg Industrial
0EBTMA7B9PPTE36;3;79,4;EquipSeg Industrial
0EBTMA7B9PPTE37;6;79,4;EquipSeg Industrial
0EBTMA7B9PPTE38;32;79,4;ProteMax Comercial
0EBTMA7B9PPTE39;73;79,4;SafetyPro Distribuidora
0EBTMA7B9PPTE40;187;79,4;SafetyPro Distribuidora
0EBTMA7B9PPTE41;149;79,4;SafetyPro Distribuidora
0EBTMA7B9PPTE42;42;79,4;SafetyPro Distribuidora
0EBTMA7B9PPTE43;10;79,4;EquipSeg Industrial
0EBTMA7B9PPTE44;9;79,4;SafetyPro Distribuidora
0EBTMA7B9PPTE45;13;79,4;ProteMax Comercial
0EBTMA7B9PPTE46;0;79,4;ProteMax Comercial
0EBTMA7B9PPTE47;7;79,4;SafetyPro Distribuidora
0EBTMA7B9PPTZ37;5;82,3;SafetyPro Distribuidora
0EBTMA7B9PPTZ38;13;80,98;ProteMax Comercial
0EBTMA7B9PPTZ39;102;81,04;ProteMax Comercial
0EBTMA7B9PPTZ40;113;81,23;EquipSeg Industrial
0EBTMA7B9PPTZ41;113;81,25;ProteMax Comercial
0EBTMA7B9PPTZ42;97;81,31;EquipSeg Industrial
0EBTMA7B9PPTZ43;6;80,95;EquipSeg Industrial
0EBTMA7B9PPTZ44;129;80,65;EquipSeg Industrial
0EBTMA7B9PPTZ45;7;79,77;EquipSeg Industrial
0EBTMA7B9PPTZ46;4;78,74;EquipSeg Industrial
0EBTMAAWCFPTM38;7;36,4;SafetyPro Distribuidora
0EBTMAAWCFPTM39;6;37,41;ProteMax Comercial
0EBTMAAWCFPTM40;32;36,08;EquipSeg Industrial
0EBTMAAWCFPTM41;1;36,84;ProteMax Comercial
0EBTMAAWCFPTM42;64;37,08;ProteMax Comercial
0EBTMAAWCFPTM43;4;37,22;EquipSeg Industrial
0EBTMAAWCFPTM44;9;35,41;SafetyPro Distribuidora
0EBTMAAWCFPTM45;4;37,47;EquipSeg Industrial
0EBTMAAWSFPTL35;11;35,32;SafetyPro Distribuidora
0EBTMAAWSFPTL36;3;37,42;ProteMax Comercial
0EBTMAAWSFPTL37;4;38,33;SafetyPro Distribuidora
0EBTMAAWSFPTL38;15;37,04;SafetyPro Distribuidora
0EBTMAAWSFPTL39;118;37,34;SafetyPro Distribuidora
0EBTMAAWSFPTL40;8;37,04;ProteMax Comercial
0EBTMAAWSFPTL41;13;37,27;ProteMax Comercial
0EBTMAAWSFPTL42;123;37,39;SafetyPro Distribuidora
0EBTMAAWSFPTL43;59;37,13;SafetyPro Distribuidora
0EBTMAAWSFPTL44;88;37,27;EquipSeg Industrial
0EBTMAAWSFPTL45;27;36,96;SafetyPro Distribuidora
0EBTMANOBKMRZ34;4;107,01;EquipSeg Industrial
0EBTMANOBKMRZ35;6;107,01;SafetyPro Distribuidora
0EBTMANOBKMRZ36;14;102,07;EquipSeg Industrial
0EBTMANOBKMRZ37;14;102,07;ProteMax Comercial
0EBTMANOBKMRZ38;16;107,01;SafetyPro Distribuidora
0EBTMANOBKMRZ39;12;102,07;SafetyPro Distribuidora
0EBTMANOBKMRZ40;23;102,07;SafetyPro Distribuidora
0EBTMANOBKMRZ41;38;102,07;SafetyPro Distribuidora
0EBTMANOBKMRZ42;38;102,07;EquipSeg Industrial
0EBTMANOBKMRZ43;54;107,01;SafetyPro Distribuidora
0EBTMANOBKMRZ44;24;107,01;ProteMax Comercial
0EBTMANOBKMRZ45;0;107,01;ProteMax Comercial
0EBTMANOBKMRZ46;2;108,25;SafetyPro Distribuidora
0EBTMANOBKPTZ34;2;111,41;ProteMax Comercial
0EBTMANOBKPTZ35;4;102,08;SafetyPro Distribuidora
0EBTMANOBKPTZ36;5;107,01;SafetyPro Distribuidora
0EBTMANOBKPTZ37;10;107,01;ProteMax Comercial
0EBTMANOBKPTZ38;11;106,62;SafetyPro Distribuidora
0EBTMANOBKPTZ39;17;107,83;ProteMax Comercial
0EBTMANOBKPTZ40;5;102,12;EquipSeg Industrial
0EBTMANOBKPTZ41;4;101,89;SafetyPro Distribuidora
0EBTMANOBKPTZ42;6;103,88;EquipSeg Industrial
0EBTMANOBKPTZ43;5;103,2;ProteMax Comercial
0EBTMANOBKPTZ44;11;107,01;EquipSeg Industrial
0EBTMAPM9CCZZ40;1;144,33;EquipSeg Industrial
0EBTMAPM9CCZZ41;1;183,82;ProteMax Comercial
0EBTMAPM9MMRZ36;7;147,17;EquipSeg Industrial
0EBTMAPM9MMRZ37;1;147,17;EquipSeg Industrial
0EBTMAPM9MMRZ38;8;147,17;ProteMax Comercial
0EBTMAPM9MMRZ39;2;147,17;EquipSeg Industrial
0EBTMAPM9MMRZ40;2;147,17;ProteMax Comercial
0EBTMAPM9MMRZ41;5;147,17;EquipSeg Industrial
0EBTMAPM9MMRZ42;0;147,17;ProteMax Comercial
0EBTMAPM9MMRZ43;2;147,17;ProteMax Comercial
0EBTMAPM9PPTZ36;0;147,17;EquipSeg Industrial
0EBTMAPM9PPTZ38;2;147,17;EquipSeg Industrial
0EBTMAPM9PPTZ39;2;186,55;EquipSeg Industrial
0EBTMAPM9PPTZ40;2;147,17;SafetyPro Distribuidora
0EBTMAPM9PPTZ41;2;147,17;SafetyPro Distribuidora
0EBTMAPM9PPTZ42;3;147,17;SafetyPro Distribuidora
0EBTMATVUAPTZ35;8;49,48;ProteMax Comercial
0EBTMATVUAPTZ36;17;48,16;EquipSeg Industrial
0EBTMATVUAPTZ37;18;48,14;ProteMax Comercial
0EBTMATVUAPTZ38;10;47,87;SafetyPro Distribuidora
0EBTMATVUAPTZ39;13;46,35;EquipSeg Industrial
0EBTMATVUAPTZ40;34;47,21;ProteMax Comercial
0EBTMATVUAPTZ41;25;47,5;EquipSeg Industrial
0EBTMATVUAPTZ42;19;46,28;ProteMax Comercial
0EBTMATVUAPTZ43;10;47,86;EquipSeg Industrial
0EBTMATVUPPTZ35;4;48,99;SafetyPro Distribuidora
0EBTMATVUPPTZ36;4;47,33;SafetyPro Distribuidora
0EBTMATVUPPTZ37;1;47,76;EquipSeg Industrial
0EBTMATVUPPTZ38;9;46,86;ProteMax Comercial
0EBTMATVUPPTZ39;11;46,35;SafetyPro Distribuidora
0EBTMATVUPPTZ40;8;46,36;SafetyPro Distribuidora
0EBTMATVUPPTZ41;21;46,33;SafetyPro Distribuidora
0EBTMATVUPPTZ42;14;46,01;EquipSeg Industrial
0EBTMATVUPPTZ43;44;45,32;EquipSeg Industrial
0EBTMATVUPPTZ44;9;46,04;ProteMax Comercial
0EBTMAVULAPTZ35;10;44,97;ProteMax Comercial
0EBTMAVULAPTZ36;11;45,38;ProteMax Comercial
0EBTMAVULAPTZ37;20;44,86;EquipSeg Industrial
0EBTMAVULAPTZ38;130;44,5;EquipSeg Industrial
0EBTMAVULAPTZ39;12;45,18;ProteMax Comercial
0EBTMAVULAPTZ40;137;45,13;ProteMax Comercial
0EBTMAVULAPTZ41;88;45,09;EquipSeg Industrial
0EBTMAVULAPTZ42;95;45,28;ProteMax Comercial
0EBTMAVULAPTZ43;9;45,08;SafetyPro Distribuidora
0EBTMAVULAPTZ44;57;44,69;EquipSeg Industrial
0EBTMAVULAPTZ45;9;45,42;ProteMax Comercial
0EBTMAVULPPTZ35;10;39,23;EquipSeg Industrial
0EBTMAVULPPTZ36;84;39,93;SafetyPro Distribuidora
0EBTMAVULPPTZ37;19;39,54;EquipSeg Industrial
0EBTMAVULPPTZ38;43;39,94;EquipSeg Industrial
0EBTMAVULPPTZ39;175;39,44;EquipSeg Industrial
0EBTMAVULPPTZ40;259;40,07;EquipSeg Industrial
0EBTMAVULPPTZ41;145;40,07;SafetyPro Distribuidora
0EBTMAVULPPTZ42;44;40,02;EquipSeg Industrial
0EBTMAVULPPTZ43;16;39,98;EquipSeg Industrial
0EBTMAVULPPTZ44;31;40,13;ProteMax Comercial
0EBTMAVULPPTZ45;9;40,34;EquipSeg Industrial
0EBTZZ70B1PTS34;23;44,07;ProteMax Comercial
0EBTZZ70B1PTS35;38;44,75;SafetyPro Distribuidora
0EBTZZ70B1PTS36;7;44,75;SafetyPro Distribuidora
0EBTZZ70B1PTS37;1;44,75;SafetyPro Distribuidora
0EBTZZ70B1PTS38;13;44,75;SafetyPro Distribuidora
0EBTZZ70B1PTS39;14;44,75;ProteMax Comercial
0EBTZZ70B1PTS40;27;44,07;EquipSeg Industrial
0EBTZZ70B1PTS41;62;44,75;SafetyPro Distribuidora
0EBTZZ70B1PTS42;86;44,75;EquipSeg Industrial
0EBTZZ70B1PTS43;19;44,07;ProteMax Comercial
0EBTZZ70B1PTS44;13;44,75;ProteMax Comercial
0ECA3MAJUSCZSCC;44;27,0;ProteMax Comercial
0ECA3MCARNCZSCC;21;43,98;SafetyPro Distribuidora
0ECA3MH700AMCCA;17;56,38;EquipSeg Industrial
0ECA3MH700AZCAF;16;43,29;EquipSeg Industrial
0ECA3MH700AZCCA;2;56,38;EquipSeg Industrial
0ECA3MH700BRCAF;106;43,29;ProteMax Comercial
0ECA3MH700BRCCA;3;65,19;SafetyPro Distribuidora
0ECA3MH700CZCAF;33;43,29;ProteMax Comercial
0ECA3MH700CZCCA;44;64,64;ProteMax Comercial
0ECA3MH700VHCCA;11;56,38;EquipSeg Industrial
0ECA3MWP96ZZKIT;11;117,81;ProteMax Comercial
0ECACBVACCPTCEL;1;109,15;EquipSeg Industrial
0ECACBVACCPTSOL;13;41,03;SafetyPro Distribuidora
0ECACPABCSAMZZZ;145;7,64;EquipSeg Industrial
0ECACPABCSAZZZZ;24;8,1;SafetyPro Distribuidora
0ECACPABCSBRZZZ;60;8,1;EquipSeg Industrial
0ECACPABCSCZZZZ;179;8,89;ProteMax Comercial
0ECACPABCSLRZZZ;11;8,1;ProteMax Comercial
0ECACPABCSVDZZZ;62;8,1;SafetyPro Distribuidora
0ECACPABCSVHZZZ;29;7,64;SafetyPro Distribuidora
0ECACPJUGUCZJCC;898;2,16;SafetyPro Distribuidora
0ECACPSOLDCZZZZ;19;6,0;EquipSeg Industrial
0ECAMCNISUBRTOU;13;12,5;EquipSeg Industrial
0ECAUMABCSBRSJU;19;13,8;SafetyPro Distribuidora
0ECAUMABCSCZSJU;135;13,8;ProteMax Comercial
0ECAUMABCSLRSJU;15;13,32;EquipSeg Industrial
0ECAUMJUGUZZTEC;138;1,4;EquipSeg Industrial
0ECAVKREDEBRPCT;3;31,62;EquipSeg Industrial
0ECAVKREDEPTPCT;3;35,85;SafetyPro Distribuidora
0ECDMA101FBRT35;5;56,8;SafetyPro Distribuidora
0ECDMA101FBRT38;4;56,8;SafetyPro Distribuidora
0ECDMA101FPTS35;3;56,8;SafetyPro Distribuidora
0ECDMA101FPTS36;2;56,8;SafetyPro Distribuidora
0ECDMA101FPTS37;3;56,8;ProteMax Comercial
0ECDMA101FPTS38;5;56,8;ProteMax Comercial
0ECDMA101FPTS39;4;56,8;SafetyPro Distribuidora
0ECIDIERGOPTCED;16;32,81;EquipSeg Industrial
0ECIDIERGOPTCEM;10;33,3;SafetyPro Distribuidora
0ECIDIERGOZZCED;45;34,04;ProteMax Comercial
0ECIDIERGOZZCEG;5;34,35;ProteMax Comercial
0ECIDIERGOZZCEP;7;33,88;EquipSeg Industrial
0ECIDIERGOZZCFG;26;34,12;ProteMax Comercial
0ECIDIERGOZZCFM;28;31,66;SafetyPro Distribuidora
0ECIDIERGOZZCFP;18;31,99;EquipSeg Industrial
0ECIDIERGOZZCXG;2;34,76;SafetyPro Distribuidora
0ECIDIERGOZZZXG;1;21,9;SafetyPro Distribuidora
0ECIDIERGOZZZZG;23;21,9;EquipSeg Industrial
0ECIDIERGOZZZZM;27;21,9;SafetyPro Distribuidora
0ECIDIERGOZZZZP;7;21,9;ProteMax Comercial
0ECILFERGOPTCEG;10;26,72;SafetyPro Distribuidora
0ECILFERGOPTCEM;39;25,91;EquipSeg Industrial
0ECILFERGOPTCEP;43;23,0;EquipSeg Industrial
0ECILFERGOPTCEX;47;25,6;EquipSeg Industrial
0ECLBCPVCAAMCPE;72;15,61;SafetyPro Distribuidora
0ECLBCPVCAAMCPG;6;14,51;EquipSeg Industrial
0ECLBCPVCAAMCTG;116;13,25;EquipSeg Industrial
0ECLEPPVCAAMXGG;4;11,94;SafetyPro Distribuidora
0ECLEPPVCAAMXXG;71;11,59;ProteMax Comercial
0ECLEPPVCAAMXXM;19;12,9;SafetyPro Distribuidora
0ECLEPPVCAAMZXG;29;12,9;EquipSeg Industrial
0ECMLVCPHIZZ200;219;6,49;EquipSeg Industrial
0ECMLVGRU3ZZ200;137;6,89;SafetyPro Distribuidora
0ECMMVCPHIBRRCI;111;11,22;ProteMax Comercial
0ECMMVCPHIZZ200;607;7,52;EquipSeg Industrial
0ECMMVGRU3ZZ1KG;1;37,59;EquipSeg Industrial
0ECMMVPM10ZZ120;131;5,18;EquipSeg Industrial
0ECMMVPM10ZZ280;10;104,04;SafetyPro Distribuidora
0ECMMVPM50ZZ250;3;7,18;EquipSeg Industrial
0ECMMVPS30ZZ120;117;12,53;ProteMax Comercial
0ECMMVPS30ZZ1KG;26;92,11;EquipSeg Industrial
0ECMMVPS30ZZ2KG;25;174,28;EquipSeg Industrial
0ECMMVPS60ZZ120;100;15,88;ProteMax Comercial
0ECMMVPS60ZZ1KG;9;123,64;EquipSeg Industrial
0ECMMVPS60ZZ2KG;1;234,64;SafetyPro Distribuidora
0ECMNTCPHIBRCPN;4;11,8;SafetyPro Distribuidora
0ECMNTCPHIBRRCI;171;10,49;SafetyPro Distribuidora
0ECMNTCPHIZZ200;430;5,42;ProteMax Comercial
0ECMNTCPHIZZRE4;9;10,04;EquipSeg Industrial
0ECMNTGRU3ZZ1KG;10;24,37;SafetyPro Distribuidora
0ECMNTGRU3ZZ200;32;6,07;ProteMax Comercial
0ECMNTPS30BR120;67;13,14;EquipSeg Industrial
0ECMNTPS30BRPN2;3;160,22;ProteMax Comercial
0ECMNTPS30ZZ120;73;9,99;SafetyPro Distribuidora
0ECMNTPS30ZZ1KG;6;62,66;SafetyPro Distribuidora
0ECMNTPS30ZZZZ1;8;87,33;SafetyPro Distribuidora
0ECMNTPS60BR120;61;15,97;ProteMax Comercial
0ECMNTPS60BR2LT;1;225,7;ProteMax Comercial
0ECMNTPS60BRPSN;1;142,85;SafetyPro Distribuidora
0ECMNTPS60BRRE2;3;245,65;ProteMax Comercial
0ECMNTPS60ZZ120;48;15,0;SafetyPro Distribuidora
0ECMNTPS60ZZ1KG;28;120,0;SafetyPro Distribuidora
0ECMNTPS60ZZ2KG;4;181,52;EquipSeg Industrial
0ECMTNAG70ZZ100;132;3,3;ProteMax Comercial
0ECMTNAG70ZZ500;14;11,13;SafetyPro Distribuidora
0ECMTNAG70ZZZ5L;5;48,91;SafetyPro Distribuidora
0ECNNG50CMLAC5P;13;9,2;ProteMax Comercial
0ECNNG50CMPTC5P;81;8,38;EquipSeg Industrial
0ECNNG75CMLAC75;55;20,84;EquipSeg Industrial
0ECNNG75CMPTC75;3;20,84;SafetyPro Distribuidora
0ECOCRBANDVDZZZ;25;7,01;ProteMax Comercial
0ECOEP3PONZZ001;16;35,61;EquipSeg Industrial
0ECOEP3PONZZ003;3;57,07;ProteMax Comercial
0ECOEP3PONZZ004;3;92,75;ProteMax Comercial
0EDSANPROPBR100;27;6,8;SafetyPro Distribuidora
0EDSANTOSABR100;104;6,5;EquipSeg Industrial
0EECKTZEBRAM200;40;7,7;SafetyPro Distribuidora
0EECKTZZZZZZPZA;15;16,45;EquipSeg Industrial
0EECTTTAPULR125;4;61,19;EquipSeg Industrial
0EECZZZZZZZZ6MM;137;79,5;EquipSeg Industrial
0EIMBCCCFOAMEXG;253;13,62;EquipSeg Industrial
0EIMBCCCFOAMXXG;165;17,23;EquipSeg Industrial
0EIMBCCCFOAMZGG;329;12,97;ProteMax Comercial
0EIMBCCCFOAMZZG;122;12,33;ConstruBase Materiais
0EIMBCCCFOAMZZM;74;12,33;ProteMax Comercial
0EIMBCCCFOAMZZP;6;11,99;EquipSeg Industrial
0EIMBCCCFOPTEXG;58;13,62;SafetyPro Distribuidora
0EIMBCCCFOPTZGG;17;12,97;EquipSeg Industrial
0EIMBCCCFOPTZZG;11;12,33;SafetyPro Distribuidora
0EIMBCCMOTPTEXG;66;49,7;ProteMax Comercial
0EIMBCCMOTPTZGG;61;45,0;SafetyPro Distribuidora
0EIMBCCMOTPTZZG;33;45,0;SafetyPro Distribuidora
0EIMBCCMOTPTZZM;17;45,0;SafetyPro Distribuidora
0EIMBCCMOTPTZZP;10;49,7;SafetyPro Distribuidora
0EL0KAMAKSPTKAS;4;120,6;SafetyPro Distribuidora
0ELVAMMISTZZMAV;8;204,35;EquipSeg Industrial
0ELVAMRASPZZBLU;6;66,13;SafetyPro Distribuidora
0ELVAMVQMIZZP07;48;11,48;SafetyPro Distribuidora
0ELVAMVQTAZZP20;4;24,28;ProteMax Comercial
0ELVDAMXTHLRZZG;1;53,75;SafetyPro Distribuidora
0ELVDANEOLAZZZG;88;5,56;ProteMax Comercial
0ELVDANEOLAZZZM;94;5,2;EquipSeg Industrial
0ELVDANEOLAZZZP;37;5,2;SafetyPro Distribuidora
0ELVDASOLVZZZZM;9;5,91;ProteMax Comercial
0ELVDKNISPAZZZG;553;19,0;ProteMax Comercial
0ELVDKNISPAZZZM;358;19,0;CimentoForte Distribuidora
0ELVDKNISPAZZZP;91;14,0;SafetyPro Distribuidora
0ELVIMLVNTAZZZG;144;15,47;SafetyPro Distribuidora
0ELVLMMISTCZLML;24;11,53;ProteMax Comercial
0ELVLMMISTCZP07;443;8,5;SafetyPro Distribuidora
0ELVLMMISTCZP20;57;13,45;ProteMax Comercial
0ELVPRMISTCZP20;41;16,25;SafetyPro Distribuidora
0ELVPRRASPCZP07;10;9,41;ProteMax Comercial
0ELVPRRASPCZP20;34;16,33;SafetyPro Distribuidora
0ELVPRVQPTBRZGG;12;14,08;EquipSeg Industrial
0ELVPRVQPTBRZZG;240;13,8;SafetyPro Distribuidora
0ELVPRVQTAZZP07;38;13,53;SafetyPro Distribuidora
0ELVSAZZZZZZLSS;101;4,75;EquipSeg Industrial
0ELVVKBLTRPTZZG;42;5,24;SafetyPro Distribuidora
0ELVVKCOCPBRZZZ;4996;1,86;EquipSeg Industrial
0ELVVKCOCPPTZZZ;2244;1,57;SafetyPro Distribuidora
0ELVVKCOSPBRZZZ;456;1,27;ProteMax Comercial
0ELVVKCTOLCZZZG;223;22,15;ProteMax Comercial
0ELVVKCTOLZZZZG;141;17,11;SafetyPro Distribuidora
0ELVVKCTOPCZZZG;39;21,82;SafetyPro Distribuidora
0ELVVKCTOPPTLCM;165;17,59;SafetyPro Distribuidora
0ELVVKCUTFCZZZG;8;11,33;ProteMax Comercial
0ELVVKCUTFCZZZM;27;11,33;SafetyPro Distribuidora
0ELVVKCUTSCZLCG;72;12,91;ProteMax Comercial
0ELVVKGORIPTZZG;24;47,67;EquipSeg Industrial
0ELVVKGRENVDZZG;326;7,01;ProteMax Comercial
0ELVVKGRIPPTLCM;12;4,22;ProteMax Comercial
0ELVVKGRIPPTLGC;855;4,2;EquipSeg Industrial
0ELVVKGRIPPTZZG;12;5,29;ProteMax Comercial
0ELVVKLALRLAZZG;53;5,99;SafetyPro Distribuidora
0ELVVKLCMVCZLCM;341;1,63;SafetyPro Distribuidora
0ELVVKLTCAAZZZG;498;17,7;ProteMax Comercial
0ELVVKLTCAAZZZM;11;17,7;SafetyPro Distribuidora
0ELVVKLTCAAZZZP;1;17,7;ProteMax Comercial
0ELVVKLVSSAMLVA;116;2,84;SafetyPro Distribuidora
0ELVVKLVSSAMLVG;469;2,84;SafetyPro Distribuidora
0ELVVKLVSSAMLVS;258;2,84;ProteMax Comercial
0ELVVKLWMVPTCWM;12;50,62;SafetyPro Distribuidora
0ELVVKLWMVPTLWS;76;38,95;ProteMax Comercial
0ELVVKLWMVPTPRE;7;38,88;SafetyPro Distribuidora
0ELVVKMICRAMLMV;38;16,57;SafetyPro Distribuidora
0ELVVKMICRPTLMG;37;16,25;EquipSeg Industrial
0ELVVKMTUSAMLMA;126;2,64;EquipSeg Industrial
0ELVVKMTUSAMZEG;113;2,62;ProteMax Comercial
0ELVVKMTUSAMZZG;2951;2,62;EquipSeg Industrial
0ELVVKMTUSAMZZM;808;2,62;ProteMax Comercial
0ELVVKMTUSAMZZP;89;2,62;EquipSeg Industrial
0ELVVKNEOLAMLBA;102;4,67;SafetyPro Distribuidora
0ELVVKNEOLAZLBE;27;4,67;ProteMax Comercial
0ELVVKNEOLAZLBG;69;4,67;ProteMax Comercial
0ELVVKNICFVDZEG;365;5,31;SafetyPro Distribuidora
0ELVVKNICFVDZZG;165;6,52;ProteMax Comercial
0ELVVKNICFVDZZM;131;6,52;ProteMax Comercial
0ELVVKNICFVDZZP;12;6,52;EquipSeg Industrial
0ELVVKNIFUPTZEG;239;7,82;ProteMax Comercial
0ELVVKNIFUPTZZG;463;6,53;SafetyPro Distribuidora
0ELVVKNIFUPTZZM;109;6,53;EquipSeg Industrial
0ELVVKNIFUPTZZP;65;6,53;EquipSeg Industrial
0ELVVKNITRAMSFG;223;4,15;SafetyPro Distribuidora
0ELVVKNITRAZSFG;429;5,14;SafetyPro Distribuidora
0ELVVKNITRVDLEG;53;22,16;EquipSeg Industrial
0ELVVKNITRVDLNG;19;22,16;ProteMax Comercial
0ELVVKNITRVDLNV;103;25,17;EquipSeg Industrial
0ELVVKNITRVDSFE;104;5,14;SafetyPro Distribuidora
0ELVVKNITRVDSFG;38;4,15;EquipSeg Industrial
0ELVVKNITRVDSFM;342;5,14;SafetyPro Distribuidora
0ELVVKNITRVDSFP;48;4,15;EquipSeg Industrial
0ELVVKNIWAAZZEG;281;4,4;ProteMax Comercial
0ELVVKNIWAAZZZG;495;4,4;EquipSeg Industrial
0ELVVKNIWAAZZZM;14;4,4;EquipSeg Industrial
0ELVVKNIWAAZZZP;36;4,4;SafetyPro Distribuidora
0ELVVKORANLRZEG;89;5,81;SafetyPro Distribuidora
0ELVVKORANLRZZG;775;5,81;SafetyPro Distribuidora
0ELVVKORANLRZZM;67;4,06;EquipSeg Industrial
0ELVVKPVCVVD26G;23;9,81;ProteMax Comercial
0ELVVKPVCVVD36V;784;12,83;SafetyPro Distribuidora
0ELVVKPVCVVD46V;464;12,91;SafetyPro Distribuidora
0ELVVKPVCVVDZZG;398;15,62;EquipSeg Industrial
0ELVVKRANHZZZZG;5;6,5;SafetyPro Distribuidora
0ELVVKSNSPAZZEG;46;18,5;ProteMax Comercial
0ELVVKSNSPAZZZG;39;18,5;ProteMax Comercial
0ELVVKSNSPAZZZM;155;18,5;SafetyPro Distribuidora
0ELVVKSNSPAZZZP;97;18,5;SafetyPro Distribuidora
0ELVVKSSFTAZLSS;167;21,55;EquipSeg Industrial
0ELVVKTTLVAZLCG;37;27,85;ProteMax Comercial
0ELVVKTTLVPTZEG;281;2,09;ProteMax Comercial
0ELVVKTTLVPTZZG;1973;2,09;SafetyPro Distribuidora
0ELVVKTTLVPTZZM;1397;2,09;EquipSeg Industrial
0ELVVKTTLVPTZZP;404;1,49;ProteMax Comercial
0ELVVKVINIPTLVS;6;12,82;ProteMax Comercial
0ELVVKVINIZZLVV;146;14,25;EquipSeg Industrial
0ELVVKVKNLAZZEG;500;6,34;EquipSeg Industrial
0ELVVKVKNLAZZZG;629;8,76;ProteMax Comercial
0ELVVKVKNMAZZEG;37;7,5;ProteMax Comercial
0ELVVKVKNMAZZZG;339;5,86;EquipSeg Industrial
0ELVVKVKNMAZZZM;71;5,86;ProteMax Comercial
0ELVZZRASPCZP07;180;7,05;SafetyPro Distribuidora
0ELVZZRASPCZP20;369;11,0;SafetyPro Distribuidora
0ELVZZRASPCZP30;16;12,0;EquipSeg Industrial
0ELVZZRASPZZMAN;8;17,5;EquipSeg Industrial
0ELVZZVQTAZZP07;234;8,5;EquipSeg Industrial
0EMASPQUIMBRMPS;70;12,17;SafetyPro Distribuidora
0EMASPQUIMBRMXG;320;9,32;ProteMax Comercial
0EMAVKCONVBREEG;160;7,8;SafetyPro Distribuidora
0EMAVKCONVBRMCV;9;11,58;ProteMax Comercial
0EMAVKCONVBRZEG;639;7,8;SafetyPro Distribuidora
0EMAVKCONVBRZZG;153;7,8;ProteMax Comercial
0EMAVKCONVBRZZM;38;6,8;SafetyPro Distribuidora
0ENNPAPOLIBRCP1;19;253,0;EquipSeg Industrial
0ENNPAPOLIBRCP5;1;506,0;SafetyPro Distribuidora
0EOCIDGRAUIN003;2;139,5;ProteMax Comercial
0EOCIDGRAUIN103;7;231,66;SafetyPro Distribuidora
0EOCKLPANDCZPAN;19;4,93;SafetyPro Distribuidora
0EPA3M1426PTZ20;70;26,66;SafetyPro Distribuidora
0EPA3MAB19AMH6A;31;88,74;EquipSeg Industrial
0EPA3MMUFLPTKIT;213;27,67;SafetyPro Distribuidora
0EPA3MMUFLVHC21;50;58,67;EquipSeg Industrial
0EPA3MMUFLVHZ18;43;89,81;EquipSeg Industrial
0EPA3MPLUGLAPA3;142;1,87;SafetyPro Distribuidora
0EPA3MPPPCLRPOL;613;3,09;SafetyPro Distribuidora
0EPA3MPPPSLR110;415;0,5;SafetyPro Distribuidora
0EPA3MPPPSLRPOL;12;3,32;ProteMax Comercial
0EPAAE1426PTKAA;96;24,66;SafetyPro Distribuidora
0EPAAE1426PTKPW;56;24,67;EquipSeg Industrial
0EPAAE1426PTKWI;17;28,29;SafetyPro Distribuidora
0EPAAEAB24PTX24;27;26,02;ProteMax Comercial
0EPAAEAB24PTZ24;30;26,3;SafetyPro Distribuidora
0EPAAECNCHPTPAA;239;15,93;ProteMax Comercial
0EPAAEKTADPTZ15;506;24,34;ProteMax Comercial
0EPACPCNCHCZPCP;72;29,71;SafetyPro Distribuidora
0EPALE1426PTARS;139;26,58;EquipSeg Industrial
0EPALE1426PTATR;51;18,54;ProteMax Comercial
0EPALEAB22PTARS;18;28,89;SafetyPro Distribuidora
0EPALECNCHPTATR;95;21,36;SafetyPro Distribuidora
0EPAMXPLUGLRC18;68;1,4;EquipSeg Industrial
0EPAPQPLUGLRZ15;1907;0,86;ProteMax Comercial
0EPR3M5N11BRFR3;26;77,85;ProteMax Comercial
0EPR3M5N11BRZZZ;78;43,94;SafetyPro Distribuidora
0EPR3M6200ZZKIT;37;186,54;SafetyPro Distribuidora
0EPR3MCVOPZZVOP;92;71,86;EquipSeg Industrial
0EPR3MFILTBRC3M;12;95,56;EquipSeg Industrial
0EPR3MFILTBRCGA;36;76,9;ProteMax Comercial
0EPR3MRESPPTGDE;9;104,87;ProteMax Comercial
0EPR3MRESPPTRF3;7;113,16;SafetyPro Distribuidora
0EPR3MRETEZZZZZ;4;8,06;ProteMax Comercial
0EPRAAPFF2AZVZZ;249;1,79;EquipSeg Industrial
0EPRALPFF2AZRAL;4285;0,64;EquipSeg Industrial
0EPRALPFF2AZVZZ;570;0,8;SafetyPro Distribuidora
0EPRBSB400ZZZZZ;26;83,48;EquipSeg Industrial
0EPRBSFBL4BRPFR;20;9,58;EquipSeg Industrial
0EPRBSPFF2BRC29;95;94,05;EquipSeg Industrial
0EPRBSRESPZZ213;37;21,74;EquipSeg Industrial
0EPRCPPFF2AZCVA;3995;0,87;SafetyPro Distribuidora
0EPRCPPFF2AZSVA;3274;0,65;SafetyPro Distribuidora
0EPRCRFACIBRMFC;48;13,0;ProteMax Comercial
0EPRCRFACIBRMFP;21;6,79;EquipSeg Industrial
0EPRDSR14FZZVOG;10;20,5;ProteMax Comercial
0EPRVKFBL4ZZGVO;53;81,72;SafetyPro Distribuidora
0EPVCBPROVVDOPV;8;4,35;SafetyPro Distribuidora
0EPVCPSUPOINCLB;3;35,17;SafetyPro Distribuidora
0EPVDPMSKYFMZZZ;18;1,9;SafetyPro Distribuidora
0EPVDPMSKYINZZZ;33;1,9;SafetyPro Distribuidora
0EPVDPMSUMFMZZZ;75;1,94;SafetyPro Distribuidora
0EPVDPMSUMINZZZ;300;1,94;SafetyPro Distribuidora
0EPVDPMSUMVDZZZ;8;1,94;EquipSeg Industrial
0EPVEPARUHPTZZZ;20;41,13;ProteMax Comercial
0EPVKLJAGUCZZZZ;39;3,35;SafetyPro Distribuidora
0EPVKLJAGUINZZZ;63;3,35;EquipSeg Industrial
0EPVKLJAMAAZESP;2;25,93;EquipSeg Industrial
0EPVKLJAMACZESP;32;25,93;ProteMax Comercial
0EPVKLLEOPCZZZZ;112;2,89;SafetyPro Distribuidora
0EPVKLLEOPINZZZ;299;2,89;ProteMax Comercial
0EPVKLPANDINZZZ;133;4,93;SafetyPro Distribuidora
0EPVKLRAPEINZZZ;84;11,74;EquipSeg Industrial
0EPVVCEVERINZZZ;7;31,8;EquipSeg Industrial
0EPVVKV100CZZZZ;649;2,71;EquipSeg Industrial
0EPVVKV100INZZZ;401;2,71;EquipSeg Industrial
0EPVVKV200CZZZZ;703;2,71;ProteMax Comercial
0EPVVKV200INZZZ;616;2,71;SafetyPro Distribuidora
0EPVVKV500INZZZ;61;9,34;SafetyPro Distribuidora
0EPVZZSOLDCZT10;50;1,09;ProteMax Comercial
0EPVZZSOLDCZT12;7;1,09;SafetyPro Distribuidora
0EPVZZSOLDINLET;132;0,88;EquipSeg Industrial
0ETEMAMICRBRT38;5;67,25;SafetyPro Distribuidora
0ETEMAMICRBRT42;5;67,49;EquipSeg Industrial
0ETEMAMICRBRT43;1;66,84;ProteMax Comercial
0EUFAGPOLOBRFZM;35;26,9;SafetyPro Distribuidora
0EUFAGPOLOBRMZG;28;28,9;ProteMax Comercial
0EUFAGPOLOBRMZM;54;28,9;SafetyPro Distribuidora
0EUFAGPOLOBRZEG;1;26,9;EquipSeg Industrial
0EUFHAJEANAZM36;1;45,0;ProteMax Comercial
0EUFHAJEANAZM38;24;50,0;SafetyPro Distribuidora
0EUFHAJEANAZM40;22;45,0;EquipSeg Industrial
0EUFHAJEANAZM42;104;45,0;ProteMax Comercial
0EUFHAJEANAZM44;37;50,0;ProteMax Comercial
0EUFHAJEANAZM46;31;50,0;SafetyPro Distribuidora
0EUFHAJEANAZM48;71;50,0;SafetyPro Distribuidora
0EUFHAJEANAZM50;22;60,0;SafetyPro Distribuidora
0EUFHAJEANAZM52;11;60,0;EquipSeg Industrial
0EUFHAJEANAZM54;2;60,0;SafetyPro Distribuidora
0EUFHAJEANAZM56;8;60,0;ProteMax Comercial
0EUFMIJEANAZF36;34;41,99;ProteMax Comercial
0EUFMIJEANAZF38;3;41,99;SafetyPro Distribuidora
0EUFMIJEANAZF40;24;41,99;SafetyPro Distribuidora
0EUFMIJEANAZF42;13;41,99;ProteMax Comercial
0EUFMIJEANAZF44;9;41,99;EquipSeg Industrial
0EUFMIJEANAZF46;8;41,99;SafetyPro Distribuidora
0EUFMIJEANAZF48;17;43,99;SafetyPro Distribuidora
0EUFMIJEANAZF50;3;43,99;ProteMax Comercial
0EUFMIJEANAZF52;0;43,99;SafetyPro Distribuidora
0EUFSBSILKCZBCA;272;12,8;EquipSeg Industrial
0EUFSCMOLECZBIG;5;48,0;ProteMax Comercial
0EUFSCMOLECZZEG;14;48,0;SafetyPro Distribuidora
0EUFSCMOLECZZGG;72;48,0;ProteMax Comercial
0EUFSCMOLECZZXG;8;48,0;SafetyPro Distribuidora
0EUFSCMOLECZZZG;4;48,0;SafetyPro Distribuidora
0EUFSCMOLECZZZM;76;48,0;SafetyPro Distribuidora
0EUFSCMOLECZZZP;9;48,0;EquipSeg Industrial
0EUFVBMLFRCZCEG;54;26,9;EquipSeg Industrial
0EUFVBMLFRCZCGG;121;26,9;ProteMax Comercial
0EUFVBMLFRCZCIG;7;26,9;SafetyPro Distribuidora
0EUFVBMLFRCZCMX;44;26,9;SafetyPro Distribuidora
0EUFVBMLFRCZCZG;93;26,9;EquipSeg Industrial
0EUFVBMLFRCZCZM;102;26,9;SafetyPro Distribuidora
0EUFVBMLFRCZCZP;52;26,9;EquipSeg Industrial
0EUFVBMLFRCZLEG;3;28,9;SafetyPro Distribuidora
0EUFVBMLFRCZLGG;12;28,9;ProteMax Comercial
0EUFVBMLFRCZLIG;1;37,8;SafetyPro Distribuidora
0EUFVBMLFRCZLXG;26;28,9;SafetyPro Distribuidora
0EUFVBMLFRCZLZG;169;28,9;EquipSeg Industrial
0EUFVBMLFRCZLZM;25;28,9;SafetyPro Distribuidora
0EUFVBMLFRCZLZP;125;28,9;SafetyPro Distribuidora
0EUFVBMLFRCZMFG;16;32,5;EquipSeg Industrial
0EUFVBMLFRCZMGG;1;32,5;ProteMax Comercial
0EUFVBPOLOBRFEG;7;26,9;ProteMax Comercial
0EUFVBPOLOBRFGG;4;26,9;EquipSeg Industrial
0EUFVBPOLOBRFXG;13;26,9;EquipSeg Industrial
0EUFVBPOLOBRFZG;31;26,9;EquipSeg Industrial
0EUFVBPOLOBRFZM;4;26,9;EquipSeg Industrial
0EUFVBPOLOBRFZP;66;26,9;EquipSeg Industrial
0EUFVBPOLOBRMEG;39;28,9;ProteMax Comercial
0EUFVBPOLOBRMGG;5;28,9;ProteMax Comercial
0EUFVBPOLOBRMIG;12;32,5;EquipSeg Industrial
0EUFVBPOLOBRMXG;16;28,9;SafetyPro Distribuidora
0EUFVBPOLOBRMZG;61;28,9;EquipSeg Industrial
0EUFVBPOLOBRMZM;49;28,9;SafetyPro Distribuidora
0EUFVBPOLOBRMZP;77;28,9;EquipSeg Industrial
0EUFVBPOLOCZCXG;6;34,8;EquipSeg Industrial
0EUFVBPOLOCZPCM;18;34,49;ProteMax Comercial
0EUFVBPOLOCZPCP;3;35,33;SafetyPro Distribuidora
0EUFVBPOLOCZPGG;8;33,63;SafetyPro Distribuidora
0EUFVBPOLOCZTME;1;35,11;ProteMax Comercial
0EUFVBPOLOCZTMG;11;34,35;ProteMax Comercial
0EUFVBPOLOCZTMP;4;35,09;ProteMax Comercial
0EUFVBPOLOCZTXG;4;34,5;ProteMax Comercial
0EUFVBPOLOCZZZG;41;34,46;SafetyPro Distribuidora
0EUFVBPOLOPTCGG;43;36,13;SafetyPro Distribuidora
0EUFVBPOLOPTCPG;17;35,93;EquipSeg Industrial
0EUFVBPOLOPTCPM;14;36,01;EquipSeg Industrial
0EUFVBPOLOPTCPP;37;36,11;ProteMax Comercial
0EUFVBPOLOPTCPX;8;36,91;ProteMax Comercial
0EUFVBPOLOPTPFP;12;35,37;ProteMax Comercial
0EUFVBPOLOPTPGG;19;36,5;EquipSeg Industrial
0EUFVBPOLOPTPPG;9;36,14;EquipSeg Industrial
0EUFVBPOLOPTPPM;6;35,69;EquipSeg Industrial
0EUFVBPOLOPTPXG;5;36,94;EquipSeg Industrial
0EVEAMRASPCZAAM;18;29,1;EquipSeg Industrial
0EVEAMRASPCZARB;69;56,0;EquipSeg Industrial
0EVEBENR10CZCNR;16;113,46;EquipSeg Industrial
0EVEBENR10CZEXG;9;112,0;ProteMax Comercial
0EVEBENR10CZNR1;7;128,91;ProteMax Comercial
0EVEBENR10CZZGG;1;113,9;ProteMax Comercial
0EVEBENR10CZZZG;5;113,9;ProteMax Comercial
0EVEBENR10CZZZM;7;113,9;EquipSeg Industrial
0EVEBRCOLELACLF;8;18,38;SafetyPro Distribuidora
0EVEEPNR10CZEXG;23;124,0;EquipSeg Industrial
0EVEEPNR10CZZGG;1;121,0;SafetyPro Distribuidora
0EVEEPNR10CZZZG;6;126,5;ProteMax Comercial
0EVEEPNR10CZZZM;7;126,5;EquipSeg Industrial
0EVEEPR1BLAMZXG;23;10,2;ProteMax Comercial
0EVEHSBRIMAETAC;56;11,56;EquipSeg Industrial
0EVEHSBRIMAETAH;92;9,95;ProteMax Comercial
0EVELMPERNCZPAM;41;18,41;SafetyPro Distribuidora
0EVELMRASPCZARL;34;31,74;SafetyPro Distribuidora
0EVEMBAVCEPTATM;17;7,74;SafetyPro Distribuidora
0EVEMBAVPRBRAPM;33;6,9;EquipSeg Industrial
0EVEMBTREVAMCGG;2;25,08;SafetyPro Distribuidora
0EVEMBTREVAMCTM;92;28,73;EquipSeg Industrial
0EVEMBTREVAMCTX;14;26,3;SafetyPro Distribuidora
0EVEMBTREVAMXXG;21;32,9;SafetyPro Distribuidora
0EVEMBTREVAMZGG;113;27,9;EquipSeg Industrial
0EVEMBTREVAMZXG;56;28,9;EquipSeg Industrial
0EVEMBTREVAMZZG;203;25,9;SafetyPro Distribuidora
0EVESFR1BLAMZEG;157;10,99;EquipSeg Industrial
0EVESFR1BLAMZXG;82;17,29;SafetyPro Distribuidora
0EVESFR1BLAMZZG;162;11,91;EquipSeg Industrial
0EVESFR1BLAMZZM;22;10,83;ProteMax Comercial
0EVESFR1BLLRCEG;262;10,99;ProteMax Comercial
0EVESFR1BLLRCRG;83;12,51;ProteMax Comercial
0EVESFR1BLLRCRM;1;10,83;ProteMax Comercial
0EVESFR1BLLRCXG;17;17,88;ProteMax Comercial
0EVEVCSTLGBRXXG;529;9,54;SafetyPro Distribuidora
0EVEZZAVPRBRAPM;27;6,2;ProteMax Comercial
0EVEZZAVPRPTAPM;122;6,9;ProteMax Comercial
0EVEZZPERNCZPER;95;18,5;ProteMax Comercial
0EVEZZZZZZAMMLE;4;14,8;ProteMax Comercial
1CABTKFX04PTCAL;46;60,22;CimentoForte Distribuidora
1CABTKFX04PTVIC;39;60,22;ConstruBase Materiais
1CABTKFX05PTVIC;813;85,16;MixConcreto Insumos
1CABTKFX55CZVIC;65;95,81;MixConcreto Insumos
1CABTKRP03PTCAL;495;55,57;MixConcreto Insumos
1CABTKRP04PTCAL;21;62,14;ConstruBase Materiais
1CABTKRP04PTVIC;238;56,82;CimentoForte Distribuidora
1CABTKRP05PTVIC;800;83,96;ConstruBase Materiais
1CABTKRP25PTCAL;37;49,12;CimentoForte Distribuidora
1CABTKRP55CZVIC;115;85,59;MixConcreto Insumos
1CCPZZCAPAZZ003;79;17,37;MixConcreto Insumos
1CCPZZCAPAZZ004;23;23,06;ConstruBase Materiais
1CCPZZCAPAZZ005;6;37,18;ConstruBase Materiais
1CCPZZCAPAZZ025;2;16,22;CimentoForte Distribuidora
1CCVEP9055ZZ275;138;326,77;CimentoForte Distribuidora
1CCVZZ1503ZZ015;2;47,44;ConstruBase Materiais
1CCVZZ1503ZZ250;3;29,2;CimentoForte Distribuidora
1CCVZZ1504ZZ500;2;50,01;ConstruBase Materiais
1CCVZZ1505ZZ01K;5;72,44;CimentoForte Distribuidora
1CCVZZ1505ZZ250;13;50,59;ConstruBase Materiais
1CCVZZ1505ZZ500;11;65,64;ConstruBase Materiais
1CCVZZ3003ZZ250;3;65,97;ConstruBase Materiais
1CCVZZ3003ZZ500;3;78,04;CimentoForte Distribuidora
1CCVZZ3004ZZ500;3;84,39;CimentoForte Distribuidora
1CCVZZ3005ZZ01K;1;126,04;CimentoForte Distribuidora
1CCVZZ3005ZZ250;7;83,76;ConstruBase Materiais
1CCVZZ3005ZZ500;13;112,44;CimentoForte Distribuidora
1CCVZZ4503ZZ01K;23;122,08;CimentoForte Distribuidora
1CCVZZ4503ZZ250;8;54,33;ConstruBase Materiais
1CCVZZ4503ZZ500;2;101,17;MixConcreto Insumos
1CCVZZ4504ZZ01K;4;136,73;ConstruBase Materiais
1CCVZZ4504ZZ250;8;55,31;CimentoForte Distribuidora
1CCVZZ4504ZZ500;7;112,0;ConstruBase Materiais
1CCVZZ4505ZZ01K;10;173,29;MixConcreto Insumos
1CCVZZ4505ZZ250;3;98,36;ConstruBase Materiais
1CCVZZ4505ZZ500;29;151,24;CimentoForte Distribuidora
1CCVZZ5055ZZSCH;2;458,36;MixConcreto Insumos
1CCVZZ9003ZZ01K;15;227,34;CimentoForte Distribuidora
1CCVZZ9003ZZ250;48;91,83;MixConcreto Insumos
1CCVZZ9003ZZ500;35;185,51;MixConcreto Insumos
1CCVZZ9004ZZ01K;4;257,83;ConstruBase Materiais
1CCVZZ9004ZZ250;1;110,63;ConstruBase Materiais
1CCVZZ9004ZZ500;42;208,38;CimentoForte Distribuidora
1CCVZZ9005ZZ01K;28;324,86;ConstruBase Materiais
1CCVZZ9005ZZ250;34;196,72;ConstruBase Materiais
1CCVZZ9005ZZ500;21;283,64;MixConcreto Insumos
1CCVZZ9055CZ275;9;320,14;ConstruBase Materiais
1CCVZZ9055ZZZOO;11;587,67;MixConcreto Insumos
1CCVZZPROLZZ250;4;201,44;MixConcreto Insumos
1CCVZZPROLZZ275;9;740,39;MixConcreto Insumos
1CCVZZPROLZZ555;3;452,25;CimentoForte Distribuidora
1CMGAGTACOVH300;13;2446,88;CimentoForte Distribuidora
1CMGAGTACOZZ300;1;1775,11;CimentoForte Distribuidora
1CMGAGTACOZZ325;1;2262,86;MixConcreto Insumos
1CMGAGTACOZZ355;10;2032,07;CimentoForte Distribuidora
1CMGAGTACOZZ400;4;2538,62;CimentoForte Distribuidora
1CMGAGTACOZZ401;3;2281,66;ConstruBase Materiais
1CMGAGTACOZZ402;16;2538,62;CimentoForte Distribuidora
1CMGAGTACOZZ478;10;2522,84;CimentoForte Distribuidora
1CMGAGTACOZZ555;2;2538,62;MixConcreto Insumos
1CMGAGTACOZZ874;5;2419,51;MixConcreto Insumos
1CMGAL0412PTV68;3;2480,21;MixConcreto Insumos
1CMGEPTACOVH555;9;3045,16;MixConcreto Insumos
1CMGIGTACOVH500;2;3595,13;MixConcreto Insumos
1CMGIGTACOZZ400;2;2855,29;MixConcreto Insumos
1CMGPE0312PTC68;51;1645,3;CimentoForte Distribuidora
1CMGPE0412PTC68;22;2515,61;MixConcreto Insumos
1CMGPE0412PTV68;54;2412,28;MixConcreto Insumos
1CMGPE2512PTC68;20;999,14;ConstruBase Materiais
1CMGRF0312PTC68;814;1969,98;CimentoForte Distribuidora
1CMGRF0312PTZZ3;8;1969,98;CimentoForte Distribuidora
1CMGRF0412PTC68;3;2561,67;CimentoForte Distribuidora
1CMGRF0412PTV68;115;2646,93;MixConcreto Insumos
1CMGRF0412PTZZZ;3;2928,43;MixConcreto Insumos
1CMGRF0415PTV50;7;1128,38;MixConcreto Insumos
1CMGRF2503PT68M;3;1905,0;ConstruBase Materiais
1CMGRF2512PT068;2;2138,75;MixConcreto Insumos
1CMGRF2512PTC68;14;1632,83;ConstruBase Materiais
1CMGRFTACOZZ780;22;1737,55;CimentoForte Distribuidora
1CMPKNMPVCCZ555;0;1686,97;MixConcreto Insumos
1CMPKNMPVCCZ575;10;1688,45;ConstruBase Materiais
1CPBLILIEBZZ200;113;654,91;ConstruBase Materiais
1CPBLILIEBZZCIT;49;654,91;MixConcreto Insumos
1CPBLSLIEBZZPIN;31;719,06;CimentoForte Distribuidora
1CPDEPDN18ZZD18;3;950,89;CimentoForte Distribuidora
1CPDEPDN18ZZN18;3;393,62;CimentoForte Distribuidora
1CPDEPDN21ZZD21;36;321,18;ConstruBase Materiais
1CPGEPDN21ZZCHA;2;1084,6;ConstruBase Materiais
1CPGEPSPL2ZZCHA;3;954,9;ConstruBase Materiais
1CPGSIANELCZ180;1;167,94;ConstruBase Materiais
1CPGSIANELCZ210;16;199,26;CimentoForte Distribuidora
1CPTTFCALIZZ004;62;102,54;MixConcreto Insumos
1CPTTFPTCPZZ025;5;62,67;ConstruBase Materiais
1CPTTFPTCPZZC03;60;53,19;ConstruBase Materiais
1CPTTFPTCPZZV04;49;56,8;CimentoForte Distribuidora
1CPTTFVICTCZP5V;7;219,78;MixConcreto Insumos
1CPTTFVICTZZ055;4;218,3;MixConcreto Insumos
1CRDEP0325ZZ000;4;244,45;CimentoForte Distribuidora
1CRDEP0325ZZ050;11;92,15;CimentoForte Distribuidora
1CRDEP0403ZZ000;55;241,87;MixConcreto Insumos
1CRDEP0403ZZ060;10;220,94;ConstruBase Materiais
1CRDEP0403ZZ090;47;170,44;MixConcreto Insumos
1CRDEP0503ZZ000;50;410,77;CimentoForte Distribuidora
1CRDEP0503ZZ040;3;243,21;ConstruBase Materiais
1CRDEP0503ZZ090;73;209,83;ConstruBase Materiais
1CRDEP0504ZZ000;26;341,73;CimentoForte Distribuidora
1CRDEP0504ZZ060;6;281,6;CimentoForte Distribuidora
1CRDEP0504ZZ090;49;210,89;CimentoForte Distribuidora
1CRDEP0605ZZ040;5;405,42;MixConcreto Insumos
1CRDEP5503ZZ090;2;224,56;MixConcreto Insumos
1CRDEP5503ZZ133;21;414,38;ConstruBase Materiais
1CRDEP5504ZZ050;20;360,17;CimentoForte Distribuidora
1CRDEP5504ZZ060;64;105,72;ConstruBase Materiais
1CRDEP5504ZZ080;22;264,18;ConstruBase Materiais
1CRDEP5504ZZ090;12;225,62;ConstruBase Materiais
1CRDEP5505ZZ040;6;195,9;ConstruBase Materiais
1CRDEP5505ZZ050;31;109,5;CimentoForte Distribuidora
1CRDEP5505ZZ100;22;161,96;ConstruBase Materiais
1CSVEPFL05ZZPOL;44;85,75;CimentoForte Distribuidora
1CTBCH5575CZ252;2;839,22;CimentoForte Distribuidora
1CTBCH5575CZ280;2;918,38;MixConcreto Insumos
1CTBCH5575CZ288;2;966,48;CimentoForte Distribuidora
1CTBCH5575CZ885;4;302,91;MixConcreto Insumos
1CTBCH5575PR284;3;918,42;CimentoForte Distribuidora
1CTBEP0503CZ050;20;50,34;CimentoForte Distribuidora
1CTBEP0503CZ100;10;78,97;CimentoForte Distribuidora
1CTBEP0503CZ150;1;107,59;MixConcreto Insumos
1CTBEP0503CZ200;38;136,22;MixConcreto Insumos
1CTBEP0503CZ250;7;164,84;ConstruBase Materiais
1CTBEP0503CZ300;845;193,47;MixConcreto Insumos
1CTBEP3265CZ050;8;38,66;MixConcreto Insumos
1CTBEP3265CZ100;23;60,5;MixConcreto Insumos
1CTBEP3265CZ150;5;82,33;MixConcreto Insumos
1CTBEP3265CZ200;8;104,17;ConstruBase Materiais
1CTBEP3265CZ300;1016;147,84;MixConcreto Insumos
1CTBEP4265CZ100;8;74,54;CimentoForte Distribuidora
1CTBEP4265CZ200;7;133,46;CimentoForte Distribuidora
1CTBEP4265ZZ300;112;192,38;MixConcreto Insumos
1CTBEP5265ZZ050;12;46,52;MixConcreto Insumos
1CTBEP5265ZZ100;18;77,09;CimentoForte Distribuidora
1CTBEP5265ZZ150;7;101,9;CimentoForte Distribuidora
1CTBEP5265ZZ200;5;132,46;ConstruBase Materiais
1CTBEP5265ZZ300;336;187,83;CimentoForte Distribuidora
1CTBEP5504ZZ031;1;145,83;CimentoForte Distribuidora
1CTBEP5504ZZ034;7;151,72;MixConcreto Insumos
1CTBEP5504ZZ044;11;133,42;CimentoForte Distribuidora
1CTBEP5504ZZ165;6;69,51;ConstruBase Materiais
1CTBEP5504ZZ261;2;843,19;CimentoForte Distribuidora
1CTBEP5504ZZ271;1;660,91;MixConcreto Insumos
1CTBEP5504ZZ300;25;728,3;MixConcreto Insumos
1CTBEP5504ZZ340;3;821,25;CimentoForte Distribuidora
1CTBEP5504ZZ350;2;844,48;MixConcreto Insumos
1CTBEP5504ZZ745;4;275,19;ConstruBase Materiais
1CTBEP5504ZZ925;13;332,25;ConstruBase Materiais
1CTBEP5547ZZ065;6;271,14;CimentoForte Distribuidora
1CTBEP5575ZZ020;16;48,59;CimentoForte Distribuidora
1CTBEP5575ZZ028;3;61,79;CimentoForte Distribuidora
1CTBEP5575ZZ030;0;65,09;MixConcreto Insumos
1CTBEP5575ZZ031;4;66,74;ConstruBase Materiais
1CTBEP5575ZZ032;3;68,39;ConstruBase Materiais
1CTBEP5575ZZ034;4;71,69;MixConcreto Insumos
1CTBEP5575ZZ035;5;73,34;ConstruBase Materiais
1CTBEP5575ZZ040;3;81,59;CimentoForte Distribuidora
1CTBEP5575ZZ042;7;84,89;CimentoForte Distribuidora
1CTBEP5575ZZ043;2;86,54;CimentoForte Distribuidora
1CTBEP5575ZZ044;14;88,19;ConstruBase Materiais
1CTBEP5575ZZ052;2;101,39;CimentoForte Distribuidora
1CTBEP5575ZZ065;2;122,84;MixConcreto Insumos
1CTBEP5575ZZ074;1;138,51;MixConcreto Insumos
1CTBEP5575ZZ075;2;139,34;ConstruBase Materiais
1CTBEP5575ZZ080;8;147,59;MixConcreto Insumos
1CTBEP5575ZZ085;1;155,84;MixConcreto Insumos
1CTBEP5575ZZ088;0;160,79;ConstruBase Materiais
1CTBEP5575ZZ092;4;167,39;CimentoForte Distribuidora
1CTBEP5575ZZ100;8;180,59;CimentoForte Distribuidora
1CTBEP5575ZZ110;2;197,09;CimentoForte Distribuidora
1CTBEP5575ZZ120;2;409,12;ConstruBase Materiais
1CTBEP5575ZZ122;4;216,89;MixConcreto Insumos
1CTBEP5575ZZ123;2;218,54;CimentoForte Distribuidora
1CTBEP5575ZZ144;0;479,25;CimentoForte Distribuidora
1CTBEP5575ZZ150;2;263,09;ConstruBase Materiais
1CTBEP5575ZZ165;3;161,54;CimentoForte Distribuidora
1CTBEP5575ZZ178;3;309,29;ConstruBase Materiais
1CTBEP5575ZZ180;0;312,59;MixConcreto Insumos
1CTBEP5575ZZ190;3;329,09;ConstruBase Materiais
1CTBEP5575ZZ192;2;332,39;ConstruBase Materiais
1CTBEP5575ZZ200;4;345,59;ConstruBase Materiais
1CTBEP5575ZZ217;7;373,64;ConstruBase Materiais
1CTBEP5575ZZ230;1;395,09;MixConcreto Insumos
1CTBEP5575ZZ252;0;431,39;MixConcreto Insumos
1CTBEP5575ZZ260;5;444,59;CimentoForte Distribuidora
1CTBEP5575ZZ261;5;446,24;MixConcreto Insumos
1CTBEP5575ZZ271;5;462,74;MixConcreto Insumos
1CTBEP5575ZZ280;2;477,59;CimentoForte Distribuidora
1CTBEP5575ZZ284;1;485,01;MixConcreto Insumos
1CTBEP5575ZZ288;2;490,79;ConstruBase Materiais
1CTBEP5575ZZ291;2;495,74;ConstruBase Materiais
1CTBEP5575ZZ300;112;510,59;CimentoForte Distribuidora
1CTBEP5575ZZ535;7;103,86;CimentoForte Distribuidora
1CTBEP5575ZZ586;1;44,6;CimentoForte Distribuidora
1CTBEP5575ZZ765;2;141,81;ConstruBase Materiais
1CTBEP5575ZZ845;5;485,01;MixConcreto Insumos
1CTBEPTB55ZZ040;2;198,51;ConstruBase Materiais
1CTBMG0526CZ300;113;347,59;CimentoForte Distribuidora
1CTBMG0537CZ100;18;109,93;MixConcreto Insumos
1CTBMG0537CZ200;1;183,7;MixConcreto Insumos
1CTBMG0537CZ300;79;266,13;ConstruBase Materiais
1CTBTFFL03ZZ3CF;3;25,25;CimentoForte Distribuidora
1CTBTFFL03ZZ3CR;37;20,71;ConstruBase Materiais
1CTBTFFL04ZZVIR;9;43,19;MixConcreto Insumos
1CTBTFFL05ZZVIC;53;27,85;ConstruBase Materiais
1CTBTFFL05ZZVIR;23;23,48;ConstruBase Materiais
1CTBTFFL55ZZVIC;53;21,95;CimentoForte Distribuidora
1CTBZZ0503CZ300;179;365,66;CimentoForte Distribuidora
1CTBZZ4265CZ300;255;285,69;MixConcreto Insumos
1EPRVBRESPCZVBR;38;4,04;SafetyPro Distribuidora
1EUFAGCSMLBRZZM;6;68,1;SafetyPro Distribuidora
1EUFBMCMLCCZBIG;22;39,03;SafetyPro Distribuidora
1EUFBUCSMCBRFEG;3;64,8;ProteMax Comercial
1EUFBUCSMCBRFGG;4;64,8;ProteMax Comercial
1EUFBUCSMCBRFPP;5;64,8;EquipSeg Industrial
1EUFBUCSMCBRFXG;5;64,8;EquipSeg Industrial
1EUFBUCSMCBRFZG;2;64,8;EquipSeg Industrial
1EUFBUCSMCBRFZM;17;64,8;SafetyPro Distribuidora
1EUFBUCSMCBRFZP;13;64,8;SafetyPro Distribuidora
1EUFBUCSMCBRMEG;22;66,45;EquipSeg Industrial
1EUFBUCSMCBRMGG;13;66,45;SafetyPro Distribuidora
1EUFBUCSMCBRMPP;14;69,01;EquipSeg Industrial
1EUFBUCSMCBRMXG;1;66,45;ProteMax Comercial
1EUFBUCSMCBRMZG;113;66,45;EquipSeg Industrial
1EUFBUCSMCBRMZM;111;66,45;ProteMax Comercial
1EUFBUCSMCBRMZP;7;66,45;SafetyPro Distribuidora
1EUFBUCSMLBRFEG;2;66,45;EquipSeg Industrial
1EUFBUCSMLBRFGG;3;66,45;SafetyPro Distribuidora
1EUFBUCSMLBRFPP;5;66,45;ProteMax Comercial
1EUFBUCSMLBRFXG;7;66,45;ProteMax Comercial
1EUFBUCSMLBRFZG;6;66,45;ProteMax Comercial
1EUFBUCSMLBRFZM;6;66,45;SafetyPro Distribuidora
1EUFBUCSMLBRFZP;10;66,45;SafetyPro Distribuidora
1EUFBUCSMLBRMEG;0;68,1;SafetyPro Distribuidora
1EUFBUCSMLBRMGG;19;68,1;SafetyPro Distribuidora
1EUFBUCSMLBRMPP;6;65,29;ProteMax Comercial
1EUFBUCSMLBRMXG;1;68,1;ProteMax Comercial
1EUFBUCSMLBRMZG;27;68,1;EquipSeg Industrial
1EUFBUCSMLBRMZM;73;68,1;EquipSeg Industrial
1EUFBUCSMLBRMZP;52;68,1;SafetyPro Distribuidora
1EUFEPCMLCCZZZZ;1;54,54;ProteMax Comercial
1EUFVBCBCRCZBIG;65;40,73;ProteMax Comercial
1EUFVBCBCRCZCBG;19;43,7;ProteMax Comercial
1EUFVBCBCRCZZEG;27;40,73;EquipSeg Industrial
1EUFVBCBCRCZZGG;209;40,73;CimentoForte Distribuidora
1EUFVBCBCRCZZXG;42;40,73;ProteMax Comercial
1EUFVBCBCRCZZZG;568;40,33;ProteMax Comercial
1EUFVBCBCRCZZZM;595;40,33;ProteMax Comercial
1EUFVBCBCRCZZZP;250;40,33;EquipSeg Industrial
1EUFVBCBCRCZZZZ;1;43,33;ProteMax Comercial
1EUFVBCBSRAZZZG;43;40,2;ProteMax Comercial
1EUFVBCBSRCZBIG;3;37,83;SafetyPro Distribuidora
1EUFVBCBSRCZMGG;9;38,43;SafetyPro Distribuidora
1EUFVBCBSRCZZCG;3;38,43;EquipSeg Industrial
1EUFVBCBSRCZZEG;30;37,83;ProteMax Comercial
1EUFVBCBSRCZZGG;185;37,83;ProteMax Comercial
1EUFVBCBSRCZZXG;49;35,83;SafetyPro Distribuidora
1EUFVBCBSRCZZZG;357;37,83;EquipSeg Industrial
1EUFVBCBSRCZZZM;172;37,83;SafetyPro Distribuidora
1EUFVBCBSRCZZZP;89;35,83;SafetyPro Distribuidora
1EUFVBCMCCCZBIG;17;34,13;SafetyPro Distribuidora
1EUFVBCMCCCZZEG;29;34,63;SafetyPro Distribuidora
1EUFVBCMCCCZZGG;20;34,63;ProteMax Comercial
1EUFVBCMCCCZZXG;32;34,63;ProteMax Comercial
1EUFVBCMCCCZZZG;26;36,83;SafetyPro Distribuidora
1EUFVBCMCCCZZZM;173;36,83;EquipSeg Industrial
1EUFVBCMCCCZZZP;66;34,63;EquipSeg Industrial
1EUFVBCMCSCZBIG;15;30,13;EquipSeg Industrial
1EUFVBCMCSCZZEG;18;30,13;EquipSeg Industrial
1EUFVBCMCSCZZGG;85;30,13;SafetyPro Distribuidora
1EUFVBCMCSCZZXG;26;30,13;ProteMax Comercial
1EUFVBCMCSCZZZG;174;30,13;EquipSeg Industrial
1EUFVBCMCSCZZZM;23;30,13;SafetyPro Distribuidora
1EUFVBCMCSCZZZP;147;30,13;EquipSeg Industrial
1EUFVBCMLCCZBGG;82;39,03;EquipSeg Industrial
1EUFVBCMLCCZBIG;31;35,63;SafetyPro Distribuidora
1EUFVBCMLCCZBXG;16;34,13;ProteMax Comercial
1EUFVBCMLCCZCLG;6;44,14;ProteMax Comercial
1EUFVBCMLCCZELG;89;42,38;SafetyPro Distribuidora
1EUFVBCMLCCZELM;12;41,88;ProteMax Comercial
1EUFVBCMLCCZELP;2;42,14;SafetyPro Distribuidora
1EUFVBCMLCCZSGG;3;34,13;SafetyPro Distribuidora
1EUFVBCMLCCZSLG;185;34,13;SafetyPro Distribuidora
1EUFVBCMLCCZSLM;31;34,13;ProteMax Comercial
1EUFVBCMLCCZSLP;23;34,13;SafetyPro Distribuidora
1EUFVBCMLCCZSXG;15;34,13;EquipSeg Industrial
1EUFVBCMLCCZZAG;409;39,03;ProteMax Comercial
1EUFVBCMLCCZZAM;75;39,03;ProteMax Comercial
1EUFVBCMLCCZZAP;33;35,83;ProteMax Comercial
1EUFVBCMLCCZZEG;17;34,13;ProteMax Comercial
1EUFVBCMLCCZZGG;396;36,63;EquipSeg Industrial
1EUFVBCMLCCZZXG;37;34,63;ProteMax Comercial
1EUFVBCMLCCZZZG;366;36,63;ProteMax Comercial
1EUFVBCMLCCZZZM;338;36,63;SafetyPro Distribuidora
1EUFVBCMLCCZZZP;353;36,63;ProteMax Comercial
1EUFVBCMLSAZZZG;3;39,31;EquipSeg Industrial
1EUFVBCMLSCZBIG;13;34,73;EquipSeg Industrial
1EUFVBCMLSCZZEG;14;34,73;EquipSeg Industrial
1EUFVBCMLSCZZGG;81;35,03;EquipSeg Industrial
1EUFVBCMLSCZZXG;3;34,73;ProteMax Comercial
1EUFVBCMLSCZZZG;149;35,03;ProteMax Comercial
1EUFVBCMLSCZZZM;149;35,03;EquipSeg Industrial
1EUFVBCMLSCZZZP;57;34,73;EquipSeg Industrial
1EUFZZCMCCCZZZG;14;38,21;ProteMax Comercial
8CMGCD0303AMZHD;1;337,57;CimentoForte Distribuidora
8CMGIB0415PTCDC;60;271,57;ConstruBase Materiais
8CMGIB4515ZZ150;3;234,3;CimentoForte Distribuidora
8CMGPE0312PTZZZ;239;1227,69;CimentoForte Distribuidora
8CMGPE0412PTZZZ;84;1965,45;ConstruBase Materiais
8CMGRF0312PTZZZ;385;216,61;ConstruBase Materiais
8CMGRF0412PTZZZ;62;357,83;MixConcreto Insumos
8CTBCH5547CZZZZ;25;899,16;MixConcreto Insumos
SCSVZZPONTZZ003;6;163,8;ConstruBase Materiais
SCSVZZPONTZZ004;10;214,72;ConstruBase Materiais
SCSVZZPONTZZ005;6;427,97;MixConcreto Insumos
SCSVZZPONTZZ025;3;121,88;CimentoForte Distribuidora
SCSVZZPONTZZC04;23;213,41;ConstruBase Materiais
SCTBEP0503ZZCON;615;93,0;MixConcreto Insumos
SCTBEP0503ZZZPX;124;91,08;CimentoForte Distribuidora
